temp_norm,humidity_norm,rain_norm,wind_norm,is_day,is_hot,is_humid,is_rainy,is_cloudy,is_stormy,personality_calm,personality_weird,personality_warm,personality_lonely,label,label_name,sample_type,scenario,contrast_group,personality_profile
0.291139,0.060692,0.019606,0.549139,0.0,0.0,0.0,0.0,0.0,0.0,0.387357,0.600656,0.30613,0.295022,3,lonely,random,,,
0.510194,0.298555,0.961094,0.051211,1.0,0.0,0.0,1.0,1.0,0.0,0.817606,0.149269,0.476924,0.4266,0,quiet,random,,,
0.464595,0.577313,0.452865,0.184141,1.0,0.0,0.0,1.0,1.0,0.0,0.690903,0.241037,0.419427,0.704086,0,quiet,random,,,
0.909929,0.276027,0.085367,0.049477,1.0,1.0,0.0,0.0,1.0,0.0,0.562762,0.77065,0.196722,0.320016,1,warm,random,,,
0.425916,0.814611,0.084313,0.129347,0,0,1,0,1,0,0.215872,0.188467,0.896513,0.196628,3,lonely,controlled_contrast,humid_night,humid_night_062,warm_high
0.891196,0.7096,0.627439,0.660341,1.0,1.0,0.0,1.0,1.0,0.0,0.394452,0.271537,0.304706,0.060751,1,warm,random,,,
0.367001,0.332581,0.188365,0.815958,0.0,0.0,0.0,0.0,1.0,0.0,0.504208,0.925055,0.367899,0.08074,2,strange,random,,,
0.761137,0.154456,0.173312,0.045477,1.0,1.0,0.0,0.0,1.0,0.0,0.717649,0.552679,0.506733,0.114767,1,warm,random,,,
0.116121,0.993484,0.817851,0.482126,1.0,0.0,1.0,1.0,1.0,1.0,0.244643,0.886868,0.496371,0.442114,2,strange,random,,,
0.42942,0.817027,0.39997,0.222757,0,0,1,1,1,0,0.180318,0.902486,0.223635,0.188978,3,lonely,controlled_contrast,rainy_room,rainy_room_057,weird_high
0.527631,0.903183,0.936523,0.766614,1.0,0.0,1.0,1.0,1.0,1.0,0.46235,0.517257,0.203297,0.092362,2,strange,random,,,
0.260999,0.729302,0.884145,0.614286,1.0,0.0,0.0,1.0,1.0,1.0,0.107163,0.626193,0.265591,0.491207,2,strange,random,,,
0.432216,0.786528,0.722484,0.68929,0,0,1,1,1,1,0.207199,0.912767,0.200199,0.213721,2,strange,controlled_contrast,stormy_weather,stormy_weather_018,weird_high
0.313401,0.470963,0.723915,0.844752,0.0,0.0,0.0,1.0,1.0,1.0,0.695931,0.676926,0.593307,0.25695,2,strange,random,,,
0.292655,0.998114,0.11932,0.56096,1.0,0.0,1.0,0.0,1.0,0.0,0.335821,0.414075,0.497051,0.539947,1,warm,random,,,
0.008105,0.639652,0.001649,0.650575,0.0,0.0,0.0,0.0,0.0,0.0,0.60685,0.930711,0.530195,0.119268,2,strange,random,,,
0.709123,0.19781,0.0,0.162289,1,0,0,0,0,0,0.215139,0.204723,0.902517,0.191775,1,warm,controlled_contrast,clear_day,clear_day_051,warm_high
0.46808,0.819583,0.087767,0.134872,0,0,1,0,1,0,0.186615,0.190087,0.202359,0.902424,3,lonely,controlled_contrast,humid_night,humid_night_036,lonely_high
0.509008,0.259376,0.055282,0.184816,1,0,0,0,0,0,0.205197,0.897014,0.207416,0.211291,2,strange,controlled_contrast,neutral_weather,neutral_weather_053,weird_high
0.724843,0.225954,0.028661,0.127734,1,0,0,0,0,0,0.179055,0.890101,0.190688,0.177007,2,strange,controlled_contrast,clear_day,clear_day_027,weird_high
0.632318,0.287109,0.389769,0.101144,0.0,0.0,0.0,1.0,1.0,0.0,0.932165,0.525469,0.229949,0.459271,0,quiet,random,,,
0.718291,0.857757,0.768851,0.021049,1.0,0.0,1.0,1.0,1.0,0.0,0.290173,0.757561,0.076593,0.445954,0,quiet,random,,,
0.4421,0.781513,0.466002,0.148312,0,0,1,1,1,0,0.169065,0.201807,0.894312,0.196705,3,lonely,controlled_contrast,rainy_room,rainy_room_033,warm_high
0.774286,0.758539,0.688528,0.163889,1.0,1.0,1.0,1.0,1.0,0.0,0.22382,0.675638,0.177501,0.682509,0,quiet,random,,,
0.25895,0.36406,0.700066,0.467163,1.0,0.0,0.0,1.0,1.0,1.0,0.191987,0.588243,0.338085,0.146031,2,strange,random,,,
0.71495,0.976674,0.897025,0.241049,1.0,0.0,1.0,1.0,1.0,0.0,0.476438,0.745358,0.177199,0.274218,0,quiet,random,,,
0.4421,0.781513,0.466002,0.148312,0,0,1,1,1,0,0.18546,0.202031,0.184302,0.901017,3,lonely,controlled_contrast,rainy_room,rainy_room_033,lonely_high
0.133436,0.356307,0.050315,0.505683,0.0,0.0,0.0,0.0,0.0,0.0,0.491532,0.783111,0.109826,0.614581,3,lonely,random,,,
0.522986,0.529271,0.30465,0.728363,1.0,0.0,0.0,1.0,1.0,0.0,0.179856,0.475992,0.56157,0.139707,1,warm,random,,,
0.707552,0.053688,0.022516,0.23667,0.0,0.0,0.0,0.0,0.0,0.0,0.387458,0.826566,0.364179,0.363024,2,strange,random,,,
0.414576,0.56281,0.817471,0.000737,1.0,0.0,0.0,1.0,1.0,0.0,0.487652,0.248188,0.084486,0.417109,0,quiet,random,,,
0.839791,0.885575,0.350489,0.069117,1.0,1.0,1.0,1.0,1.0,0.0,0.652093,0.632769,0.509121,0.937064,0,quiet,random,,,
0.784476,0.263571,0.418469,0.166146,0.0,1.0,0.0,1.0,1.0,0.0,0.273319,0.676826,0.821244,0.13686,1,warm,random,,,
0.349998,0.762942,0.199669,0.100273,0.0,0.0,1.0,0.0,1.0,0.0,0.239978,0.295998,0.274071,0.565499,3,lonely,random,,,
0.861126,0.361732,0.755043,0.664076,1.0,1.0,0.0,1.0,1.0,1.0,0.26023,0.305462,0.205384,0.738158,2,strange,random,,,
0.672686,0.795273,0.035902,0.982133,1.0,0.0,1.0,0.0,1.0,0.0,0.704195,0.263335,0.227327,0.150591,0,quiet,random,,,
0.828749,0.903937,0.044284,0.736414,0.0,1.0,1.0,0.0,1.0,0.0,0.603334,0.722431,0.410126,0.679025,3,lonely,random,,,
0.48791,0.828642,0.0594,0.096731,0,0,1,0,1,0,0.222203,0.894727,0.204744,0.180095,3,lonely,controlled_contrast,humid_night,humid_night_060,weird_high
0.518646,0.24433,0.059233,0.204622,1,0,0,0,0,0,0.198899,0.190475,0.877276,0.210136,1,warm,controlled_contrast,neutral_weather,neutral_weather_012,warm_high
0.231106,0.239981,0.001116,0.219694,1.0,0.0,0.0,0.0,0.0,0.0,0.519,0.757589,0.097928,0.259814,2,strange,random,,,
0.734043,0.875861,0.446275,0.447881,0.0,0.0,1.0,1.0,1.0,0.0,0.958079,0.164392,0.088047,0.089434,0,quiet,random,,,
0.012391,0.820255,0.517366,0.753872,1.0,0.0,1.0,1.0,1.0,0.0,0.799332,0.260051,0.283677,0.634415,0,quiet,random,,,
0.749741,0.249,0.028631,0.163618,1,0,0,0,0,0,0.208606,0.198723,0.215449,0.908432,3,lonely,controlled_contrast,clear_day,clear_day_000,lonely_high
0.257669,0.239031,0.236523,0.253053,0.0,0.0,0.0,1.0,1.0,0.0,0.126125,0.132384,0.636543,0.474027,3,lonely,random,,,
0.431151,0.396614,0.145837,0.785887,1.0,0.0,0.0,0.0,1.0,0.0,0.620628,0.172651,0.717731,0.562188,1,warm,random,,,
0.073578,0.387251,0.051933,0.160586,1.0,0.0,0.0,0.0,0.0,0.0,0.836285,0.265536,0.058456,0.421971,0,quiet,random,,,
0.467304,0.787746,0.737913,0.737994,0,0,1,1,1,1,0.920669,0.194131,0.19343,0.194906,0,quiet,controlled_contrast,stormy_weather,stormy_weather_013,calm_high
0.252183,0.107245,0.357797,0.604355,0.0,0.0,0.0,1.0,1.0,0.0,0.746946,0.591088,0.862513,0.256188,0,quiet,random,,,
0.222745,0.025488,0.282476,0.816938,1.0,0.0,0.0,1.0,1.0,0.0,0.754058,0.374643,0.399197,0.671822,0,quiet,random,,,
0.007626,0.409991,0.914376,0.774715,1.0,0.0,0.0,1.0,1.0,1.0,0.143117,0.155961,0.997782,0.274764,1,warm,random,,,
0.715088,0.220268,0.0,0.171592,1,0,0,0,0,0,0.206119,0.191474,0.916546,0.173604,1,warm,controlled_contrast,clear_day,clear_day_031,warm_high
0.186329,0.164986,0.357672,0.145389,1.0,0.0,0.0,1.0,1.0,0.0,0.348856,0.448458,0.810199,0.459374,1,warm,random,,,
0.843126,0.434066,0.657515,0.794716,0.0,1.0,0.0,1.0,1.0,1.0,0.270864,0.286966,0.351517,0.667801,3,lonely,random,,,
0.441294,0.626148,0.742633,0.680849,1.0,0.0,0.0,1.0,1.0,1.0,0.742796,0.589638,0.404944,0.655777,2,strange,random,,,
0.53047,0.44016,0.242833,0.347161,1.0,0.0,0.0,1.0,1.0,0.0,0.498273,0.090587,0.466897,0.250723,0,quiet,random,,,
0.490378,0.281281,0.054686,0.213294,1,0,0,0,0,0,0.212745,0.183496,0.906492,0.219566,1,warm,controlled_contrast,neutral_weather,neutral_weather_000,warm_high
0.621936,0.421785,0.379667,0.603872,1.0,0.0,0.0,1.0,1.0,0.0,0.754736,0.172943,0.591731,0.180303,0,quiet,random,,,
0.435629,0.934921,0.393523,0.126413,0.0,0.0,1.0,1.0,1.0,0.0,0.757637,0.588305,0.460915,0.458411,0,quiet,random,,,
0.236225,0.111106,0.596525,0.099406,1.0,0.0,0.0,1.0,1.0,0.0,0.666335,0.87077,0.414717,0.20555,0,quiet,random,,,
0.640475,0.766503,0.05496,0.376956,0.0,0.0,1.0,0.0,1.0,0.0,0.486847,0.319162,0.25578,0.710597,3,lonely,random,,,
0.176308,0.075664,0.589586,0.850866,0.0,0.0,0.0,1.0,1.0,0.0,0.145394,0.074822,0.313611,0.344343,3,lonely,random,,,
0.767701,0.194042,0.101037,0.562504,1.0,1.0,0.0,0.0,1.0,0.0,0.62533,0.458098,0.535461,0.25369,1,warm,random,,,
0.274273,0.705332,0.891394,0.464058,1.0,0.0,0.0,1.0,1.0,1.0,0.27774,0.262746,0.658886,0.279101,2,strange,random,,,
0.251912,0.964802,0.492139,0.737563,1.0,0.0,1.0,1.0,1.0,0.0,0.239921,0.72089,0.623089,0.400763,0,quiet,random,,,
0.975841,0.899999,0.758941,0.748276,1.0,1.0,1.0,1.0,1.0,1.0,0.59636,0.743683,0.593242,0.628196,2,strange,random,,,
0.834482,0.332595,0.706219,0.414184,0.0,1.0,0.0,1.0,1.0,0.0,0.579936,0.051207,0.623212,0.331133,3,lonely,random,,,
0.671457,0.673657,0.87531,0.571191,1.0,0.0,0.0,1.0,1.0,1.0,0.423087,0.43296,0.406997,0.665746,2,strange,random,,,
0.039034,0.478854,0.000209,0.592845,1.0,0.0,0.0,0.0,0.0,0.0,0.142986,0.525348,0.700874,0.105911,1,warm,random,,,
0.427381,0.453736,0.198009,0.145145,1.0,0.0,0.0,0.0,1.0,0.0,0.673126,0.369041,0.189637,0.155949,0,quiet,random,,,
0.901481,0.829946,0.806298,0.567293,1.0,1.0,1.0,1.0,1.0,1.0,0.53297,0.363711,0.626389,0.483573,0,quiet,random,,,
0.56159,0.448128,0.002003,0.889623,0.0,0.0,0.0,0.0,0.0,0.0,0.479836,0.801805,0.307956,0.68115,3,lonely,random,,,
0.415635,0.793366,0.435218,0.178557,0,0,1,1,1,0,0.185105,0.891779,0.21771,0.193892,3,lonely,controlled_contrast,rainy_room,rainy_room_048,weird_high
0.487949,0.226467,0.042621,0.224404,1,0,0,0,0,0,0.191016,0.213356,0.211417,0.898972,3,lonely,controlled_contrast,neutral_weather,neutral_weather_071,lonely_high
0.295357,0.895947,0.131283,0.12301,0.0,0.0,1.0,0.0,1.0,0.0,0.793543,0.205111,0.214392,0.582929,3,lonely,random,,,
0.909048,0.540375,0.269449,0.063019,1.0,1.0,0.0,1.0,1.0,0.0,0.815286,0.267231,0.054693,0.634749,0,quiet,random,,,
0.134504,0.977583,0.087503,0.299591,1.0,0.0,1.0,0.0,1.0,0.0,0.656762,0.296714,0.198909,0.617861,3,lonely,random,,,
0.457003,0.771335,0.721485,0.705015,0,0,1,1,1,1,0.894084,0.208769,0.183694,0.191256,0,quiet,controlled_contrast,stormy_weather,stormy_weather_053,calm_high
0.227105,0.49883,0.243173,0.004854,1.0,0.0,0.0,1.0,1.0,0.0,0.579848,0.613546,0.538941,0.451146,0,quiet,random,,,
0.677016,0.749202,0.813919,0.68691,0.0,0.0,0.0,1.0,1.0,1.0,0.682497,0.323386,0.501867,0.094809,2,strange,random,,,
0.948923,0.195911,0.859462,0.771226,1.0,1.0,0.0,1.0,1.0,1.0,0.087516,0.901785,0.331102,0.669349,2,strange,random,,,
0.209722,0.285095,0.645194,0.965285,1.0,0.0,0.0,1.0,1.0,0.0,0.250904,0.415833,0.362274,0.92858,3,lonely,random,,,
0.140845,0.22369,0.094982,0.630157,0.0,0.0,0.0,0.0,1.0,0.0,0.493915,0.530692,0.672346,0.475348,3,lonely,random,,,
0.229266,0.94242,0.660047,0.769491,1.0,0.0,1.0,1.0,1.0,1.0,0.176515,0.68822,0.529103,0.736053,2,strange,random,,,
0.665202,0.58269,0.336523,0.633544,0.0,0.0,0.0,1.0,1.0,0.0,0.565058,0.970084,0.138835,0.286975,3,lonely,random,,,
0.051315,0.280634,0.692539,0.781022,1.0,0.0,0.0,1.0,1.0,1.0,0.462688,0.740323,0.657115,0.884201,2,strange,random,,,
0.461911,0.644077,0.374936,0.037818,1.0,0.0,0.0,1.0,1.0,0.0,0.318086,0.151007,0.194742,0.921401,3,lonely,random,,,
0.435787,0.864616,0.105278,0.112967,0,0,1,0,1,0,0.898242,0.211633,0.200055,0.215505,0,quiet,controlled_contrast,humid_night,humid_night_056,calm_high
0.384143,0.412613,0.969026,0.708921,1.0,0.0,0.0,1.0,1.0,1.0,0.403302,0.828971,0.658174,0.72056,2,strange,random,,,
0.457032,0.81383,0.036315,0.116141,0,0,1,0,1,0,0.211739,0.217945,0.911272,0.197656,3,lonely,controlled_contrast,humid_night,humid_night_075,warm_high
0.322606,0.503361,0.947295,0.985064,1.0,0.0,0.0,1.0,1.0,1.0,0.220052,0.488316,0.617226,0.860633,2,strange,random,,,
0.096392,0.751184,0.006651,0.447064,1.0,0.0,1.0,0.0,0.0,0.0,0.529738,0.174341,0.066087,0.710617,0,quiet,random,,,
0.677712,0.223269,0.268489,0.043436,1.0,0.0,0.0,1.0,1.0,0.0,0.166677,0.772675,0.579549,0.47838,1,warm,random,,,
0.45253,0.820146,0.353905,0.099117,1.0,0.0,1.0,1.0,1.0,0.0,0.393557,0.810506,0.323475,0.514868,0,quiet,random,,,
0.270344,0.014603,0.046458,0.632665,1.0,0.0,0.0,0.0,0.0,0.0,0.656847,0.666444,0.610739,0.875164,1,warm,random,,,
0.539543,0.313632,0.003622,0.67643,1.0,0.0,0.0,0.0,0.0,0.0,0.728984,0.275246,0.143082,0.598551,1,warm,random,,,
0.480016,0.800876,0.467581,0.196078,0,0,1,1,1,0,0.189896,0.195502,0.923279,0.197355,3,lonely,controlled_contrast,rainy_room,rainy_room_024,warm_high
0.730549,0.81731,0.018007,0.556039,1.0,0.0,1.0,0.0,0.0,0.0,0.44814,0.525426,0.333941,0.46726,1,warm,random,,,
0.724441,0.289421,0.0,0.143672,1,0,0,0,0,0,0.22363,0.90263,0.178651,0.207173,2,strange,controlled_contrast,clear_day,clear_day_069,weird_high
0.718276,0.895589,0.288576,0.220603,1.0,0.0,1.0,1.0,1.0,0.0,0.106581,0.374832,0.382187,0.365418,0,quiet,random,,,
0.370599,0.86119,0.527607,0.126629,1.0,0.0,1.0,1.0,1.0,0.0,0.945757,0.394196,0.083838,0.341966,0,quiet,random,,,
0.528912,0.273113,0.057438,0.15931,1,0,0,0,0,0,0.216996,0.902876,0.191449,0.199761,2,strange,controlled_contrast,neutral_weather,neutral_weather_008,weird_high
0.428452,0.587313,0.000241,0.910332,1.0,0.0,0.0,0.0,0.0,0.0,0.305569,0.152193,0.6599,0.950197,1,warm,random,,,
0.748983,0.152535,0.328397,0.454042,1.0,0.0,0.0,1.0,1.0,0.0,0.487861,0.388219,0.156716,0.713254,0,quiet,random,,,
0.487139,0.265078,0.036201,0.172238,1,0,0,0,0,0,0.193367,0.201522,0.892731,0.210354,1,warm,controlled_contrast,neutral_weather,neutral_weather_013,warm_high
0.278343,0.830838,0.481876,0.550149,0.0,0.0,1.0,1.0,1.0,0.0,0.186839,0.077391,0.318848,0.74301,3,lonely,random,,,
0.178385,0.659542,0.296526,0.990401,1.0,0.0,0.0,1.0,1.0,0.0,0.245271,0.539498,0.84888,0.319788,1,warm,random,,,
0.559774,0.368686,0.000582,0.301435,0.0,0.0,0.0,0.0,0.0,0.0,0.088748,0.277498,0.695121,0.101363,1,warm,random,,,
0.278827,0.936058,0.661394,0.229046,1.0,0.0,1.0,1.0,1.0,0.0,0.807596,0.298533,0.749957,0.515482,0,quiet,random,,,
0.827521,0.166838,0.712649,0.053842,0.0,1.0,0.0,1.0,1.0,0.0,0.300745,0.386902,0.293391,0.362062,3,lonely,random,,,
0.986026,0.768058,0.273618,0.496258,1.0,1.0,1.0,1.0,1.0,0.0,0.872475,0.46671,0.280104,0.259567,0,quiet,random,,,
0.69811,0.20969,0.018532,0.110768,1,0,0,0,0,0,0.892795,0.205903,0.192816,0.201396,0,quiet,controlled_contrast,clear_day,clear_day_078,calm_high
0.018599,0.579664,0.718086,0.039509,0.0,0.0,0.0,1.0,1.0,0.0,0.604775,0.614484,0.122838,0.156711,0,quiet,random,,,
0.322112,0.949557,0.002167,0.682982,0.0,0.0,1.0,0.0,1.0,0.0,0.746964,0.570466,0.608603,0.345756,3,lonely,random,,,
0.491084,0.801383,0.72363,0.675825,0,0,1,1,1,1,0.204924,0.19785,0.20986,0.90181,3,lonely,controlled_contrast,stormy_weather,stormy_weather_006,lonely_high
0.715062,0.398701,0.641477,0.174109,1.0,0.0,0.0,1.0,1.0,0.0,0.609912,0.622679,0.483686,0.792673,0,quiet,random,,,
0.333976,0.214322,0.736045,0.619695,0.0,0.0,0.0,1.0,1.0,1.0,0.582546,0.450688,0.789584,0.505877,2,strange,random,,,
0.725937,0.227445,0.0,0.175715,1,0,0,0,0,0,0.1869,0.228608,0.900653,0.209582,1,warm,controlled_contrast,clear_day,clear_day_021,warm_high
0.873819,0.120604,0.687842,0.858632,0.0,1.0,0.0,1.0,1.0,1.0,0.563011,0.910566,0.628167,0.531321,2,strange,random,,,
0.391534,0.395704,0.729859,0.793465,0.0,0.0,0.0,1.0,1.0,1.0,0.205442,0.302934,0.223186,0.555475,3,lonely,random,,,
0.425528,0.164331,0.041019,0.040357,0.0,0.0,0.0,0.0,0.0,0.0,0.470019,0.259259,0.977132,0.43257,1,warm,random,,,
0.458185,0.795927,0.439585,0.194609,0,0,1,1,1,0,0.179096,0.197859,0.89518,0.223243,3,lonely,controlled_contrast,rainy_room,rainy_room_078,warm_high
0.193024,0.340649,0.074841,0.644616,0.0,0.0,0.0,0.0,0.0,0.0,0.232977,0.777589,0.397037,0.227596,2,strange,random,,,
0.178092,0.635743,0.251274,0.505905,0.0,0.0,0.0,1.0,1.0,0.0,0.706007,0.521274,0.35045,0.990183,3,lonely,random,,,
0.209533,0.357481,0.015048,0.031537,1.0,0.0,0.0,0.0,0.0,0.0,0.256292,0.212699,0.064521,0.482916,1,warm,random,,,
0.897399,0.378444,9.3e-05,0.19747,1.0,1.0,0.0,0.0,0.0,0.0,0.424249,0.562387,0.798629,0.681528,1,warm,random,,,
0.813021,0.045162,2e-06,0.461213,1.0,1.0,0.0,0.0,0.0,0.0,0.163578,0.283763,0.842668,0.621249,1,warm,random,,,
0.628532,0.367448,0.009812,0.780359,0.0,0.0,0.0,0.0,0.0,0.0,0.887558,0.44866,0.51661,0.655061,3,lonely,random,,,
0.46569,0.220096,0.021784,0.546906,1.0,0.0,0.0,0.0,0.0,0.0,0.403557,0.822073,0.603583,0.282602,1,warm,random,,,
0.885029,0.834493,0.039631,0.189242,1.0,1.0,1.0,0.0,1.0,0.0,0.221985,0.104727,0.08586,0.050907,1,warm,random,,,
0.973523,0.548347,0.901689,0.39409,1.0,1.0,0.0,1.0,1.0,0.0,0.472845,0.985277,0.580185,0.439619,1,warm,random,,,
0.455249,0.704892,0.634909,0.676219,1.0,0.0,0.0,1.0,1.0,0.0,0.191496,0.572261,0.702234,0.144163,1,warm,random,,,
0.477846,0.049521,0.762858,0.962637,1.0,0.0,0.0,1.0,1.0,1.0,0.128914,0.291932,0.747046,0.645176,2,strange,random,,,
0.179364,0.740264,0.953515,0.086885,0.0,0.0,0.0,1.0,1.0,0.0,0.704796,0.222938,0.714511,0.283482,0,quiet,random,,,
0.412162,0.807751,0.768984,0.755181,0,0,1,1,1,1,0.226636,0.900921,0.190101,0.212599,2,strange,controlled_contrast,stormy_weather,stormy_weather_041,weird_high
0.175214,0.907461,0.680743,0.589728,0.0,0.0,1.0,1.0,1.0,1.0,0.55923,0.990455,0.480578,0.524607,2,strange,random,,,
0.42489,0.757773,0.713745,0.75523,0,0,1,1,1,1,0.213364,0.900477,0.204678,0.220101,2,strange,controlled_contrast,stormy_weather,stormy_weather_055,weird_high
0.615544,0.273697,0.005471,0.119907,0.0,0.0,0.0,0.0,0.0,0.0,0.128529,0.457918,0.786802,0.646087,3,lonely,random,,,
0.949893,0.563954,0.255342,0.025307,0.0,1.0,0.0,1.0,1.0,0.0,0.275672,0.654166,0.144199,0.908223,3,lonely,random,,,
0.529332,0.411055,0.854412,0.879979,1.0,0.0,0.0,1.0,1.0,1.0,0.581426,0.89606,0.288388,0.484219,2,strange,random,,,
0.467324,0.994566,0.0095,0.004926,1.0,0.0,1.0,0.0,1.0,0.0,0.119399,0.429924,0.116053,0.919351,3,lonely,random,,,
0.707503,0.213104,0.0,0.205619,1,0,0,0,0,0,0.200505,0.896479,0.196632,0.208632,2,strange,controlled_contrast,clear_day,clear_day_064,weird_high
0.778882,0.392866,0.050515,0.704236,1.0,1.0,0.0,0.0,0.0,0.0,0.30515,0.567947,0.05099,0.98753,3,lonely,random,,,
0.055383,0.012135,0.080555,0.119808,0.0,0.0,0.0,0.0,1.0,0.0,0.983237,0.59505,0.639496,0.285135,0,quiet,random,,,
0.442843,0.976612,0.759114,0.901418,0.0,0.0,1.0,1.0,1.0,1.0,0.388222,0.820394,0.099223,0.055403,2,strange,random,,,
0.507265,0.809182,0.105979,0.08649,0,0,1,0,1,0,0.209415,0.906521,0.223787,0.219148,3,lonely,controlled_contrast,humid_night,humid_night_002,weird_high
0.548477,0.126884,0.005664,0.291742,0.0,0.0,0.0,0.0,0.0,0.0,0.145223,0.126281,0.160895,0.097666,3,lonely,random,,,
0.461782,0.79805,0.073417,0.078683,0,0,1,0,1,0,0.887871,0.201383,0.204905,0.197401,0,quiet,controlled_contrast,humid_night,humid_night_069,calm_high
0.359596,0.798173,0.639899,0.853337,1.0,0.0,1.0,1.0,1.0,0.0,0.256955,0.18506,0.197048,0.111899,0,quiet,random,,,
0.319654,0.142132,0.061793,0.646217,1.0,0.0,0.0,0.0,0.0,0.0,0.4296,0.853755,0.154829,0.246754,2,strange,random,,,
0.653912,0.002329,0.020281,0.418227,0.0,0.0,0.0,0.0,0.0,0.0,0.406538,0.889159,0.419874,0.209286,2,strange,random,,,
0.507126,0.606477,0.816699,0.1918,1.0,0.0,0.0,1.0,1.0,0.0,0.74143,0.466597,0.914977,0.288493,1,warm,random,,,
0.149421,0.682837,0.55154,0.003453,1.0,0.0,0.0,1.0,1.0,0.0,0.907361,0.292534,0.208852,0.383263,0,quiet,random,,,
0.0554,0.349378,0.643382,0.12785,0.0,0.0,0.0,1.0,1.0,0.0,0.423646,0.338381,0.617432,0.245238,3,lonely,random,,,
0.211142,0.875721,0.00028,0.092272,1.0,0.0,1.0,0.0,0.0,0.0,0.457254,0.331853,0.422167,0.628493,1,warm,random,,,
0.695564,0.883954,0.139316,0.003632,0.0,0.0,1.0,0.0,1.0,0.0,0.573324,0.866758,0.635573,0.615486,3,lonely,random,,,
0.369823,0.534439,0.497528,0.070206,1.0,0.0,0.0,1.0,1.0,0.0,0.424866,0.292741,0.29644,0.508004,0,quiet,random,,,
0.723248,0.273352,0.0,0.167705,1,0,0,0,0,0,0.212505,0.912214,0.205378,0.194378,2,strange,controlled_contrast,clear_day,clear_day_067,weird_high
0.670137,0.297536,0.910821,0.451999,0.0,0.0,0.0,1.0,1.0,1.0,0.065527,0.675556,0.404437,0.06749,2,strange,random,,,
0.505721,0.237277,0.046402,0.171662,1,0,0,0,0,0,0.187995,0.882936,0.211104,0.183209,1,warm,controlled_contrast,neutral_weather,neutral_weather_039,weird_high
0.975247,0.910279,0.694371,0.945428,0.0,1.0,1.0,1.0,1.0,1.0,0.328231,0.736219,0.282253,0.327115,2,strange,random,,,
0.642794,0.555574,0.958835,0.4983,1.0,0.0,0.0,1.0,1.0,1.0,0.44619,0.650672,0.240828,0.749092,2,strange,random,,,
0.993781,0.453181,0.683087,0.570208,0.0,1.0,0.0,1.0,1.0,1.0,0.284452,0.415208,0.983793,0.316898,1,warm,random,,,
0.277723,0.807285,0.065117,0.597931,1.0,0.0,1.0,0.0,0.0,0.0,0.490978,0.383517,0.410325,0.263378,1,warm,random,,,
0.737982,0.253172,0.021814,0.164692,1,0,0,0,0,0,0.912916,0.181206,0.197372,0.187637,0,quiet,controlled_contrast,clear_day,clear_day_022,calm_high
0.388553,0.189626,0.000179,0.13678,1.0,0.0,0.0,0.0,0.0,0.0,0.279113,0.578164,0.18245,0.571248,1,warm,random,,,
0.755608,0.388068,0.897991,0.998482,1.0,1.0,0.0,1.0,1.0,1.0,0.279281,0.666549,0.73082,0.653808,2,strange,random,,,
0.256743,0.697087,0.047819,0.288894,0.0,0.0,0.0,0.0,1.0,0.0,0.67015,0.604795,0.421349,0.702485,3,lonely,random,,,
0.357254,0.585876,0.191732,0.168242,0.0,0.0,0.0,0.0,1.0,0.0,0.472407,0.14717,0.721254,0.263471,3,lonely,random,,,
0.592278,0.190615,0.012361,0.951731,0.0,0.0,0.0,0.0,0.0,0.0,0.74234,0.862072,0.166316,0.407012,2,strange,random,,,
0.954536,0.078204,0.991751,0.782431,0.0,1.0,0.0,1.0,1.0,1.0,0.535335,0.784768,0.434681,0.289381,2,strange,random,,,
0.707933,0.218516,0.0,0.174989,1,0,0,0,0,0,0.19754,0.204626,0.197542,0.887241,3,lonely,controlled_contrast,clear_day,clear_day_041,lonely_high
0.346778,0.476964,0.144438,0.509109,0.0,0.0,0.0,0.0,1.0,0.0,0.321572,0.566023,0.802416,0.164464,3,lonely,random,,,
0.953073,0.550154,0.292077,0.291114,0.0,1.0,0.0,1.0,1.0,0.0,0.194953,0.629046,0.139179,0.153031,3,lonely,random,,,
0.707978,0.296497,0.688955,0.741677,0.0,0.0,0.0,1.0,1.0,1.0,0.410428,0.725437,0.519878,0.090393,2,strange,random,,,
0.894298,0.275163,0.368073,0.115317,0.0,1.0,0.0,1.0,1.0,0.0,0.482223,0.258593,0.092021,0.076428,0,quiet,random,,,
0.480401,0.244304,0.084152,0.223092,1,0,0,0,0,0,0.894099,0.196621,0.210103,0.21684,0,quiet,controlled_contrast,neutral_weather,neutral_weather_006,calm_high
0.837667,0.763075,0.046935,0.79807,1.0,1.0,1.0,0.0,1.0,0.0,0.324366,0.645221,0.729508,0.727422,1,warm,random,,,
0.034833,0.375011,0.876788,0.792426,0.0,0.0,0.0,1.0,1.0,1.0,0.343041,0.60193,0.861335,0.45931,2,strange,random,,,
0.46661,0.671973,0.055893,0.830418,0.0,0.0,0.0,0.0,0.0,0.0,0.242482,0.506583,0.267709,0.691772,3,lonely,random,,,
0.402271,0.403324,0.600485,0.548393,0.0,0.0,0.0,1.0,1.0,0.0,0.215365,0.506778,0.824449,0.160539,3,lonely,random,,,
0.021854,0.288924,0.089989,0.991169,1.0,0.0,0.0,0.0,1.0,0.0,0.174604,0.62976,0.504478,0.183654,1,warm,random,,,
0.502618,0.824628,0.057964,0.091767,0,0,1,0,1,0,0.199946,0.208421,0.1839,0.899283,3,lonely,controlled_contrast,humid_night,humid_night_014,lonely_high
0.701582,0.246542,0.016553,0.163925,1,0,0,0,0,0,0.878553,0.202601,0.212686,0.203579,0,quiet,controlled_contrast,clear_day,clear_day_017,calm_high
0.544313,0.622268,0.205647,0.254697,1.0,0.0,0.0,1.0,1.0,0.0,0.747664,0.359249,0.348551,0.845088,0,quiet,random,,,
0.152549,0.490408,5.6e-05,0.266871,0.0,0.0,0.0,0.0,0.0,0.0,0.206849,0.929607,0.567658,0.170985,2,strange,random,,,
0.822649,0.104868,0.927331,0.558705,0.0,1.0,0.0,1.0,1.0,1.0,0.195956,0.385618,0.183401,0.45345,3,lonely,random,,,
0.063872,0.033034,0.761469,0.886629,1.0,0.0,0.0,1.0,1.0,1.0,0.585995,0.415514,0.490216,0.738564,2,strange,random,,,
0.758468,0.159253,0.08341,0.801835,0.0,1.0,0.0,0.0,1.0,0.0,0.397118,0.698936,0.570444,0.255459,1,warm,random,,,
0.467177,0.791877,0.106549,0.111496,0,0,1,0,1,0,0.8956,0.17109,0.201657,0.19968,0,quiet,controlled_contrast,humid_night,humid_night_073,calm_high
0.878455,0.004511,0.984247,0.861997,0.0,1.0,0.0,1.0,1.0,1.0,0.370636,0.279199,0.277651,0.443375,3,lonely,random,,,
0.842919,0.592345,0.784957,0.516895,1.0,1.0,0.0,1.0,1.0,1.0,0.231544,0.613312,0.460518,0.134647,2,strange,random,,,
0.786657,0.448521,0.618555,0.139067,1.0,1.0,0.0,1.0,1.0,0.0,0.393953,0.683807,0.158633,0.137522,1,warm,random,,,
0.954411,0.521175,0.780456,0.043159,1.0,1.0,0.0,1.0,1.0,0.0,0.769256,0.740603,0.256326,0.592927,0,quiet,random,,,
0.445188,0.51286,0.263687,0.09564,1.0,0.0,0.0,1.0,1.0,0.0,0.615966,0.26785,0.60874,0.567021,0,quiet,random,,,
0.281428,0.180325,0.333172,0.020799,1.0,0.0,0.0,1.0,1.0,0.0,0.802552,0.072841,0.195212,0.7266,0,quiet,random,,,
0.441558,0.805518,0.713125,0.675702,0,0,1,1,1,1,0.907129,0.190333,0.202504,0.215468,0,quiet,controlled_contrast,stormy_weather,stormy_weather_046,calm_high
0.333981,0.831701,0.040362,0.076756,1.0,0.0,1.0,0.0,1.0,0.0,0.468853,0.415385,0.656988,0.931518,3,lonely,random,,,
0.086071,0.592955,0.128551,0.398816,1.0,0.0,0.0,0.0,1.0,0.0,0.529327,0.669869,0.500594,0.786849,3,lonely,random,,,
0.433152,0.783172,0.473817,0.18463,0,0,1,1,1,0,0.201454,0.2027,0.88488,0.209277,3,lonely,controlled_contrast,rainy_room,rainy_room_015,warm_high
0.969112,0.601589,0.747503,0.73947,1.0,1.0,0.0,1.0,1.0,1.0,0.677436,0.808733,0.050454,0.297137,2,strange,random,,,
0.41596,0.295645,0.700003,0.049344,1.0,0.0,0.0,1.0,1.0,0.0,0.360475,0.209693,0.361408,0.092259,0,quiet,random,,,
0.005949,0.618967,0.089678,0.247067,0.0,0.0,0.0,0.0,1.0,0.0,0.35603,0.909245,0.429363,0.599724,3,lonely,random,,,
0.526773,0.277327,0.024638,0.229688,1,0,0,0,0,0,0.215041,0.91902,0.189846,0.203137,2,strange,controlled_contrast,neutral_weather,neutral_weather_007,weird_high
0.567091,0.911713,0.018494,0.21182,1.0,0.0,1.0,0.0,1.0,0.0,0.75384,0.325733,0.333006,0.449225,0,quiet,random,,,
0.921348,0.036952,0.932565,0.816438,1.0,1.0,0.0,1.0,1.0,1.0,0.578938,0.560914,0.132251,0.72413,2,strange,random,,,
0.207399,0.33827,0.760222,0.475936,0.0,0.0,0.0,1.0,1.0,1.0,0.982978,0.612566,0.745493,0.237594,0,quiet,random,,,
0.464733,0.707478,0.06438,0.498308,1.0,0.0,0.0,0.0,1.0,0.0,0.28234,0.616649,0.433305,0.759003,3,lonely,random,,,
0.414446,0.755033,0.399468,0.177895,0,0,1,1,1,0,0.198791,0.205367,0.89546,0.198844,3,lonely,controlled_contrast,rainy_room,rainy_room_074,warm_high
0.762653,0.442401,0.002581,0.208498,0.0,1.0,0.0,0.0,0.0,0.0,0.245529,0.231769,0.235368,0.567885,3,lonely,random,,,
0.076353,0.422088,0.004256,0.026885,1.0,0.0,0.0,0.0,0.0,0.0,0.892303,0.598498,0.321938,0.066605,0,quiet,random,,,
0.030346,0.170238,0.108031,0.24464,1.0,0.0,0.0,0.0,1.0,0.0,0.311181,0.849179,0.57916,0.255175,1,warm,random,,,
0.374649,0.793636,0.417525,0.131082,0,0,1,1,1,0,0.208313,0.907252,0.192702,0.205074,3,lonely,controlled_contrast,rainy_room,rainy_room_062,weird_high
0.452962,0.791547,0.058286,0.055722,0,0,1,0,1,0,0.215986,0.182288,0.912066,0.207005,3,lonely,controlled_contrast,humid_night,humid_night_011,warm_high
0.373315,0.127472,0.024314,0.439983,1.0,0.0,0.0,0.0,0.0,0.0,0.200609,0.541903,0.854053,0.10598,1,warm,random,,,
0.472307,0.040801,0.842921,0.768879,1.0,0.0,0.0,1.0,1.0,1.0,0.960475,0.115195,0.33678,0.116809,0,quiet,random,,,
0.545849,0.038565,0.001245,0.106635,1.0,0.0,0.0,0.0,0.0,0.0,0.213175,0.146808,0.920416,0.400505,1,warm,random,,,
0.606761,0.831437,0.047383,0.464529,0.0,0.0,1.0,0.0,1.0,0.0,0.792414,0.713313,0.428828,0.460429,3,lonely,random,,,
0.801407,0.350735,0.080096,0.163077,0.0,1.0,0.0,0.0,1.0,0.0,0.246439,0.827387,0.285918,0.717408,3,lonely,random,,,
0.797158,0.393772,0.995213,0.750195,1.0,1.0,0.0,1.0,1.0,1.0,0.151318,0.297572,0.294504,0.553903,2,strange,random,,,
0.413919,0.96598,0.988499,0.38175,0.0,0.0,1.0,1.0,1.0,0.0,0.694838,0.319972,0.44709,0.28073,0,quiet,random,,,
0.503364,0.81904,0.083272,0.131971,0,0,1,0,1,0,0.209311,0.910605,0.206168,0.179821,3,lonely,controlled_contrast,humid_night,humid_night_054,weird_high
0.987183,0.065034,0.343467,0.8426,1.0,1.0,0.0,1.0,1.0,0.0,0.483307,0.605362,0.111041,0.434187,1,warm,random,,,
0.474025,0.800941,0.696671,0.742513,0,0,1,1,1,1,0.197095,0.196324,0.900276,0.181265,3,lonely,controlled_contrast,stormy_weather,stormy_weather_037,warm_high
0.319449,0.200627,0.817504,0.847167,1.0,0.0,0.0,1.0,1.0,1.0,0.094873,0.893959,0.379417,0.292338,2,strange,random,,,
0.622258,0.352005,0.002596,0.141211,0.0,0.0,0.0,0.0,0.0,0.0,0.692138,0.352215,0.441628,0.062907,0,quiet,random,,,
0.96665,0.292638,0.277678,0.832356,1.0,1.0,0.0,1.0,1.0,0.0,0.717103,0.314466,0.72096,0.657881,1,warm,random,,,
0.948208,0.443834,0.386576,0.154715,0.0,1.0,0.0,1.0,1.0,0.0,0.852045,0.699566,0.091866,0.225184,0,quiet,random,,,
0.888204,0.071766,0.552782,0.770426,1.0,1.0,0.0,1.0,1.0,0.0,0.621935,0.531457,0.188363,0.52335,0,quiet,random,,,
0.366154,0.153359,0.703282,0.629056,1.0,0.0,0.0,1.0,1.0,1.0,0.407242,0.373188,0.411492,0.379554,2,strange,random,,,
0.988218,0.849479,0.841668,0.595221,1.0,1.0,1.0,1.0,1.0,1.0,0.072468,0.430862,0.187086,0.564173,2,strange,random,,,
0.692505,0.494225,0.041522,0.606772,0.0,0.0,0.0,0.0,0.0,0.0,0.078504,0.065919,0.220387,0.238668,3,lonely,random,,,
0.066272,0.631342,0.420761,0.149326,1.0,0.0,0.0,1.0,1.0,0.0,0.681585,0.801676,0.126085,0.641325,0,quiet,random,,,
0.478682,0.253479,0.015593,0.187928,1,0,0,0,0,0,0.915635,0.17431,0.19288,0.220281,0,quiet,controlled_contrast,neutral_weather,neutral_weather_025,calm_high
0.069078,0.292676,0.178013,0.433181,1.0,0.0,0.0,0.0,1.0,0.0,0.083055,0.226836,0.41765,0.812614,3,lonely,random,,,
0.410534,0.780226,0.442511,0.161987,0,0,1,1,1,0,0.881676,0.19426,0.21046,0.199265,0,quiet,controlled_contrast,rainy_room,rainy_room_044,calm_high
0.185536,0.559505,0.886021,0.899585,0.0,0.0,0.0,1.0,1.0,1.0,0.720641,0.945614,0.148686,0.73322,2,strange,random,,,
0.687831,0.842337,0.286035,0.924281,0.0,0.0,1.0,1.0,1.0,0.0,0.730075,0.531578,0.704478,0.800678,3,lonely,random,,,
0.464982,0.442739,0.001404,0.240182,0.0,0.0,0.0,0.0,0.0,0.0,0.064042,0.132491,0.599142,0.591877,3,lonely,random,,,
0.44408,0.779064,0.41948,0.194914,0,0,1,1,1,0,0.208591,0.198799,0.193923,0.897465,3,lonely,controlled_contrast,rainy_room,rainy_room_054,lonely_high
0.673958,0.166094,0.020581,0.643534,0.0,0.0,0.0,0.0,0.0,0.0,0.201638,0.895782,0.147691,0.193572,2,strange,random,,,
0.493419,0.837325,0.080319,0.098783,0,0,1,0,1,0,0.193567,0.887708,0.190405,0.211983,3,lonely,controlled_contrast,humid_night,humid_night_078,weird_high
0.57681,0.506626,0.818732,0.362215,1.0,0.0,0.0,1.0,1.0,0.0,0.062553,0.0568,0.145303,0.10453,0,quiet,random,,,
0.256197,0.31178,0.068254,0.698538,1.0,0.0,0.0,0.0,0.0,0.0,0.163308,0.498152,0.563529,0.701751,1,warm,random,,,
0.392339,0.264445,0.488144,0.999903,0.0,0.0,0.0,1.0,1.0,0.0,0.896276,0.600587,0.536162,0.295215,0,quiet,random,,,
0.519083,0.113572,0.700992,0.701865,0.0,0.0,0.0,1.0,1.0,1.0,0.325203,0.357734,0.992799,0.232065,2,strange,random,,,
0.266053,0.93246,0.019972,0.519849,1.0,0.0,1.0,0.0,1.0,0.0,0.658441,0.255997,0.183834,0.587011,3,lonely,random,,,
0.502629,0.235654,0.067484,0.230244,1,0,0,0,0,0,0.194874,0.194305,0.918366,0.199329,1,warm,controlled_contrast,neutral_weather,neutral_weather_027,warm_high
0.235866,0.004326,0.334817,0.097087,1.0,0.0,0.0,1.0,1.0,0.0,0.497892,0.793883,0.576739,0.370043,0,quiet,random,,,
0.606305,0.702986,0.048896,0.378127,1.0,0.0,0.0,0.0,1.0,0.0,0.658075,0.301179,0.473588,0.860045,3,lonely,random,,,
0.366581,0.78178,0.792619,0.539659,1.0,0.0,1.0,1.0,1.0,1.0,0.449285,0.353511,0.199586,0.332979,0,quiet,random,,,
0.114147,0.346529,0.12593,0.289947,0.0,0.0,0.0,0.0,1.0,0.0,0.391376,0.936101,0.428689,0.180346,3,lonely,random,,,
0.708574,0.229649,0.00265,0.153569,1,0,0,0,0,0,0.20041,0.191844,0.896934,0.202593,1,warm,controlled_contrast,clear_day,clear_day_040,warm_high
0.434239,0.834316,0.668491,0.723938,0,0,1,1,1,1,0.195089,0.916595,0.216054,0.220401,2,strange,controlled_contrast,stormy_weather,stormy_weather_054,weird_high
0.150495,0.677663,0.043172,0.868907,1.0,0.0,0.0,0.0,0.0,0.0,0.534999,0.59563,0.138927,0.707548,3,lonely,random,,,
0.750968,0.842169,0.128301,0.009881,1.0,1.0,1.0,0.0,1.0,0.0,0.408054,0.584635,0.473858,0.261221,1,warm,random,,,
0.741989,0.730544,0.009238,0.474774,1.0,0.0,0.0,0.0,1.0,0.0,0.269371,0.211995,0.325519,0.240448,1,warm,random,,,
0.011624,0.960753,0.66323,0.682784,1.0,0.0,1.0,1.0,1.0,1.0,0.073078,0.482817,0.587114,0.665786,2,strange,random,,,
0.745917,0.276578,0.017468,0.156137,1,0,0,0,0,0,0.900664,0.218027,0.207382,0.185582,0,quiet,controlled_contrast,clear_day,clear_day_052,calm_high
0.032247,0.994223,0.137328,0.749447,0.0,0.0,1.0,0.0,1.0,0.0,0.566789,0.752312,0.749212,0.289574,3,lonely,random,,,
0.115156,0.097503,0.888978,0.798458,1.0,0.0,0.0,1.0,1.0,1.0,0.892334,0.692827,0.717691,0.332109,2,strange,random,,,
0.539695,0.834175,0.14693,0.074133,0.0,0.0,1.0,0.0,1.0,0.0,0.457268,0.439792,0.336032,0.928699,3,lonely,random,,,
0.266681,0.902353,0.402466,0.861172,0.0,0.0,1.0,1.0,1.0,0.0,0.364913,0.485069,0.657743,0.14585,0,quiet,random,,,
0.155096,0.547579,0.219554,0.635374,0.0,0.0,0.0,1.0,1.0,0.0,0.265338,0.05102,0.099941,0.559395,3,lonely,random,,,
0.5616,0.068883,0.835815,0.885387,1.0,0.0,0.0,1.0,1.0,1.0,0.226021,0.265993,0.642782,0.246135,2,strange,random,,,
0.53062,0.524412,0.875809,0.724508,0.0,0.0,0.0,1.0,1.0,1.0,0.103915,0.403815,0.690897,0.570567,3,lonely,random,,,
0.442675,0.990913,0.844437,0.560382,1.0,0.0,1.0,1.0,1.0,1.0,0.505161,0.745135,0.473499,0.679534,2,strange,random,,,
0.723248,0.273352,0.0,0.167705,1,0,0,0,0,0,0.171458,0.219479,0.187739,0.916801,3,lonely,controlled_contrast,clear_day,clear_day_067,lonely_high
0.122261,0.388291,0.711165,0.803031,0.0,0.0,0.0,1.0,1.0,1.0,0.833239,0.468364,0.058508,0.166339,2,strange,random,,,
0.651304,0.311153,0.975956,0.065441,0.0,0.0,0.0,1.0,1.0,0.0,0.508055,0.373655,0.632038,0.274045,0,quiet,random,,,
0.455361,0.971395,0.712704,0.785798,1.0,0.0,1.0,1.0,1.0,1.0,0.300799,0.553546,0.535791,0.463766,2,strange,random,,,
0.504375,0.813767,0.088849,0.11829,0,0,1,0,1,0,0.191925,0.211469,0.216266,0.907628,3,lonely,controlled_contrast,humid_night,humid_night_058,lonely_high
0.486521,0.821449,0.118301,0.09144,0,0,1,0,1,0,0.892895,0.20502,0.193047,0.193021,0,quiet,controlled_contrast,humid_night,humid_night_025,calm_high
0.452173,0.832109,0.088586,0.124073,0,0,1,0,1,0,0.892403,0.207931,0.223814,0.190449,0,quiet,controlled_contrast,humid_night,humid_night_007,calm_high
0.700718,0.23789,0.023072,0.121877,1,0,0,0,0,0,0.198977,0.203811,0.207183,0.884475,3,lonely,controlled_contrast,clear_day,clear_day_028,lonely_high
0.71335,0.698472,0.870973,0.534067,1.0,0.0,0.0,1.0,1.0,1.0,0.4991,0.746406,0.446835,0.433696,2,strange,random,,,
0.171856,0.354886,0.342361,0.188989,1.0,0.0,0.0,1.0,1.0,0.0,0.281026,0.336424,0.917405,0.32979,1,warm,random,,,
0.682352,0.237626,0.237286,0.389865,1.0,0.0,0.0,1.0,1.0,0.0,0.321571,0.504143,0.624891,0.716495,1,warm,random,,,
0.403997,0.21851,0.922864,0.774858,1.0,0.0,0.0,1.0,1.0,1.0,0.702221,0.524749,0.629845,0.304471,2,strange,random,,,
0.983846,0.967311,0.531974,0.529239,1.0,1.0,1.0,1.0,1.0,0.0,0.197009,0.923805,0.577842,0.225031,1,warm,random,,,
0.664352,0.661278,0.822662,0.188098,1.0,0.0,0.0,1.0,1.0,0.0,0.599457,0.251377,0.417451,0.250938,0,quiet,random,,,
0.476364,0.83737,0.713143,0.753739,0,0,1,1,1,1,0.211713,0.905171,0.220451,0.200108,2,strange,controlled_contrast,stormy_weather,stormy_weather_010,weird_high
0.700706,0.754145,0.60059,0.066483,0.0,0.0,1.0,1.0,1.0,0.0,0.639294,0.889039,0.600898,0.183845,0,quiet,random,,,
0.10058,0.237291,0.403834,0.10348,1.0,0.0,0.0,1.0,1.0,0.0,0.682642,0.425569,0.933983,0.252812,1,warm,random,,,
0.787097,0.24418,0.022616,0.788763,0.0,1.0,0.0,0.0,0.0,0.0,0.568336,0.185266,0.513812,0.716278,3,lonely,random,,,
0.148752,0.554777,0.747661,0.903235,1.0,0.0,0.0,1.0,1.0,1.0,0.577953,0.693126,0.999174,0.480601,2,strange,random,,,
0.495803,0.931814,0.941492,0.267347,1.0,0.0,1.0,1.0,1.0,0.0,0.676484,0.396127,0.518395,0.441812,0,quiet,random,,,
0.689063,0.928274,0.021343,0.835713,1.0,0.0,1.0,0.0,1.0,0.0,0.590725,0.733451,0.340998,0.345757,1,warm,random,,,
0.030798,0.00722,0.418084,0.685674,1.0,0.0,0.0,1.0,1.0,0.0,0.51753,0.278296,0.821017,0.439362,1,warm,random,,,
0.5653,0.18291,0.22819,0.588219,1.0,0.0,0.0,1.0,1.0,0.0,0.212963,0.953878,0.361875,0.141953,2,strange,random,,,
0.880082,0.794264,0.724297,0.271662,0.0,1.0,1.0,1.0,1.0,0.0,0.381669,0.546386,0.077847,0.465123,3,lonely,random,,,
0.537774,0.290792,0.840742,0.670562,0.0,0.0,0.0,1.0,1.0,1.0,0.92389,0.675488,0.211957,0.677504,2,strange,random,,,
0.526218,0.245458,0.042,0.206506,1,0,0,0,0,0,0.889435,0.201445,0.18404,0.204855,0,quiet,controlled_contrast,neutral_weather,neutral_weather_048,calm_high
0.94877,0.382487,0.288832,0.963265,1.0,1.0,0.0,1.0,1.0,0.0,0.340487,0.424778,0.458808,0.462738,1,warm,random,,,
0.575977,0.468444,0.803386,0.687514,1.0,0.0,0.0,1.0,1.0,1.0,0.248631,0.324042,0.591748,0.516558,2,strange,random,,,
0.614625,0.116224,0.899123,0.7092,1.0,0.0,0.0,1.0,1.0,1.0,0.520849,0.59375,0.949015,0.63578,2,strange,random,,,
0.406062,0.927554,0.545205,0.940557,1.0,0.0,1.0,1.0,1.0,0.0,0.317703,0.430359,0.196943,0.929313,3,lonely,random,,,
0.5998,0.748252,0.0448,0.016711,1.0,0.0,0.0,0.0,1.0,0.0,0.789301,0.208517,0.712945,0.727619,1,warm,random,,,
0.21107,0.062018,0.316836,0.145806,1.0,0.0,0.0,1.0,1.0,0.0,0.094166,0.387916,0.420481,0.279916,1,warm,random,,,
0.563956,0.669125,0.792791,0.150848,1.0,0.0,0.0,1.0,1.0,0.0,0.552914,0.218663,0.238702,0.285472,0,quiet,random,,,
0.560876,0.140798,0.000989,0.628582,1.0,0.0,0.0,0.0,0.0,0.0,0.153509,0.078989,0.415655,0.102462,1,warm,random,,,
0.625812,0.275762,0.614311,0.240681,1.0,0.0,0.0,1.0,1.0,0.0,0.21756,0.119253,0.351079,0.192666,1,warm,random,,,
0.472287,0.826806,0.09986,0.108281,0,0,1,0,1,0,0.212335,0.906632,0.207943,0.210755,3,lonely,controlled_contrast,humid_night,humid_night_030,weird_high
0.844423,0.910395,0.931267,0.024318,1.0,1.0,1.0,1.0,1.0,0.0,0.662147,0.681342,0.545349,0.536832,0,quiet,random,,,
0.505362,0.854863,0.068636,0.094238,0,0,1,0,1,0,0.18988,0.205196,0.906659,0.197767,3,lonely,controlled_contrast,humid_night,humid_night_048,warm_high
0.322888,0.331517,0.02424,0.571089,1.0,0.0,0.0,0.0,0.0,0.0,0.472201,0.910493,0.277255,0.167985,2,strange,random,,,
0.720963,0.240485,0.050625,0.13599,1,0,0,0,0,0,0.190582,0.909607,0.204649,0.178857,2,strange,controlled_contrast,clear_day,clear_day_002,weird_high
0.044378,0.797898,0.034656,0.3339,1.0,0.0,1.0,0.0,1.0,0.0,0.690891,0.481431,0.667745,0.473151,1,warm,random,,,
0.149632,0.911414,0.608381,0.257468,1.0,0.0,1.0,1.0,1.0,0.0,0.504248,0.262162,0.998794,0.116576,0,quiet,random,,,
0.459371,0.009227,0.556414,0.281329,0.0,0.0,0.0,1.0,1.0,0.0,0.424249,0.726323,0.386187,0.890158,3,lonely,random,,,
0.702295,0.248502,0.0,0.162723,1,0,0,0,0,0,0.205659,0.184693,0.212633,0.908579,3,lonely,controlled_contrast,clear_day,clear_day_057,lonely_high
0.569897,0.767814,0.490651,0.120216,1.0,0.0,1.0,1.0,1.0,0.0,0.446796,0.472021,0.406908,0.084608,0,quiet,random,,,
0.66936,0.965152,0.516419,0.487965,1.0,0.0,1.0,1.0,1.0,0.0,0.737854,0.820031,0.149476,0.633922,0,quiet,random,,,
0.594214,0.765669,0.359629,0.775109,0.0,0.0,1.0,1.0,1.0,0.0,0.142039,0.739862,0.326992,0.448139,3,lonely,random,,,
0.616996,0.740222,0.677789,0.862291,1.0,0.0,0.0,1.0,1.0,1.0,0.250143,0.660987,0.333047,0.614402,2,strange,random,,,
0.506094,0.770544,0.03128,0.821788,0.0,0.0,1.0,0.0,1.0,0.0,0.356284,0.415614,0.9066,0.428233,3,lonely,random,,,
0.724843,0.225954,0.028661,0.127734,1,0,0,0,0,0,0.205095,0.205509,0.198459,0.913853,3,lonely,controlled_contrast,clear_day,clear_day_027,lonely_high
0.160846,0.640347,0.158982,0.027634,1.0,0.0,0.0,0.0,1.0,0.0,0.660853,0.716856,0.234319,0.896872,3,lonely,random,,,
0.297839,0.838557,0.579236,0.885573,0.0,0.0,1.0,1.0,1.0,0.0,0.546796,0.277007,0.241882,0.158652,0,quiet,random,,,
0.452726,0.836245,0.089932,0.127499,0,0,1,0,1,0,0.170079,0.193208,0.887301,0.199138,3,lonely,controlled_contrast,humid_night,humid_night_065,warm_high
0.293492,0.274727,0.652447,0.801448,1.0,0.0,0.0,1.0,1.0,1.0,0.221227,0.470476,0.281879,0.071556,2,strange,random,,,
0.527197,0.212754,0.021069,0.221983,1,0,0,0,0,0,0.19244,0.19138,0.218572,0.886393,3,lonely,controlled_contrast,neutral_weather,neutral_weather_036,lonely_high
0.356869,0.085711,0.982708,0.897947,1.0,0.0,0.0,1.0,1.0,1.0,0.381614,0.061291,0.297533,0.951662,3,lonely,random,,,
0.517082,0.444876,0.008291,0.124232,1.0,0.0,0.0,0.0,0.0,0.0,0.311415,0.740693,0.564811,0.424963,1,warm,random,,,
0.724142,0.211017,0.0,0.10884,1,0,0,0,0,0,0.20219,0.207503,0.892578,0.186268,1,warm,controlled_contrast,clear_day,clear_day_049,warm_high
0.392058,0.74951,0.482807,0.108556,0,0,1,1,1,0,0.908042,0.21067,0.194368,0.206309,0,quiet,controlled_contrast,rainy_room,rainy_room_077,calm_high
0.00539,0.361555,0.18517,0.779818,1.0,0.0,0.0,0.0,1.0,0.0,0.171952,0.333538,0.734883,0.583099,1,warm,random,,,
0.268015,0.145689,0.599571,0.011505,1.0,0.0,0.0,1.0,1.0,0.0,0.655578,0.445991,0.792544,0.592852,0,quiet,random,,,
0.289674,0.150172,0.429013,0.440819,0.0,0.0,0.0,1.0,1.0,0.0,0.903669,0.318704,0.604735,0.366876,0,quiet,random,,,
0.353138,0.682672,0.046269,0.021362,1.0,0.0,0.0,0.0,0.0,0.0,0.292938,0.467636,0.163104,0.554874,1,warm,random,,,
0.838093,0.003062,0.534499,0.082993,0.0,1.0,0.0,1.0,1.0,0.0,0.191992,0.691617,0.566868,0.642646,3,lonely,random,,,
0.535745,0.977535,0.177787,0.287919,0.0,0.0,1.0,0.0,1.0,0.0,0.486903,0.19635,0.370691,0.488179,3,lonely,random,,,
0.475255,0.819495,0.716322,0.716754,0,0,1,1,1,1,0.887297,0.185647,0.197946,0.199628,0,quiet,controlled_contrast,stormy_weather,stormy_weather_062,calm_high
0.749214,0.45263,0.000478,0.010742,0.0,0.0,0.0,0.0,0.0,0.0,0.499008,0.939132,0.345326,0.084731,2,strange,random,,,
0.51267,0.726843,0.128718,0.307874,1.0,0.0,0.0,0.0,1.0,0.0,0.409191,0.866903,0.211592,0.156593,2,strange,random,,,
0.246913,0.598053,0.67434,0.211749,1.0,0.0,0.0,1.0,1.0,0.0,0.897983,0.16166,0.078374,0.079365,0,quiet,random,,,
0.119938,0.477809,0.525798,0.108188,1.0,0.0,0.0,1.0,1.0,0.0,0.434926,0.426443,0.062036,0.460972,0,quiet,random,,,
0.226102,0.136844,0.001937,0.341115,0.0,0.0,0.0,0.0,0.0,0.0,0.16737,0.628964,0.917755,0.685934,3,lonely,random,,,
0.75893,0.306006,0.611049,0.008589,1.0,1.0,0.0,1.0,1.0,0.0,0.264542,0.902639,0.61062,0.695563,1,warm,random,,,
0.529012,0.65749,0.281632,0.007458,1.0,0.0,0.0,1.0,1.0,0.0,0.37416,0.398417,0.830887,0.514529,1,warm,random,,,
0.092417,0.187372,0.388676,0.020191,1.0,0.0,0.0,1.0,1.0,0.0,0.642891,0.178672,0.163129,0.653796,0,quiet,random,,,
0.18499,0.301665,0.366778,0.121582,1.0,0.0,0.0,1.0,1.0,0.0,0.387109,0.875771,0.354112,0.477246,0,quiet,random,,,
0.688696,0.258951,0.275247,0.259577,1.0,0.0,0.0,1.0,1.0,0.0,0.213346,0.242012,0.783375,0.584068,1,warm,random,,,
0.379109,0.478418,0.00099,0.066109,1.0,0.0,0.0,0.0,0.0,0.0,0.267469,0.20903,0.338519,0.200609,1,warm,random,,,
0.832724,0.806584,0.041671,0.357991,1.0,1.0,1.0,0.0,0.0,0.0,0.657354,0.355723,0.485725,0.657739,1,warm,random,,,
0.644388,0.215698,0.956254,0.961085,1.0,0.0,0.0,1.0,1.0,1.0,0.992354,0.63633,0.354568,0.051914,2,strange,random,,,
0.364156,0.769021,0.436742,0.18704,0,0,1,1,1,0,0.185903,0.899658,0.178556,0.189967,3,lonely,controlled_contrast,rainy_room,rainy_room_043,weird_high
0.387628,0.582073,0.193633,0.835265,1.0,0.0,0.0,0.0,1.0,0.0,0.446672,0.588082,0.520425,0.951229,3,lonely,random,,,
0.343925,0.555928,0.207869,0.865422,0.0,0.0,0.0,1.0,1.0,0.0,0.440089,0.951592,0.070324,0.558701,3,lonely,random,,,
0.515509,0.141131,0.16269,0.371673,1.0,0.0,0.0,0.0,1.0,0.0,0.05244,0.636493,0.085262,0.531162,3,lonely,random,,,
0.992759,0.786236,0.020775,0.111787,1.0,1.0,1.0,0.0,1.0,0.0,0.262371,0.457026,0.331918,0.094277,1,warm,random,,,
0.248038,0.890917,0.125136,0.21788,0.0,0.0,1.0,0.0,1.0,0.0,0.111633,0.528865,0.717987,0.199888,3,lonely,random,,,
0.769787,0.719999,0.137668,0.015353,1.0,1.0,0.0,0.0,1.0,0.0,0.174404,0.135429,0.51564,0.133714,1,warm,random,,,
0.570739,0.20035,0.442503,0.776875,1.0,0.0,0.0,1.0,1.0,0.0,0.351229,0.979909,0.207523,0.546399,2,strange,random,,,
0.81838,0.560762,0.150407,0.758248,0.0,1.0,0.0,0.0,1.0,0.0,0.565112,0.068277,0.703825,0.242366,1,warm,random,,,
0.461366,0.815854,0.069816,0.093938,0,0,1,0,1,0,0.201556,0.89412,0.215682,0.205255,3,lonely,controlled_contrast,humid_night,humid_night_035,weird_high
0.926993,0.674858,3.6e-05,0.177463,1.0,1.0,0.0,0.0,0.0,0.0,0.261254,0.665114,0.516142,0.467133,1,warm,random,,,
0.780416,0.150093,0.384826,0.965293,0.0,1.0,0.0,1.0,1.0,0.0,0.424738,0.213104,0.103414,0.052245,0,quiet,random,,,
0.032681,0.86773,0.702326,0.102701,1.0,0.0,1.0,1.0,1.0,0.0,0.585245,0.540584,0.310624,0.338607,0,quiet,random,,,
0.110423,0.308694,0.094885,0.162049,0.0,0.0,0.0,0.0,1.0,0.0,0.088657,0.690854,0.207268,0.140143,3,lonely,random,,,
0.528954,0.25937,0.047011,0.200406,1,0,0,0,0,0,0.880261,0.201563,0.19803,0.189476,0,quiet,controlled_contrast,neutral_weather,neutral_weather_004,calm_high
0.693882,0.076289,0.065021,0.667378,1.0,0.0,0.0,0.0,0.0,0.0,0.716917,0.092338,0.332338,0.505425,1,warm,random,,,
0.487421,0.812635,0.097172,0.144091,0,0,1,0,1,0,0.88438,0.189652,0.186697,0.191484,0,quiet,controlled_contrast,humid_night,humid_night_033,calm_high
0.149384,0.154487,0.259054,0.571091,1.0,0.0,0.0,1.0,1.0,0.0,0.968296,0.351582,0.617452,0.493146,0,quiet,random,,,
0.339428,0.33873,0.010983,0.2095,0.0,0.0,0.0,0.0,0.0,0.0,0.584664,0.328901,0.388815,0.240016,3,lonely,random,,,
0.07052,0.703984,0.936972,0.656604,1.0,0.0,0.0,1.0,1.0,1.0,0.35872,0.442241,0.377988,0.114419,2,strange,random,,,
0.385738,0.602084,0.801301,0.674241,1.0,0.0,0.0,1.0,1.0,1.0,0.128002,0.716279,0.479819,0.978228,2,strange,random,,,
0.671526,0.938812,0.519682,0.250308,0.0,0.0,1.0,1.0,1.0,0.0,0.487966,0.603446,0.434101,0.349808,0,quiet,random,,,
0.46808,0.819583,0.087767,0.134872,0,0,1,0,1,0,0.205078,0.199609,0.900121,0.211868,3,lonely,controlled_contrast,humid_night,humid_night_036,warm_high
0.74984,0.161727,0.080077,0.101794,1.0,0.0,0.0,0.0,1.0,0.0,0.698477,0.05102,0.879223,0.634081,1,warm,random,,,
0.398291,0.779289,0.498305,0.174375,0,0,1,1,1,0,0.197428,0.2016,0.204961,0.914813,3,lonely,controlled_contrast,rainy_room,rainy_room_014,lonely_high
0.253596,0.694536,0.743338,0.003061,0.0,0.0,0.0,1.0,1.0,0.0,0.137374,0.374516,0.334926,0.299055,3,lonely,random,,,
0.848624,0.692277,0.101612,0.017065,0.0,1.0,0.0,0.0,1.0,0.0,0.506123,0.731861,0.394964,0.085227,3,lonely,random,,,
0.062681,0.7924,0.0455,0.577877,1.0,0.0,1.0,0.0,0.0,0.0,0.544726,0.605838,0.598145,0.664359,1,warm,random,,,
0.63571,0.086778,0.544645,0.381904,1.0,0.0,0.0,1.0,1.0,0.0,0.471686,0.643367,0.240248,0.742999,0,quiet,random,,,
0.567329,0.117098,0.016175,0.32583,1.0,0.0,0.0,0.0,0.0,0.0,0.816967,0.438908,0.139368,0.50073,0,quiet,random,,,
0.232581,0.540168,0.003062,0.577445,1.0,0.0,0.0,0.0,0.0,0.0,0.719623,0.451431,0.706973,0.266137,1,warm,random,,,
0.514541,0.82359,0.06634,0.116058,0,0,1,0,1,0,0.184328,0.216293,0.906633,0.225249,3,lonely,controlled_contrast,humid_night,humid_night_070,warm_high
0.984138,0.195793,0.077984,0.214815,0.0,1.0,0.0,0.0,0.0,0.0,0.129574,0.669811,0.376166,0.12402,1,warm,random,,,
0.478026,0.828252,0.707602,0.686605,0,0,1,1,1,1,0.204692,0.199041,0.16961,0.901022,3,lonely,controlled_contrast,stormy_weather,stormy_weather_070,lonely_high
0.709974,0.473971,0.095202,0.659786,0.0,0.0,0.0,0.0,1.0,0.0,0.833534,0.27824,0.211575,0.628334,3,lonely,random,,,
0.246186,0.265949,0.293443,0.515845,0.0,0.0,0.0,1.0,1.0,0.0,0.451894,0.562004,0.208512,0.229778,3,lonely,random,,,
0.469806,0.24539,0.063115,0.204637,1,0,0,0,0,0,0.872983,0.196521,0.186845,0.187389,0,quiet,controlled_contrast,neutral_weather,neutral_weather_050,calm_high
0.216058,0.270249,0.733079,0.096601,0.0,0.0,0.0,1.0,1.0,0.0,0.860493,0.466058,0.226717,0.290892,0,quiet,random,,,
0.953813,0.10481,0.025208,0.391002,1.0,1.0,0.0,0.0,0.0,0.0,0.458644,0.059287,0.832777,0.68677,1,warm,random,,,
0.74848,0.223834,0.032665,0.160568,1,0,0,0,0,0,0.197268,0.194741,0.894041,0.191495,1,warm,controlled_contrast,clear_day,clear_day_065,warm_high
0.705858,0.066228,0.732635,0.563235,0.0,0.0,0.0,1.0,1.0,1.0,0.46787,0.303242,0.902295,0.122517,2,strange,random,,,
0.234494,0.212193,0.846551,0.119172,1.0,0.0,0.0,1.0,1.0,0.0,0.325358,0.959819,0.238811,0.726417,3,lonely,random,,,
0.040574,0.666137,0.501978,0.006929,1.0,0.0,0.0,1.0,1.0,0.0,0.335312,0.313799,0.611501,0.050761,1,warm,random,,,
0.048774,0.228325,0.002951,0.23164,1.0,0.0,0.0,0.0,0.0,0.0,0.710083,0.724545,0.652031,0.270455,1,warm,random,,,
0.466301,0.789484,0.123656,0.108924,0,0,1,0,1,0,0.182561,0.184849,0.194057,0.893095,3,lonely,controlled_contrast,humid_night,humid_night_050,lonely_high
0.255256,0.374157,0.929532,0.050864,1.0,0.0,0.0,1.0,1.0,0.0,0.324436,0.655453,0.265989,0.29998,0,quiet,random,,,
0.068008,0.582356,0.075338,0.151236,1.0,0.0,0.0,0.0,0.0,0.0,0.734533,0.287131,0.165874,0.487375,0,quiet,random,,,
0.457459,0.261029,0.024628,0.237019,1,0,0,0,0,0,0.210321,0.175396,0.895871,0.204046,1,warm,controlled_contrast,neutral_weather,neutral_weather_023,warm_high
0.75912,0.227025,0.0,0.154651,1,0,0,0,0,0,0.202366,0.212086,0.202367,0.909572,3,lonely,controlled_contrast,clear_day,clear_day_001,lonely_high
0.204382,0.037554,0.018408,0.882599,0.0,0.0,0.0,0.0,0.0,0.0,0.099299,0.574762,0.082159,0.807996,3,lonely,random,,,
0.043398,0.542733,0.020551,0.336706,1.0,0.0,0.0,0.0,0.0,0.0,0.574493,0.469607,0.679354,0.133131,1,warm,random,,,
0.464031,0.775893,0.732915,0.735028,0,0,1,1,1,1,0.197706,0.204335,0.911458,0.206574,3,lonely,controlled_contrast,stormy_weather,stormy_weather_005,warm_high
0.95739,0.716137,0.009296,0.350981,0.0,1.0,0.0,0.0,1.0,0.0,0.574461,0.693569,0.899418,0.13711,1,warm,random,,,
0.76177,0.389766,0.277411,0.122431,0.0,1.0,0.0,1.0,1.0,0.0,0.45331,0.725067,0.556517,0.988641,3,lonely,random,,,
0.470752,0.819737,0.106268,0.150886,0,0,1,0,1,0,0.203506,0.196542,0.196914,0.894059,3,lonely,controlled_contrast,humid_night,humid_night_039,lonely_high
0.934404,0.056902,0.51021,0.199206,1.0,1.0,0.0,1.0,1.0,0.0,0.115097,0.545877,0.503866,0.562552,1,warm,random,,,
0.552443,0.601826,0.004779,0.090383,1.0,0.0,0.0,0.0,0.0,0.0,0.266868,0.88548,0.131851,0.515114,2,strange,random,,,
0.515863,0.256474,0.06358,0.23684,1,0,0,0,0,0,0.211167,0.200585,0.892016,0.18891,1,warm,controlled_contrast,neutral_weather,neutral_weather_062,warm_high
0.687713,0.353836,0.087829,0.036992,1.0,0.0,0.0,0.0,1.0,0.0,0.287574,0.339037,0.339969,0.647225,3,lonely,random,,,
0.574431,0.567682,0.866078,0.63116,1.0,0.0,0.0,1.0,1.0,1.0,0.396716,0.573693,0.74226,0.632786,2,strange,random,,,
0.139377,0.104221,0.027226,0.967254,1.0,0.0,0.0,0.0,0.0,0.0,0.692029,0.404843,0.388657,0.426914,1,warm,random,,,
0.670078,0.065952,0.255037,0.355549,1.0,0.0,0.0,1.0,1.0,0.0,0.65577,0.746125,0.718219,0.160573,1,warm,random,,,
0.217169,0.322982,0.156962,0.021261,0.0,0.0,0.0,0.0,1.0,0.0,0.765529,0.176912,0.110446,0.26591,3,lonely,random,,,
0.507265,0.809182,0.105979,0.08649,0,0,1,0,1,0,0.199286,0.221005,0.895497,0.198149,3,lonely,controlled_contrast,humid_night,humid_night_002,warm_high
0.690626,0.706239,0.078275,0.805714,0.0,0.0,0.0,0.0,1.0,0.0,0.143489,0.385812,0.367448,0.530392,3,lonely,random,,,
0.780136,0.536587,0.207223,0.078447,1.0,1.0,0.0,1.0,1.0,0.0,0.104375,0.41576,0.301239,0.41707,1,warm,random,,,
0.325503,0.794151,0.642784,0.219103,1.0,0.0,1.0,1.0,1.0,0.0,0.522701,0.485379,0.203953,0.437256,0,quiet,random,,,
0.176897,0.663205,0.655893,0.600004,1.0,0.0,0.0,1.0,1.0,1.0,0.105214,0.469244,0.816446,0.118462,2,strange,random,,,
0.827044,0.228012,0.157342,0.000464,1.0,1.0,0.0,0.0,1.0,0.0,0.652691,0.237766,0.371199,0.228979,1,warm,random,,,
0.926806,0.29606,0.16211,0.109583,0.0,1.0,0.0,0.0,1.0,0.0,0.4133,0.515003,0.913146,0.389428,1,warm,random,,,
0.548424,0.952111,0.820303,0.438157,1.0,0.0,1.0,1.0,1.0,0.0,0.499747,0.642483,0.782025,0.632008,0,quiet,random,,,
0.752646,0.481544,0.186865,0.919985,1.0,1.0,0.0,0.0,1.0,0.0,0.500326,0.404041,0.464668,0.488484,1,warm,random,,,
0.169278,0.619051,0.403454,0.758509,1.0,0.0,0.0,1.0,1.0,0.0,0.451385,0.993138,0.310755,0.591397,2,strange,random,,,
0.431431,0.465853,0.961899,0.085592,1.0,0.0,0.0,1.0,1.0,0.0,0.20623,0.516487,0.389346,0.165205,0,quiet,random,,,
0.813691,0.285724,0.498648,0.952194,1.0,1.0,0.0,1.0,1.0,0.0,0.409422,0.362025,0.097745,0.158082,1,warm,random,,,
0.751011,0.749265,0.200518,0.57366,0.0,1.0,0.0,1.0,1.0,0.0,0.709959,0.657837,0.476911,0.285931,3,lonely,random,,,
0.6611,0.469092,0.049669,0.375147,1.0,0.0,0.0,0.0,0.0,0.0,0.285997,0.254623,0.060132,0.626833,3,lonely,random,,,
0.603537,0.727009,0.068228,0.41998,0.0,0.0,0.0,0.0,1.0,0.0,0.264173,0.231182,0.710359,0.463829,3,lonely,random,,,
0.769012,0.624948,0.904114,0.606227,1.0,1.0,0.0,1.0,1.0,1.0,0.656124,0.712885,0.460784,0.249524,2,strange,random,,,
0.725012,0.505398,0.275844,0.542795,1.0,0.0,0.0,1.0,1.0,0.0,0.548384,0.725537,0.073097,0.278098,0,quiet,random,,,
0.222274,0.212681,0.600438,0.087878,0.0,0.0,0.0,1.0,1.0,0.0,0.910282,0.169061,0.642945,0.63652,0,quiet,random,,,
0.1423,0.950564,0.74878,0.997251,0.0,0.0,1.0,1.0,1.0,1.0,0.707057,0.294625,0.669264,0.392198,0,quiet,random,,,
0.766001,0.076671,0.596601,0.960666,1.0,1.0,0.0,1.0,1.0,0.0,0.111196,0.62762,0.582048,0.685762,1,warm,random,,,
0.353172,0.568354,0.418692,0.758393,1.0,0.0,0.0,1.0,1.0,0.0,0.151635,0.511322,0.734131,0.549684,1,warm,random,,,
0.99843,0.951694,0.028676,0.582559,1.0,1.0,1.0,0.0,1.0,0.0,0.39881,0.537691,0.411186,0.892129,3,lonely,random,,,
0.540947,0.829883,0.000844,0.992053,0.0,0.0,1.0,0.0,1.0,0.0,0.770249,0.49295,0.269506,0.498209,3,lonely,random,,,
0.53971,0.102528,0.921081,0.897686,1.0,0.0,0.0,1.0,1.0,1.0,0.838598,0.519065,0.180699,0.35735,2,strange,random,,,
0.511346,0.850191,0.094933,0.118146,0,0,1,0,1,0,0.207443,0.909174,0.205763,0.207838,3,lonely,controlled_contrast,humid_night,humid_night_038,weird_high
0.921282,0.360315,0.013891,0.238906,1.0,1.0,0.0,0.0,0.0,0.0,0.32518,0.35221,0.057423,0.209765,1,warm,random,,,
0.417952,0.704382,0.350733,0.516616,0.0,0.0,0.0,1.0,1.0,0.0,0.227131,0.416618,0.372487,0.850607,3,lonely,random,,,
0.026351,0.608387,0.810784,0.320042,1.0,0.0,0.0,1.0,1.0,0.0,0.154191,0.120404,0.727461,0.960902,3,lonely,random,,,
0.306283,0.263405,0.918253,0.724043,0.0,0.0,0.0,1.0,1.0,1.0,0.823012,0.658995,0.720629,0.467246,2,strange,random,,,
0.675636,0.475381,0.030545,0.034782,1.0,0.0,0.0,0.0,0.0,0.0,0.735061,0.656507,0.800809,0.660222,1,warm,random,,,
0.574135,0.020032,0.453956,0.325541,0.0,0.0,0.0,1.0,1.0,0.0,0.368446,0.68081,0.639992,0.381454,3,lonely,random,,,
0.625436,0.088509,0.037789,0.382862,0.0,0.0,0.0,0.0,0.0,0.0,0.627807,0.213725,0.134239,0.42606,3,lonely,random,,,
0.443599,0.303541,0.060741,0.261254,0.0,0.0,0.0,0.0,0.0,0.0,0.811732,0.360204,0.63695,0.555415,3,lonely,random,,,
0.693323,0.126532,0.115854,0.023637,0.0,0.0,0.0,0.0,1.0,0.0,0.929697,0.684471,0.288711,0.399872,3,lonely,random,,,
0.846454,0.923095,0.373195,0.987641,1.0,1.0,1.0,1.0,1.0,0.0,0.832386,0.509902,0.61343,0.542685,0,quiet,random,,,
0.16883,0.928432,0.293409,0.584914,0.0,0.0,1.0,1.0,1.0,0.0,0.386683,0.516419,0.088132,0.634156,3,lonely,random,,,
0.910112,0.365721,0.948357,0.721207,0.0,1.0,0.0,1.0,1.0,1.0,0.582992,0.567189,0.476128,0.530152,2,strange,random,,,
0.464359,0.850754,0.062124,0.083153,0,0,1,0,1,0,0.899197,0.20163,0.211916,0.210343,0,quiet,controlled_contrast,humid_night,humid_night_009,calm_high
0.645034,0.170245,0.002054,0.076608,0.0,0.0,0.0,0.0,0.0,0.0,0.416923,0.809633,0.233182,0.2861,2,strange,random,,,
0.399963,0.380389,0.447042,0.853174,0.0,0.0,0.0,1.0,1.0,0.0,0.74567,0.643885,0.321005,0.098103,0,quiet,random,,,
0.186292,0.128925,0.179311,0.489834,1.0,0.0,0.0,0.0,1.0,0.0,0.081047,0.730098,0.487677,0.977291,3,lonely,random,,,
0.725228,0.073225,0.465657,0.362904,1.0,0.0,0.0,1.0,1.0,0.0,0.660663,0.309748,0.116326,0.867,0,quiet,random,,,
0.444108,0.369103,0.012255,0.868586,0.0,0.0,0.0,0.0,0.0,0.0,0.668818,0.70751,0.418419,0.488232,3,lonely,random,,,
0.396793,0.348787,0.082748,0.241816,1.0,0.0,0.0,0.0,1.0,0.0,0.320385,0.587224,0.871068,0.565955,1,warm,random,,,
0.024337,0.680219,0.713024,0.753302,0.0,0.0,0.0,1.0,1.0,1.0,0.379694,0.699433,0.966911,0.05665,2,strange,random,,,
0.534886,0.818923,0.083657,0.155276,0,0,1,0,1,0,0.198975,0.216786,0.902826,0.224907,3,lonely,controlled_contrast,humid_night,humid_night_001,warm_high
0.208657,0.747022,0.943709,0.076092,0.0,0.0,0.0,1.0,1.0,0.0,0.559762,0.130398,0.747035,0.312081,3,lonely,random,,,
0.961591,0.450533,0.336869,0.194704,0.0,1.0,0.0,1.0,1.0,0.0,0.25191,0.196795,0.484781,0.662612,3,lonely,random,,,
0.416587,0.626979,0.778833,0.16154,0.0,0.0,0.0,1.0,1.0,0.0,0.722399,0.108094,0.381382,0.474674,3,lonely,random,,,
0.007226,0.543197,0.090109,0.04024,0.0,0.0,0.0,0.0,1.0,0.0,0.630042,0.246899,0.316733,0.545462,3,lonely,random,,,
0.49818,0.704542,0.524646,0.765126,1.0,0.0,0.0,1.0,1.0,0.0,0.593619,0.221296,0.211041,0.177878,0,quiet,random,,,
0.53556,0.299627,0.831212,0.223165,1.0,0.0,0.0,1.0,1.0,0.0,0.983728,0.498775,0.054092,0.506324,0,quiet,random,,,
0.81522,0.561923,0.366996,0.990184,1.0,1.0,0.0,1.0,1.0,0.0,0.265214,0.256446,0.41217,0.328344,1,warm,random,,,
0.4032,0.696848,0.438696,0.747823,0.0,0.0,0.0,1.0,1.0,0.0,0.680784,0.859907,0.344609,0.285635,3,lonely,random,,,
0.624266,0.038727,0.195378,0.204638,0.0,0.0,0.0,0.0,1.0,0.0,0.804208,0.4734,0.359981,0.480716,3,lonely,random,,,
0.482202,0.241727,0.139902,0.090937,1.0,0.0,0.0,0.0,1.0,0.0,0.606665,0.063162,0.157658,0.922257,3,lonely,random,,,
0.309686,0.641166,0.691948,0.64745,0.0,0.0,0.0,1.0,1.0,1.0,0.7747,0.237149,0.675507,0.101887,0,quiet,random,,,
0.704502,0.540442,0.000399,0.289689,0.0,0.0,0.0,0.0,0.0,0.0,0.93902,0.097181,0.328816,0.099797,0,quiet,random,,,
0.974492,0.844372,0.445737,0.607399,1.0,1.0,1.0,1.0,1.0,0.0,0.877641,0.361593,0.089136,0.279073,0,quiet,random,,,
0.775136,0.62388,0.998717,0.667143,1.0,1.0,0.0,1.0,1.0,1.0,0.183965,0.890166,0.579434,0.166114,2,strange,random,,,
0.83713,0.851265,0.102319,0.243479,0.0,1.0,1.0,0.0,1.0,0.0,0.713043,0.749602,0.692088,0.16669,1,warm,random,,,
0.409018,0.60955,0.304202,0.016806,1.0,0.0,0.0,1.0,1.0,0.0,0.428044,0.470689,0.847838,0.143581,1,warm,random,,,
0.547737,0.167992,0.01288,0.573747,0.0,0.0,0.0,0.0,0.0,0.0,0.266744,0.347056,0.940058,0.562059,1,warm,random,,,
0.876637,0.401613,0.756362,0.003626,1.0,1.0,0.0,1.0,1.0,0.0,0.190663,0.152255,0.50259,0.638269,1,warm,random,,,
0.700718,0.23789,0.023072,0.121877,1,0,0,0,0,0,0.906363,0.185628,0.202866,0.208887,0,quiet,controlled_contrast,clear_day,clear_day_028,calm_high
0.526773,0.277327,0.024638,0.229688,1,0,0,0,0,0,0.882825,0.197522,0.19387,0.21569,0,quiet,controlled_contrast,neutral_weather,neutral_weather_007,calm_high
0.715112,0.637318,0.323137,0.729196,1.0,0.0,0.0,1.0,1.0,0.0,0.398834,0.450818,0.102276,0.432773,0,quiet,random,,,
0.549433,0.073833,0.467128,0.524639,0.0,0.0,0.0,1.0,1.0,0.0,0.093826,0.444345,0.745767,0.362998,3,lonely,random,,,
0.847883,0.622231,0.967936,0.54908,1.0,1.0,0.0,1.0,1.0,1.0,0.215397,0.46091,0.614236,0.77137,2,strange,random,,,
0.398638,0.807189,0.713835,0.71803,0,0,1,1,1,1,0.196031,0.914542,0.201715,0.191661,2,strange,controlled_contrast,stormy_weather,stormy_weather_047,weird_high
0.508759,0.23214,0.090316,0.227337,1,0,0,0,0,0,0.887573,0.204942,0.213014,0.195963,0,quiet,controlled_contrast,neutral_weather,neutral_weather_042,calm_high
0.497998,0.030208,0.033664,0.193179,1.0,0.0,0.0,0.0,0.0,0.0,0.953453,0.109544,0.405919,0.36595,0,quiet,random,,,
0.89348,0.534681,0.377942,0.642013,1.0,1.0,0.0,1.0,1.0,0.0,0.319334,0.180707,0.682193,0.522426,1,warm,random,,,
0.018425,0.409749,0.666346,0.951042,0.0,0.0,0.0,1.0,1.0,1.0,0.820702,0.641056,0.543658,0.230914,2,strange,random,,,
0.452131,0.226592,0.014989,0.200035,1,0,0,0,0,0,0.910136,0.210967,0.214983,0.203939,0,quiet,controlled_contrast,neutral_weather,neutral_weather_015,calm_high
0.593743,0.254769,0.075257,0.003256,1.0,0.0,0.0,0.0,0.0,0.0,0.859222,0.383725,0.27696,0.251491,0,quiet,random,,,
0.020416,0.210902,0.896563,0.993664,1.0,0.0,0.0,1.0,1.0,1.0,0.703407,0.228747,0.719414,0.239109,2,strange,random,,,
0.921195,0.385741,0.507355,0.719071,0.0,1.0,0.0,1.0,1.0,0.0,0.605886,0.141526,0.412946,0.56166,3,lonely,random,,,
0.117668,0.384252,5e-06,0.63837,0.0,0.0,0.0,0.0,0.0,0.0,0.973647,0.350012,0.237398,0.084204,0,quiet,random,,,
0.34028,0.160774,0.687385,0.484988,0.0,0.0,0.0,1.0,1.0,1.0,0.268294,0.998091,0.087829,0.052734,2,strange,random,,,
0.810244,0.632246,0.019316,0.198011,1.0,1.0,0.0,0.0,0.0,0.0,0.269946,0.546794,0.690288,0.671699,1,warm,random,,,
0.832356,0.413448,0.052097,0.431028,0.0,1.0,0.0,0.0,0.0,0.0,0.063036,0.222349,0.523694,0.184228,1,warm,random,,,
0.490867,0.408986,0.319313,0.695398,1.0,0.0,0.0,1.0,1.0,0.0,0.066166,0.602571,0.55931,0.578935,1,warm,random,,,
0.513481,0.803007,0.254089,0.177981,1.0,0.0,1.0,1.0,1.0,0.0,0.238138,0.192651,0.352863,0.145994,0,quiet,random,,,
0.365636,0.087082,0.011021,0.353136,1.0,0.0,0.0,0.0,0.0,0.0,0.114993,0.309956,0.29045,0.261164,1,warm,random,,,
0.178869,0.185757,0.000148,0.204042,0.0,0.0,0.0,0.0,0.0,0.0,0.444729,0.859429,0.059092,0.123319,2,strange,random,,,
0.691243,0.641066,0.019123,0.094611,0.0,0.0,0.0,0.0,0.0,0.0,0.127249,0.620276,0.740437,0.099509,1,warm,random,,,
0.204045,0.825937,0.353676,0.431457,0.0,0.0,1.0,1.0,1.0,0.0,0.729328,0.576937,0.283639,0.338042,0,quiet,random,,,
0.514541,0.82359,0.06634,0.116058,0,0,1,0,1,0,0.18978,0.195881,0.2048,0.890998,3,lonely,controlled_contrast,humid_night,humid_night_070,lonely_high
0.733971,0.224704,0.020429,0.121149,1,0,0,0,0,0,0.918097,0.197671,0.199009,0.206361,0,quiet,controlled_contrast,clear_day,clear_day_008,calm_high
0.804926,0.434752,0.415374,0.635185,1.0,1.0,0.0,1.0,1.0,0.0,0.304345,0.313196,0.589855,0.410725,1,warm,random,,,
0.825553,0.522178,0.922629,0.037429,1.0,1.0,0.0,1.0,1.0,0.0,0.727088,0.525016,0.580814,0.456804,0,quiet,random,,,
0.446861,0.809978,0.725156,0.738833,0,0,1,1,1,1,0.898519,0.201971,0.178196,0.217855,0,quiet,controlled_contrast,stormy_weather,stormy_weather_050,calm_high
0.366627,0.76286,0.490121,0.195175,0,0,1,1,1,0,0.90549,0.219361,0.218196,0.222063,0,quiet,controlled_contrast,rainy_room,rainy_room_071,calm_high
0.788861,0.301349,0.425318,0.571428,1.0,1.0,0.0,1.0,1.0,0.0,0.321364,0.60155,0.375307,0.468131,1,warm,random,,,
0.785105,0.368,0.412348,0.047052,1.0,1.0,0.0,1.0,1.0,0.0,0.33862,0.290487,0.947283,0.082284,1,warm,random,,,
0.622564,0.366186,0.934669,0.5028,1.0,0.0,0.0,1.0,1.0,1.0,0.68633,0.5915,0.249617,0.204035,2,strange,random,,,
0.669193,0.510011,0.032407,0.152646,1.0,0.0,0.0,0.0,0.0,0.0,0.18535,0.806069,0.097816,0.373838,2,strange,random,,,
0.50893,0.27307,0.033055,0.22166,1,0,0,0,0,0,0.213598,0.890248,0.199736,0.22023,2,strange,controlled_contrast,neutral_weather,neutral_weather_009,weird_high
0.676308,0.852699,0.877918,0.511669,1.0,0.0,1.0,1.0,1.0,1.0,0.108061,0.767695,0.275353,0.460621,2,strange,random,,,
0.71024,0.500314,0.871081,0.136252,0.0,0.0,0.0,1.0,1.0,0.0,0.791504,0.642974,0.688405,0.525967,0,quiet,random,,,
0.487949,0.587472,0.000485,0.888202,1.0,0.0,0.0,0.0,0.0,0.0,0.671471,0.892081,0.185423,0.212219,2,strange,random,,,
0.314805,0.939935,0.904064,0.013794,1.0,0.0,1.0,1.0,1.0,0.0,0.621939,0.413772,0.664247,0.456614,0,quiet,random,,,
0.780171,0.240706,0.0,0.144051,1,0,0,0,0,0,0.905915,0.199149,0.197973,0.200382,0,quiet,controlled_contrast,clear_day,clear_day_076,calm_high
0.452339,0.814683,0.728208,0.704492,0,0,1,1,1,1,0.198198,0.201604,0.202416,0.898875,3,lonely,controlled_contrast,stormy_weather,stormy_weather_057,lonely_high
0.132622,0.615393,0.005435,0.486568,1.0,0.0,0.0,0.0,0.0,0.0,0.076923,0.747377,0.875852,0.28187,1,warm,random,,,
0.372233,0.803155,0.089733,0.760847,1.0,0.0,1.0,0.0,1.0,0.0,0.537068,0.213324,0.812825,0.345114,1,warm,random,,,
0.495433,0.055023,0.568783,0.952252,1.0,0.0,0.0,1.0,1.0,0.0,0.449378,0.128252,0.704341,0.104078,1,warm,random,,,
0.640194,0.473899,0.250723,0.640896,1.0,0.0,0.0,1.0,1.0,0.0,0.074692,0.441298,0.718426,0.817714,1,warm,random,,,
0.62962,0.863036,0.766912,0.931921,1.0,0.0,1.0,1.0,1.0,1.0,0.275691,0.577102,0.087396,0.083531,2,strange,random,,,
0.767009,0.131152,0.688867,0.494759,0.0,1.0,0.0,1.0,1.0,1.0,0.410591,0.156432,0.589171,0.460642,3,lonely,random,,,
0.013781,0.079349,0.014014,0.290752,1.0,0.0,0.0,0.0,0.0,0.0,0.067994,0.350621,0.476289,0.514467,1,warm,random,,,
0.688768,0.101798,0.673552,0.415737,1.0,0.0,0.0,1.0,1.0,0.0,0.148512,0.435022,0.205063,0.140793,0,quiet,random,,,
0.665966,0.966097,0.063533,0.659922,0.0,0.0,1.0,0.0,0.0,0.0,0.670285,0.584989,0.23023,0.315756,0,quiet,random,,,
0.294474,0.689673,0.352695,0.50751,1.0,0.0,0.0,1.0,1.0,0.0,0.238629,0.658317,0.725114,0.143966,1,warm,random,,,
0.560936,0.60664,0.819704,0.574386,0.0,0.0,0.0,1.0,1.0,1.0,0.49574,0.186185,0.111408,0.691489,3,lonely,random,,,
0.406307,0.331833,0.119556,0.503402,0.0,0.0,0.0,0.0,1.0,0.0,0.190665,0.920499,0.742697,0.26286,3,lonely,random,,,
0.966884,0.892918,0.502901,0.827027,0.0,1.0,1.0,1.0,1.0,0.0,0.373139,0.056186,0.587676,0.120113,0,quiet,random,,,
0.463903,0.92769,0.843285,0.021894,1.0,0.0,1.0,1.0,1.0,0.0,0.665439,0.251981,0.396923,0.997625,0,quiet,random,,,
0.638177,0.073173,0.830229,0.90248,1.0,0.0,0.0,1.0,1.0,1.0,0.276198,0.670229,0.484719,0.602052,2,strange,random,,,
0.014132,0.150924,0.661826,0.885072,1.0,0.0,0.0,1.0,1.0,1.0,0.47154,0.636295,0.313353,0.546475,2,strange,random,,,
0.269714,0.391004,0.057278,0.280827,0.0,0.0,0.0,0.0,0.0,0.0,0.98823,0.472236,0.646675,0.320262,0,quiet,random,,,
0.410559,0.694877,0.009569,0.704763,1.0,0.0,0.0,0.0,1.0,0.0,0.683934,0.147003,0.500766,0.932598,3,lonely,random,,,
0.949795,0.284961,0.740592,0.680737,1.0,1.0,0.0,1.0,1.0,1.0,0.110572,0.728543,0.742672,0.207998,2,strange,random,,,
0.620729,0.372785,0.84095,0.688661,1.0,0.0,0.0,1.0,1.0,1.0,0.732263,0.663305,0.374682,0.444,2,strange,random,,,
0.406194,0.431901,0.646835,0.402023,1.0,0.0,0.0,1.0,1.0,0.0,0.189782,0.488309,0.276407,0.245157,0,quiet,random,,,
0.422519,0.869578,0.396417,0.383913,1.0,0.0,1.0,1.0,1.0,0.0,0.590383,0.560784,0.712079,0.537223,0,quiet,random,,,
0.716971,0.27038,0.0,0.153066,1,0,0,0,0,0,0.887824,0.175999,0.210505,0.185656,0,quiet,controlled_contrast,clear_day,clear_day_033,calm_high
0.263972,0.298223,0.270115,0.919434,0.0,0.0,0.0,1.0,1.0,0.0,0.476573,0.129047,0.798179,0.591321,3,lonely,random,,,
0.979764,0.432696,0.778157,0.844064,1.0,1.0,0.0,1.0,1.0,1.0,0.953871,0.718336,0.112265,0.467831,2,strange,random,,,
0.345162,0.01554,0.044517,0.076742,0.0,0.0,0.0,0.0,0.0,0.0,0.894989,0.3794,0.313913,0.309431,0,quiet,random,,,
0.974822,0.191774,0.716107,0.372685,1.0,1.0,0.0,1.0,1.0,0.0,0.478344,0.119107,0.972145,0.465592,1,warm,random,,,
0.702295,0.248502,0.0,0.162723,1,0,0,0,0,0,0.887122,0.216444,0.195189,0.211153,0,quiet,controlled_contrast,clear_day,clear_day_057,calm_high
0.20994,0.966995,0.675337,0.61248,0.0,0.0,1.0,1.0,1.0,1.0,0.6503,0.319364,0.663692,0.53862,3,lonely,random,,,
0.300779,0.830384,7.9e-05,0.260753,0.0,0.0,1.0,0.0,1.0,0.0,0.615319,0.482783,0.391508,0.060138,3,lonely,random,,,
0.769536,0.847866,0.63214,0.222794,1.0,1.0,1.0,1.0,1.0,0.0,0.587464,0.526454,0.313894,0.382935,0,quiet,random,,,
0.587489,0.579038,0.156887,0.022286,1.0,0.0,0.0,0.0,1.0,0.0,0.48087,0.277623,0.570422,0.054403,1,warm,random,,,
0.4749,0.807031,0.06343,0.150541,0,0,1,0,1,0,0.208822,0.20658,0.210805,0.896464,3,lonely,controlled_contrast,humid_night,humid_night_059,lonely_high
0.643035,0.565233,0.118151,0.169191,0.0,0.0,0.0,0.0,1.0,0.0,0.679058,0.513547,0.573932,0.297271,3,lonely,random,,,
0.411834,0.893043,0.755437,0.206249,0.0,0.0,1.0,1.0,1.0,0.0,0.340831,0.253567,0.914208,0.224737,0,quiet,random,,,
0.674545,0.121276,0.371019,0.017503,1.0,0.0,0.0,1.0,1.0,0.0,0.651999,0.980075,0.392631,0.658667,0,quiet,random,,,
0.37088,0.213804,0.036848,0.474311,1.0,0.0,0.0,0.0,0.0,0.0,0.396652,0.516105,0.229981,0.476894,1,warm,random,,,
0.192633,0.864741,0.136431,0.515119,1.0,0.0,1.0,0.0,1.0,0.0,0.576769,0.579637,0.323458,0.729166,3,lonely,random,,,
0.330658,0.326834,0.434318,0.497381,1.0,0.0,0.0,1.0,1.0,0.0,0.88892,0.448204,0.162597,0.327852,0,quiet,random,,,
0.901059,0.3981,0.084503,0.145964,0.0,1.0,0.0,0.0,1.0,0.0,0.610858,0.782349,0.263327,0.200538,3,lonely,random,,,
0.121514,0.913748,0.125775,0.004331,1.0,0.0,1.0,0.0,1.0,0.0,0.707799,0.528412,0.077311,0.744503,3,lonely,random,,,
0.454685,0.745098,0.174268,0.381367,0.0,0.0,0.0,0.0,1.0,0.0,0.507907,0.106682,0.174286,0.507575,3,lonely,random,,,
0.351315,0.098148,0.44212,0.163887,1.0,0.0,0.0,1.0,1.0,0.0,0.570584,0.221887,0.129879,0.765203,0,quiet,random,,,
0.603463,0.907056,0.138843,0.929921,0.0,0.0,1.0,0.0,1.0,0.0,0.70549,0.347407,0.588062,0.367297,3,lonely,random,,,
0.516964,0.12868,0.006475,0.713124,0.0,0.0,0.0,0.0,0.0,0.0,0.070625,0.874569,0.227728,0.377645,2,strange,random,,,
0.473533,0.727837,0.039294,0.857406,0.0,0.0,0.0,0.0,1.0,0.0,0.184815,0.196687,0.086719,0.680077,3,lonely,random,,,
0.960375,0.415925,0.191117,0.630223,1.0,1.0,0.0,0.0,1.0,0.0,0.300709,0.430493,0.591011,0.453424,1,warm,random,,,
0.784655,0.225119,0.045744,0.082523,1.0,1.0,0.0,0.0,0.0,0.0,0.96462,0.530627,0.112455,0.303735,1,warm,random,,,
0.446861,0.809978,0.725156,0.738833,0,0,1,1,1,1,0.215135,0.218968,0.911869,0.207258,3,lonely,controlled_contrast,stormy_weather,stormy_weather_050,warm_high
0.527197,0.212754,0.021069,0.221983,1,0,0,0,0,0,0.194908,0.191458,0.895094,0.216232,1,warm,controlled_contrast,neutral_weather,neutral_weather_036,warm_high
0.062598,0.304937,0.620294,0.806844,1.0,0.0,0.0,1.0,1.0,0.0,0.843166,0.303052,0.662544,0.059064,0,quiet,random,,,
0.754923,0.042867,0.071357,0.35956,1.0,1.0,0.0,0.0,0.0,0.0,0.659508,0.829971,0.599187,0.68266,1,warm,random,,,
0.907856,0.132383,0.645345,0.830756,1.0,1.0,0.0,1.0,1.0,0.0,0.512804,0.107198,0.214524,0.34912,1,warm,random,,,
0.769105,0.261702,0.068465,0.979675,0.0,1.0,0.0,0.0,0.0,0.0,0.579042,0.373489,0.889972,0.562573,1,warm,random,,,
0.425026,0.831779,0.718217,0.713161,0,0,1,1,1,1,0.194363,0.879644,0.180592,0.199413,2,strange,controlled_contrast,stormy_weather,stormy_weather_073,weird_high
0.081828,0.508356,0.559745,0.004841,1.0,0.0,0.0,1.0,1.0,0.0,0.414569,0.431568,0.984752,0.436722,1,warm,random,,,
0.519033,0.905051,0.962061,0.179963,1.0,0.0,1.0,1.0,1.0,0.0,0.888133,0.453997,0.399763,0.512876,0,quiet,random,,,
0.50893,0.27307,0.033055,0.22166,1,0,0,0,0,0,0.200245,0.174058,0.895863,0.18599,1,warm,controlled_contrast,neutral_weather,neutral_weather_009,warm_high
0.474633,0.840555,0.03555,0.100491,0,0,1,0,1,0,0.923897,0.190169,0.193297,0.205583,0,quiet,controlled_contrast,humid_night,humid_night_006,calm_high
0.488855,0.816449,0.083128,0.095871,0,0,1,0,1,0,0.181888,0.903588,0.213907,0.209051,3,lonely,controlled_contrast,humid_night,humid_night_024,weird_high
0.528912,0.273113,0.057438,0.15931,1,0,0,0,0,0,0.219117,0.201245,0.191172,0.885927,3,lonely,controlled_contrast,neutral_weather,neutral_weather_008,lonely_high
0.475651,0.839036,0.737475,0.744564,0,0,1,1,1,1,0.194748,0.205897,0.890029,0.209449,3,lonely,controlled_contrast,stormy_weather,stormy_weather_045,warm_high
0.444928,0.739905,0.716906,0.699962,0,0,1,1,1,1,0.209924,0.905665,0.186289,0.219929,2,strange,controlled_contrast,stormy_weather,stormy_weather_052,weird_high
0.452341,0.81282,0.45624,0.198754,0,0,1,1,1,0,0.196736,0.209052,0.187357,0.901965,3,lonely,controlled_contrast,rainy_room,rainy_room_038,lonely_high
0.404384,0.773458,0.419662,0.182257,0,0,1,1,1,0,0.182987,0.199064,0.917549,0.195925,3,lonely,controlled_contrast,rainy_room,rainy_room_075,warm_high
0.227028,0.54759,0.983474,0.08027,0.0,0.0,0.0,1.0,1.0,0.0,0.745917,0.788595,0.066955,0.531309,3,lonely,random,,,
0.710079,0.312658,0.028286,0.098564,1,0,0,0,0,0,0.898908,0.178726,0.195332,0.194449,0,quiet,controlled_contrast,clear_day,clear_day_035,calm_high
0.319104,0.698598,0.893271,0.4677,1.0,0.0,0.0,1.0,1.0,1.0,0.413524,0.311632,0.586416,0.713682,3,lonely,random,,,
0.498816,0.910363,0.292554,0.201599,0.0,0.0,1.0,1.0,1.0,0.0,0.22766,0.554629,0.419779,0.764704,3,lonely,random,,,
0.019374,0.069823,0.036844,0.39977,0.0,0.0,0.0,0.0,0.0,0.0,0.805227,0.576584,0.319332,0.239435,0,quiet,random,,,
0.988884,0.529928,0.535922,0.66689,1.0,1.0,0.0,1.0,1.0,0.0,0.133912,0.737349,0.407952,0.423722,1,warm,random,,,
0.517566,0.306346,0.45781,0.120457,0.0,0.0,0.0,1.0,1.0,0.0,0.110854,0.272931,0.64758,0.329684,3,lonely,random,,,
0.620473,0.476977,0.005082,0.331726,0.0,0.0,0.0,0.0,0.0,0.0,0.600473,0.832882,0.706936,0.210659,1,warm,random,,,
0.070096,0.39298,0.260933,0.273626,0.0,0.0,0.0,1.0,1.0,0.0,0.705769,0.276291,0.344378,0.068498,0,quiet,random,,,
0.42026,0.706604,0.642346,0.111269,1.0,0.0,0.0,1.0,1.0,0.0,0.345685,0.191343,0.318172,0.069674,0,quiet,random,,,
0.211234,0.322125,0.228349,0.987047,1.0,0.0,0.0,1.0,1.0,0.0,0.453732,0.546982,0.244448,0.090769,0,quiet,random,,,
0.058744,0.818636,0.708226,0.970555,1.0,0.0,1.0,1.0,1.0,1.0,0.535773,0.418174,0.649675,0.566286,2,strange,random,,,
0.424422,0.849718,0.827962,0.971117,1.0,0.0,1.0,1.0,1.0,1.0,0.705118,0.393454,0.946197,0.123308,0,quiet,random,,,
0.668821,0.253156,0.0,0.183904,1,0,0,0,0,0,0.183064,0.901343,0.206523,0.197799,2,strange,controlled_contrast,clear_day,clear_day_025,weird_high
0.547341,0.463909,0.996851,0.60226,0.0,0.0,0.0,1.0,1.0,1.0,0.775531,0.518515,0.145386,0.343055,2,strange,random,,,
0.831979,0.034896,0.054134,0.300274,0.0,1.0,0.0,0.0,0.0,0.0,0.632699,0.98865,0.430034,0.13932,2,strange,random,,,
0.688353,0.309124,0.272992,0.143186,0.0,0.0,0.0,1.0,1.0,0.0,0.799368,0.192116,0.100996,0.113046,0,quiet,random,,,
0.495688,0.823128,0.115448,0.081572,0,0,1,0,1,0,0.194948,0.196789,0.198709,0.907192,3,lonely,controlled_contrast,humid_night,humid_night_022,lonely_high
0.07813,0.190742,0.167353,0.007531,1.0,0.0,0.0,0.0,1.0,0.0,0.727859,0.121384,0.130945,0.158597,0,quiet,random,,,
0.529505,0.341036,0.165316,0.716337,0.0,0.0,0.0,0.0,1.0,0.0,0.877787,0.214991,0.662026,0.102443,3,lonely,random,,,
0.08156,0.640025,0.397991,0.664002,1.0,0.0,0.0,1.0,1.0,0.0,0.964609,0.071782,0.484212,0.747624,0,quiet,random,,,
0.45433,0.203611,0.4447,0.205713,0.0,0.0,0.0,1.0,1.0,0.0,0.205828,0.394466,0.695614,0.531569,3,lonely,random,,,
0.403582,0.317521,0.971496,0.705402,1.0,0.0,0.0,1.0,1.0,1.0,0.069407,0.133312,0.566573,0.133158,2,strange,random,,,
0.771222,0.298325,0.576019,0.967385,1.0,1.0,0.0,1.0,1.0,0.0,0.959584,0.472383,0.618124,0.252479,1,warm,random,,,
0.612736,0.254267,0.212907,0.007722,1.0,0.0,0.0,1.0,1.0,0.0,0.164716,0.159164,0.680918,0.397345,1,warm,random,,,
0.354485,0.134195,0.463641,0.661706,0.0,0.0,0.0,1.0,1.0,0.0,0.417854,0.878533,0.112504,0.058114,2,strange,random,,,
0.436516,0.856015,0.710121,0.728432,0,0,1,1,1,1,0.894357,0.224462,0.222194,0.188971,0,quiet,controlled_contrast,stormy_weather,stormy_weather_017,calm_high
0.481665,0.241498,0.021996,0.219141,1,0,0,0,0,0,0.192975,0.21772,0.912976,0.190533,1,warm,controlled_contrast,neutral_weather,neutral_weather_057,warm_high
0.1886,0.084898,0.027576,0.590219,1.0,0.0,0.0,0.0,0.0,0.0,0.366715,0.738156,0.081801,0.105647,2,strange,random,,,
0.775143,0.429485,0.971041,0.983398,1.0,1.0,0.0,1.0,1.0,1.0,0.161783,0.995992,0.210636,0.533442,2,strange,random,,,
0.689891,0.281588,0.000525,0.139695,1,0,0,0,0,0,0.211887,0.901432,0.223558,0.206726,2,strange,controlled_contrast,clear_day,clear_day_058,weird_high
0.551331,0.861084,0.978372,0.865472,0.0,0.0,1.0,1.0,1.0,1.0,0.771728,0.520364,0.547108,0.07167,0,quiet,random,,,
0.767279,0.212582,0.537898,0.000337,1.0,1.0,0.0,1.0,1.0,0.0,0.112266,0.574313,0.758221,0.452425,1,warm,random,,,
0.588368,0.849988,0.237041,0.530441,0.0,0.0,1.0,1.0,1.0,0.0,0.108874,0.411801,0.671641,0.628391,3,lonely,random,,,
0.807149,0.397464,0.001411,0.101743,1.0,1.0,0.0,0.0,0.0,0.0,0.930774,0.322615,0.581996,0.08727,1,warm,random,,,
0.577309,0.759521,0.219138,0.658158,1.0,0.0,1.0,1.0,1.0,0.0,0.492198,0.289649,0.098578,0.678031,0,quiet,random,,,
0.009548,0.923539,0.983178,0.291384,1.0,0.0,1.0,1.0,1.0,0.0,0.646727,0.549238,0.595353,0.807416,0,quiet,random,,,
0.629833,0.167741,0.829083,0.049889,0.0,0.0,0.0,1.0,1.0,0.0,0.859139,0.467634,0.329734,0.638555,0,quiet,random,,,
0.792821,0.778103,0.377495,0.240566,0.0,1.0,1.0,1.0,1.0,0.0,0.77951,0.671653,0.230021,0.319788,0,quiet,random,,,
0.242173,0.190485,0.006584,0.759264,0.0,0.0,0.0,0.0,0.0,0.0,0.383441,0.207182,0.589782,0.621826,3,lonely,random,,,
0.324931,0.526608,0.28229,0.122258,0.0,0.0,0.0,1.0,1.0,0.0,0.182953,0.72937,0.500724,0.202794,3,lonely,random,,,
0.658936,0.810563,0.666807,0.333085,0.0,0.0,1.0,1.0,1.0,0.0,0.605513,0.789056,0.634929,0.157475,0,quiet,random,,,
0.220424,0.087145,0.032802,0.259601,1.0,0.0,0.0,0.0,0.0,0.0,0.709456,0.758773,0.702047,0.163381,1,warm,random,,,
0.096983,0.354677,0.731729,0.555867,0.0,0.0,0.0,1.0,1.0,1.0,0.416629,0.723443,0.44516,0.549737,2,strange,random,,,
0.219214,0.778504,0.416553,0.107814,1.0,0.0,1.0,1.0,1.0,0.0,0.128013,0.819067,0.524747,0.339543,0,quiet,random,,,
0.223234,0.958342,0.040404,0.309273,1.0,0.0,1.0,0.0,1.0,0.0,0.596186,0.091384,0.54575,0.131315,1,warm,random,,,
0.161666,0.340659,0.216627,0.000713,1.0,0.0,0.0,1.0,1.0,0.0,0.739952,0.114237,0.712448,0.657315,0,quiet,random,,,
0.926894,0.313389,0.063865,0.684177,0.0,1.0,0.0,0.0,0.0,0.0,0.653597,0.723243,0.509691,0.37521,1,warm,random,,,
0.436463,0.817114,0.740738,0.675204,0,0,1,1,1,1,0.19499,0.899433,0.224228,0.20081,2,strange,controlled_contrast,stormy_weather,stormy_weather_034,weird_high
0.434512,0.762302,0.443437,0.25326,0.0,0.0,1.0,1.0,1.0,0.0,0.356368,0.746439,0.224221,0.646049,3,lonely,random,,,
0.78539,0.9759,0.106219,0.558177,1.0,1.0,1.0,0.0,1.0,0.0,0.225156,0.23214,0.236737,0.634422,1,warm,random,,,
0.399494,0.761678,0.458769,0.146855,0,0,1,1,1,0,0.919778,0.177717,0.183663,0.181711,0,quiet,controlled_contrast,rainy_room,rainy_room_063,calm_high
0.123972,0.594671,0.798395,0.515738,1.0,0.0,0.0,1.0,1.0,1.0,0.403584,0.671842,0.833263,0.056442,2,strange,random,,,
0.955858,0.515533,0.753941,0.062194,0.0,1.0,0.0,1.0,1.0,0.0,0.44094,0.645804,0.429036,0.738278,3,lonely,random,,,
0.920394,0.214785,0.00045,0.616541,0.0,1.0,0.0,0.0,0.0,0.0,0.289997,0.332375,0.344134,0.531607,3,lonely,random,,,
0.324896,0.193642,0.859084,0.671622,1.0,0.0,0.0,1.0,1.0,1.0,0.623436,0.757924,0.671862,0.738583,2,strange,random,,,
0.279907,0.415787,0.181957,0.172955,0.0,0.0,0.0,0.0,1.0,0.0,0.630295,0.603284,0.35411,0.288587,3,lonely,random,,,
0.102816,0.818768,0.634449,0.106442,1.0,0.0,1.0,1.0,1.0,0.0,0.177756,0.619238,0.413509,0.112234,0,quiet,random,,,
0.531019,0.268757,0.073058,0.223145,1,0,0,0,0,0,0.201467,0.883488,0.19851,0.199682,2,strange,controlled_contrast,neutral_weather,neutral_weather_074,weird_high
0.549406,0.903438,0.012216,0.03963,1.0,0.0,1.0,0.0,1.0,0.0,0.088176,0.281407,0.447765,0.972638,3,lonely,random,,,
0.417338,0.758927,0.711177,0.613299,1.0,0.0,1.0,1.0,1.0,1.0,0.521199,0.907798,0.134678,0.091048,2,strange,random,,,
0.127716,0.737186,0.520864,0.437778,0.0,0.0,0.0,1.0,1.0,0.0,0.573801,0.355849,0.242081,0.953359,3,lonely,random,,,
0.279306,0.945535,0.507011,0.273588,1.0,0.0,1.0,1.0,1.0,0.0,0.599569,0.275661,0.415047,0.452891,0,quiet,random,,,
0.287016,0.697255,0.349507,0.23521,1.0,0.0,0.0,1.0,1.0,0.0,0.663569,0.367066,0.180401,0.113211,0,quiet,random,,,
0.368129,0.016401,0.700503,0.744974,1.0,0.0,0.0,1.0,1.0,1.0,0.347079,0.741023,0.247638,0.465393,2,strange,random,,,
0.465328,0.804782,0.080022,0.083526,0,0,1,0,1,0,0.207526,0.874403,0.191454,0.209776,3,lonely,controlled_contrast,humid_night,humid_night_023,weird_high
0.68847,0.281304,0.0,0.196472,1,0,0,0,0,0,0.896722,0.193425,0.187879,0.213988,0,quiet,controlled_contrast,clear_day,clear_day_054,calm_high
0.460898,0.80643,0.070625,0.121185,0,0,1,0,1,0,0.897294,0.197539,0.209899,0.175082,0,quiet,controlled_contrast,humid_night,humid_night_040,calm_high
0.470475,0.20524,0.2315,0.908943,0.0,0.0,0.0,1.0,1.0,0.0,0.610853,0.942314,0.350356,0.128956,2,strange,random,,,
0.628452,0.017075,0.070447,0.179139,1.0,0.0,0.0,0.0,0.0,0.0,0.696328,0.628794,0.733008,0.195837,1,warm,random,,,
0.854209,0.797145,0.782903,0.163531,0.0,1.0,1.0,1.0,1.0,0.0,0.230767,0.657117,0.423939,0.506345,3,lonely,random,,,
0.95387,0.677084,0.483484,0.303912,0.0,1.0,0.0,1.0,1.0,0.0,0.266068,0.565285,0.334647,0.193756,3,lonely,random,,,
0.716478,0.121252,0.000278,0.764192,0.0,0.0,0.0,0.0,0.0,0.0,0.629837,0.686557,0.933239,0.099901,1,warm,random,,,
0.796336,0.151071,0.001757,0.297551,0.0,1.0,0.0,0.0,0.0,0.0,0.591073,0.62168,0.684867,0.658045,1,warm,random,,,
0.881153,0.337598,0.418807,0.039657,1.0,1.0,0.0,1.0,1.0,0.0,0.065951,0.591812,0.770006,0.657662,1,warm,random,,,
0.047155,0.669552,0.66273,0.31991,1.0,0.0,0.0,1.0,1.0,0.0,0.538546,0.257247,0.287701,0.147533,0,quiet,random,,,
0.400315,0.844728,0.469226,0.154399,0,0,1,1,1,0,0.899209,0.197461,0.20932,0.206265,0,quiet,controlled_contrast,rainy_room,rainy_room_050,calm_high
0.045505,0.002789,0.97865,0.687436,1.0,0.0,0.0,1.0,1.0,1.0,0.733421,0.51912,0.732462,0.555747,2,strange,random,,,
0.696905,0.273851,0.0,0.165855,1,0,0,0,0,0,0.190558,0.895552,0.182609,0.211574,2,strange,controlled_contrast,clear_day,clear_day_015,weird_high
0.205146,0.697084,0.864054,0.412126,1.0,0.0,0.0,1.0,1.0,0.0,0.69201,0.644027,0.794712,0.20482,0,quiet,random,,,
0.561368,0.865566,0.574487,0.102599,1.0,0.0,1.0,1.0,1.0,0.0,0.452218,0.50628,0.532473,0.706628,0,quiet,random,,,
0.31833,0.897411,0.182845,0.578083,1.0,0.0,1.0,0.0,1.0,0.0,0.579344,0.116604,0.070061,0.914097,3,lonely,random,,,
0.400878,0.789006,0.450206,0.193393,0,0,1,1,1,0,0.230947,0.193374,0.892478,0.187365,3,lonely,controlled_contrast,rainy_room,rainy_room_002,warm_high
0.610269,0.991235,0.142543,0.148511,0.0,0.0,1.0,0.0,1.0,0.0,0.061794,0.363818,0.387439,0.312976,3,lonely,random,,,
0.194342,0.438983,0.463138,0.098374,0.0,0.0,0.0,1.0,1.0,0.0,0.481054,0.834052,0.489953,0.184631,0,quiet,random,,,
0.300803,0.357254,0.889937,0.757487,1.0,0.0,0.0,1.0,1.0,1.0,0.074225,0.816917,0.115957,0.607973,2,strange,random,,,
0.325388,0.112112,0.86919,0.371991,1.0,0.0,0.0,1.0,1.0,0.0,0.670378,0.06433,0.237657,0.273244,0,quiet,random,,,
0.103183,0.543024,0.086073,0.372197,1.0,0.0,0.0,0.0,1.0,0.0,0.757436,0.611826,0.391818,0.12931,1,warm,random,,,
0.916162,0.590979,0.02642,0.457081,1.0,1.0,0.0,0.0,0.0,0.0,0.335189,0.082584,0.248578,0.521217,1,warm,random,,,
0.528912,0.273113,0.057438,0.15931,1,0,0,0,0,0,0.868595,0.200658,0.202903,0.199153,0,quiet,controlled_contrast,neutral_weather,neutral_weather_008,calm_high
0.486521,0.821449,0.118301,0.09144,0,0,1,0,1,0,0.205877,0.198262,0.193311,0.904023,3,lonely,controlled_contrast,humid_night,humid_night_025,lonely_high
0.318657,0.129381,0.000106,0.649188,0.0,0.0,0.0,0.0,0.0,0.0,0.482056,0.101713,0.46752,0.346569,3,lonely,random,,,
0.161687,0.590739,0.765172,0.817944,0.0,0.0,0.0,1.0,1.0,1.0,0.354575,0.748871,0.729489,0.507961,2,strange,random,,,
0.673993,0.522936,0.000369,0.575891,1.0,0.0,0.0,0.0,0.0,0.0,0.380271,0.304922,0.448997,0.864317,1,warm,random,,,
0.750022,0.952316,0.508781,0.270282,1.0,1.0,1.0,1.0,1.0,0.0,0.682866,0.541763,0.613508,0.846732,0,quiet,random,,,
0.700718,0.23789,0.023072,0.121877,1,0,0,0,0,0,0.191681,0.197149,0.896726,0.207281,1,warm,controlled_contrast,clear_day,clear_day_028,warm_high
0.88547,0.570805,0.65281,0.803527,0.0,1.0,0.0,1.0,1.0,1.0,0.70255,0.446273,0.442467,0.330105,2,strange,random,,,
0.730926,0.112249,0.006981,0.022903,1.0,0.0,0.0,0.0,0.0,0.0,0.968111,0.111625,0.457779,0.662345,0,quiet,random,,,
0.033099,0.952502,0.069671,0.880955,1.0,0.0,1.0,0.0,0.0,0.0,0.168921,0.777252,0.149099,0.138053,2,strange,random,,,
0.447216,0.784336,0.435583,0.205309,0,0,1,1,1,0,0.211408,0.203568,0.18639,0.902438,3,lonely,controlled_contrast,rainy_room,rainy_room_007,lonely_high
0.92491,0.1996,0.003132,0.414112,0.0,1.0,0.0,0.0,0.0,0.0,0.474888,0.851482,0.630382,0.642371,1,warm,random,,,
0.858125,0.501805,0.021305,0.396537,1.0,1.0,0.0,0.0,0.0,0.0,0.151616,0.476973,0.343464,0.493107,1,warm,random,,,
0.725098,0.834018,0.916294,0.934782,1.0,0.0,1.0,1.0,1.0,1.0,0.093191,0.720997,0.650162,0.277098,2,strange,random,,,
0.455139,0.21807,0.069044,0.21782,1,0,0,0,0,0,0.190258,0.880733,0.208434,0.209072,2,strange,controlled_contrast,neutral_weather,neutral_weather_024,weird_high
0.223297,0.376515,0.096643,0.105958,1.0,0.0,0.0,0.0,1.0,0.0,0.572515,0.273593,0.819084,0.483499,1,warm,random,,,
0.739641,0.907927,0.466439,0.921461,0.0,0.0,1.0,1.0,1.0,0.0,0.666301,0.24508,0.727916,0.340983,0,quiet,random,,,
0.099893,0.236807,0.006157,0.206491,1.0,0.0,0.0,0.0,0.0,0.0,0.100466,0.914287,0.274657,0.283823,2,strange,random,,,
0.077611,0.962906,0.221491,0.017006,0.0,0.0,1.0,1.0,1.0,0.0,0.155179,0.466763,0.460557,0.892491,3,lonely,random,,,
0.805064,0.564417,0.066047,0.279917,0.0,1.0,0.0,0.0,0.0,0.0,0.855641,0.670825,0.179158,0.643848,3,lonely,random,,,
0.939374,0.600597,0.319517,0.331184,0.0,1.0,0.0,1.0,1.0,0.0,0.655048,0.630507,0.221539,0.656948,3,lonely,random,,,
0.701582,0.246542,0.016553,0.163925,1,0,0,0,0,0,0.221724,0.183137,0.195856,0.892169,3,lonely,controlled_contrast,clear_day,clear_day_017,lonely_high
0.458675,0.160689,0.602875,0.758887,1.0,0.0,0.0,1.0,1.0,0.0,0.468266,0.173543,0.213265,0.170289,0,quiet,random,,,
0.023073,0.386425,0.081768,0.961374,1.0,0.0,0.0,0.0,1.0,0.0,0.221116,0.454439,0.12494,0.505722,3,lonely,random,,,
0.434131,0.761002,0.440558,0.233316,0,0,1,1,1,0,0.213454,0.206768,0.903695,0.219915,3,lonely,controlled_contrast,rainy_room,rainy_room_060,warm_high
0.017052,0.286196,0.44467,0.845819,0.0,0.0,0.0,1.0,1.0,0.0,0.54667,0.068533,0.698163,0.551475,3,lonely,random,,,
0.965102,0.476728,0.034478,0.024558,1.0,1.0,0.0,0.0,0.0,0.0,0.496602,0.774974,0.368741,0.099153,1,warm,random,,,
0.539353,0.838299,0.405367,0.442517,1.0,0.0,1.0,1.0,1.0,0.0,0.592302,0.645311,0.061711,0.325785,0,quiet,random,,,
0.455629,0.780217,0.466423,0.198784,0,0,1,1,1,0,0.905436,0.177528,0.214984,0.216932,0,quiet,controlled_contrast,rainy_room,rainy_room_049,calm_high
0.737977,0.156453,0.009278,0.506411,1.0,0.0,0.0,0.0,0.0,0.0,0.31599,0.254454,0.167884,0.182279,1,warm,random,,,
0.192356,0.367268,0.13419,0.456662,0.0,0.0,0.0,0.0,1.0,0.0,0.500432,0.566862,0.562578,0.719337,3,lonely,random,,,
0.959019,0.895593,0.268288,0.545926,1.0,1.0,1.0,1.0,1.0,0.0,0.37975,0.172302,0.850686,0.695881,1,warm,random,,,
0.845079,0.215644,0.000287,0.000738,0.0,1.0,0.0,0.0,0.0,0.0,0.424004,0.272675,0.154583,0.361027,3,lonely,random,,,
0.067535,0.024329,0.011201,0.9724,1.0,0.0,0.0,0.0,0.0,0.0,0.333112,0.163963,0.635991,0.901729,1,warm,random,,,
0.551378,0.734672,0.240968,0.639701,1.0,0.0,0.0,1.0,1.0,0.0,0.446086,0.303629,0.059847,0.735204,3,lonely,random,,,
0.981217,0.290451,0.018094,0.078322,0.0,1.0,0.0,0.0,0.0,0.0,0.709445,0.199792,0.162554,0.461423,3,lonely,random,,,
0.235196,0.249375,0.023421,0.038374,1.0,0.0,0.0,0.0,0.0,0.0,0.4161,0.233822,0.245696,0.526329,1,warm,random,,,
0.862959,0.549581,0.203487,0.471586,1.0,1.0,0.0,1.0,1.0,0.0,0.475284,0.317752,0.233225,0.582121,1,warm,random,,,
0.433152,0.783172,0.473817,0.18463,0,0,1,1,1,0,0.889093,0.209283,0.197049,0.21249,0,quiet,controlled_contrast,rainy_room,rainy_room_015,calm_high
0.473243,0.529495,0.002428,0.154795,1.0,0.0,0.0,0.0,0.0,0.0,0.507726,0.749524,0.059512,0.26399,2,strange,random,,,
0.317794,0.925922,0.000158,0.247681,0.0,0.0,1.0,0.0,0.0,0.0,0.612629,0.43395,0.348179,0.100461,0,quiet,random,,,
0.509008,0.259376,0.055282,0.184816,1,0,0,0,0,0,0.900344,0.187975,0.183769,0.194074,0,quiet,controlled_contrast,neutral_weather,neutral_weather_053,calm_high
0.032737,0.276312,0.444458,0.719922,0.0,0.0,0.0,1.0,1.0,0.0,0.069487,0.201286,0.159772,0.506354,3,lonely,random,,,
0.31715,0.099008,0.84481,0.479927,0.0,0.0,0.0,1.0,1.0,1.0,0.645165,0.667373,0.775982,0.256133,2,strange,random,,,
0.477093,0.500097,0.363174,0.53387,1.0,0.0,0.0,1.0,1.0,0.0,0.671473,0.802318,0.579018,0.243766,0,quiet,random,,,
0.35027,0.051329,0.168713,0.016696,1.0,0.0,0.0,0.0,1.0,0.0,0.293065,0.879996,0.1305,0.528872,2,strange,random,,,
0.429341,0.87034,0.498136,0.314406,1.0,0.0,1.0,1.0,1.0,0.0,0.880685,0.475291,0.358439,0.660564,0,quiet,random,,,
0.143603,0.570574,0.462673,0.087492,1.0,0.0,0.0,1.0,1.0,0.0,0.438462,0.550873,0.277679,0.355511,0,quiet,random,,,
0.18102,0.353435,0.027744,0.184393,0.0,0.0,0.0,0.0,0.0,0.0,0.584151,0.899019,0.346986,0.115047,2,strange,random,,,
0.375029,0.256653,0.008618,0.257161,1.0,0.0,0.0,0.0,0.0,0.0,0.481131,0.621416,0.172929,0.895892,3,lonely,random,,,
0.722237,0.979531,0.040098,0.202907,0.0,0.0,1.0,0.0,1.0,0.0,0.204704,0.549585,0.922805,0.578272,3,lonely,random,,,
0.445156,0.03056,0.033584,0.29323,1.0,0.0,0.0,0.0,0.0,0.0,0.597563,0.142495,0.180207,0.793926,1,warm,random,,,
0.174325,0.488465,0.007169,0.713129,0.0,0.0,0.0,0.0,0.0,0.0,0.406616,0.830652,0.512015,0.34661,2,strange,random,,,
0.186794,0.195095,0.484498,0.183666,0.0,0.0,0.0,1.0,1.0,0.0,0.465242,0.726612,0.227292,0.299955,0,quiet,random,,,
0.263815,0.376655,0.156031,0.760953,0.0,0.0,0.0,0.0,1.0,0.0,0.608816,0.648273,0.979125,0.128952,1,warm,random,,,
0.899662,0.919453,0.255204,0.888031,1.0,1.0,1.0,1.0,1.0,0.0,0.106133,0.953036,0.624636,0.167625,1,warm,random,,,
0.216723,0.611389,0.140918,0.977851,0.0,0.0,0.0,0.0,1.0,0.0,0.623142,0.620848,0.742416,0.27834,3,lonely,random,,,
0.914904,0.300348,0.633995,0.287404,1.0,1.0,0.0,1.0,1.0,0.0,0.130723,0.489011,0.292409,0.090519,1,warm,random,,,
0.864296,0.385904,0.010209,0.354219,0.0,1.0,0.0,0.0,0.0,0.0,0.45295,0.718487,0.581139,0.54944,1,warm,random,,,
0.472553,0.375623,0.681545,0.589202,0.0,0.0,0.0,1.0,1.0,1.0,0.587048,0.809723,0.315523,0.079269,2,strange,random,,,
0.452419,0.164284,0.000802,0.959322,1.0,0.0,0.0,0.0,0.0,0.0,0.686354,0.780581,0.127772,0.348507,2,strange,random,,,
0.200727,0.253723,0.000625,0.300845,1.0,0.0,0.0,0.0,0.0,0.0,0.720499,0.230264,0.940489,0.087481,1,warm,random,,,
0.425916,0.814611,0.084313,0.129347,0,0,1,0,1,0,0.193103,0.899161,0.210404,0.20346,3,lonely,controlled_contrast,humid_night,humid_night_062,weird_high
0.278653,0.194313,0.340199,0.572114,1.0,0.0,0.0,1.0,1.0,0.0,0.275379,0.954647,0.238812,0.535787,2,strange,random,,,
0.481303,0.84223,0.353064,0.575564,1.0,0.0,1.0,1.0,1.0,0.0,0.615688,0.220313,0.74254,0.73697,0,quiet,random,,,
0.839617,0.35777,0.596615,0.108119,1.0,1.0,0.0,1.0,1.0,0.0,0.437666,0.707619,0.131015,0.118002,0,quiet,random,,,
0.449,0.821614,0.555959,0.218824,1.0,0.0,1.0,1.0,1.0,0.0,0.193858,0.919265,0.329773,0.621785,0,quiet,random,,,
0.488684,0.209142,0.0,0.218181,1,0,0,0,0,0,0.17687,0.225482,0.205103,0.915956,3,lonely,controlled_contrast,neutral_weather,neutral_weather_017,lonely_high
0.945171,0.809909,0.164433,0.788192,0.0,1.0,1.0,0.0,1.0,0.0,0.544894,0.313794,0.74231,0.653851,3,lonely,random,,,
0.19876,0.117992,0.840694,0.797464,1.0,0.0,0.0,1.0,1.0,1.0,0.587112,0.671851,0.270995,0.378304,2,strange,random,,,
0.98834,0.359907,0.199934,0.469514,1.0,1.0,0.0,0.0,1.0,0.0,0.22848,0.141998,0.792374,0.680662,1,warm,random,,,
0.317032,0.777214,0.839279,0.161819,1.0,0.0,1.0,1.0,1.0,0.0,0.53444,0.30898,0.134303,0.301438,0,quiet,random,,,
0.836593,0.856588,0.212439,0.527087,0.0,1.0,1.0,1.0,1.0,0.0,0.574977,0.095488,0.804237,0.408769,0,quiet,random,,,
0.682521,0.424627,0.889395,0.957312,1.0,0.0,0.0,1.0,1.0,1.0,0.570999,0.6742,0.778572,0.59007,2,strange,random,,,
0.588592,0.336975,0.879794,0.470105,1.0,0.0,0.0,1.0,1.0,1.0,0.570703,0.097733,0.401333,0.807137,3,lonely,random,,,
0.028748,0.861773,0.043328,0.184775,1.0,0.0,1.0,0.0,0.0,0.0,0.188432,0.813116,0.292596,0.445757,1,warm,random,,,
0.740756,0.334487,0.28937,0.222332,1.0,0.0,0.0,1.0,1.0,0.0,0.27358,0.564618,0.645976,0.085695,1,warm,random,,,
0.481049,0.857944,0.051143,0.130374,0,0,1,0,1,0,0.895496,0.194832,0.194549,0.189376,0,quiet,controlled_contrast,humid_night,humid_night_055,calm_high
0.456423,0.365713,0.087435,0.306702,0.0,0.0,0.0,0.0,1.0,0.0,0.28843,0.143673,0.801208,0.422322,3,lonely,random,,,
0.292062,0.259403,0.975922,0.775545,1.0,0.0,0.0,1.0,1.0,1.0,0.133701,0.623307,0.310002,0.217872,2,strange,random,,,
0.127704,0.854082,0.718446,0.697051,0.0,0.0,1.0,1.0,1.0,1.0,0.437327,0.871414,0.52189,0.377767,2,strange,random,,,
0.430374,0.020284,0.418195,0.287772,0.0,0.0,0.0,1.0,1.0,0.0,0.415633,0.666776,0.09107,0.134325,0,quiet,random,,,
0.580023,0.375343,0.046466,0.00014,1.0,0.0,0.0,0.0,0.0,0.0,0.17991,0.727476,0.052958,0.189628,2,strange,random,,,
0.887885,0.961371,0.028038,0.007079,1.0,1.0,1.0,0.0,1.0,0.0,0.524453,0.971829,0.423263,0.212965,1,warm,random,,,
0.473455,0.757303,0.340191,0.810772,0.0,0.0,1.0,1.0,1.0,0.0,0.614805,0.059157,0.666669,0.313383,0,quiet,random,,,
0.951582,0.797214,0.009659,0.110765,0.0,1.0,1.0,0.0,1.0,0.0,0.767571,0.194054,0.352273,0.598275,3,lonely,random,,,
0.715404,0.060534,0.044378,0.163779,1.0,0.0,0.0,0.0,0.0,0.0,0.100908,0.893552,0.071284,0.257346,2,strange,random,,,
0.462598,0.935763,0.34227,0.398972,0.0,0.0,1.0,1.0,1.0,0.0,0.407749,0.280717,0.890451,0.145625,0,quiet,random,,,
0.500361,0.22151,0.019249,0.17766,1,0,0,0,0,0,0.181665,0.205606,0.881491,0.184323,1,warm,controlled_contrast,neutral_weather,neutral_weather_028,warm_high
0.486865,0.322489,2e-06,0.398991,0.0,0.0,0.0,0.0,0.0,0.0,0.174588,0.840888,0.159786,0.242716,2,strange,random,,,
0.900246,0.301207,0.013865,0.591083,0.0,1.0,0.0,0.0,0.0,0.0,0.733507,0.840423,0.103441,0.066691,2,strange,random,,,
0.231007,0.397625,0.06631,0.507066,1.0,0.0,0.0,0.0,0.0,0.0,0.334839,0.503243,0.800594,0.600208,1,warm,random,,,
0.972577,0.692333,0.134481,0.626302,0.0,1.0,0.0,0.0,1.0,0.0,0.510835,0.726932,0.650638,0.529279,3,lonely,random,,,
0.461201,0.829207,0.098287,0.062909,0,0,1,0,1,0,0.205448,0.896502,0.218999,0.207659,3,lonely,controlled_contrast,humid_night,humid_night_008,weird_high
0.883125,0.468837,0.591812,0.840955,1.0,1.0,0.0,1.0,1.0,0.0,0.818066,0.556111,0.541389,0.690795,1,warm,random,,,
0.883517,0.750814,0.033359,0.439536,1.0,1.0,1.0,0.0,0.0,0.0,0.412687,0.852112,0.618974,0.697122,1,warm,random,,,
0.14006,0.74053,0.759737,0.686414,0.0,0.0,0.0,1.0,1.0,1.0,0.230321,0.211047,0.731732,0.11634,3,lonely,random,,,
0.282865,0.642866,0.302439,0.001345,1.0,0.0,0.0,1.0,1.0,0.0,0.43171,0.286325,0.706116,0.48854,1,warm,random,,,
0.661179,0.250931,0.062204,0.73452,1.0,0.0,0.0,0.0,0.0,0.0,0.397363,0.593174,0.680925,0.439026,1,warm,random,,,
0.597404,0.707585,0.160588,0.288361,1.0,0.0,0.0,0.0,1.0,0.0,0.370274,0.725643,0.664467,0.601105,1,warm,random,,,
0.150031,0.660667,0.075785,0.585446,0.0,0.0,0.0,0.0,0.0,0.0,0.61227,0.998854,0.614021,0.21337,2,strange,random,,,
0.770339,0.534949,0.071276,0.853571,0.0,1.0,0.0,0.0,0.0,0.0,0.301333,0.235714,0.062668,0.881634,3,lonely,random,,,
0.557878,0.165152,0.870777,0.586184,0.0,0.0,0.0,1.0,1.0,1.0,0.43429,0.602819,0.060093,0.153799,2,strange,random,,,
0.03719,0.536372,0.713437,0.456381,1.0,0.0,0.0,1.0,1.0,1.0,0.457744,0.415006,0.426397,0.375884,2,strange,random,,,
0.667352,0.858496,0.025997,0.0989,1.0,0.0,1.0,0.0,1.0,0.0,0.514853,0.267866,0.48929,0.227877,1,warm,random,,,
0.211481,0.373427,0.344677,0.541,1.0,0.0,0.0,1.0,1.0,0.0,0.7342,0.162889,0.673773,0.506481,0,quiet,random,,,
0.486036,0.236383,0.092733,0.191395,1,0,0,0,0,0,0.198799,0.176339,0.188776,0.882704,3,lonely,controlled_contrast,neutral_weather,neutral_weather_029,lonely_high
0.34092,0.029234,0.99989,0.527179,0.0,0.0,0.0,1.0,1.0,1.0,0.569124,0.831976,0.130355,0.474064,2,strange,random,,,
0.009183,0.258729,0.920783,0.686794,1.0,0.0,0.0,1.0,1.0,1.0,0.431735,0.817481,0.084574,0.739213,2,strange,random,,,
0.059354,0.319809,0.006598,0.639107,0.0,0.0,0.0,0.0,0.0,0.0,0.380701,0.696972,0.479376,0.29287,3,lonely,random,,,
0.458036,0.80419,0.708569,0.731029,0,0,1,1,1,1,0.194624,0.190594,0.192427,0.884368,3,lonely,controlled_contrast,stormy_weather,stormy_weather_063,lonely_high
0.006835,0.758842,0.201803,0.335524,0.0,0.0,1.0,1.0,1.0,0.0,0.713294,0.595478,0.426845,0.583492,0,quiet,random,,,
0.274477,0.659721,0.032728,0.35474,1.0,0.0,0.0,0.0,0.0,0.0,0.194931,0.737484,0.701171,0.175305,1,warm,random,,,
0.082267,0.65431,0.038496,0.190489,1.0,0.0,0.0,0.0,0.0,0.0,0.959767,0.66429,0.280997,0.103959,0,quiet,random,,,
0.114356,0.843087,0.972809,0.236704,1.0,0.0,1.0,1.0,1.0,0.0,0.784922,0.1139,0.497054,0.417385,0,quiet,random,,,
0.971758,0.153007,0.003689,0.209807,1.0,1.0,0.0,0.0,0.0,0.0,0.699258,0.390203,0.403011,0.420184,1,warm,random,,,
0.894411,0.572425,0.195088,0.142958,0.0,1.0,0.0,0.0,1.0,0.0,0.127727,0.098971,0.505068,0.535349,3,lonely,random,,,
0.109469,0.397399,0.156595,0.382634,0.0,0.0,0.0,0.0,1.0,0.0,0.98005,0.707136,0.560754,0.3743,3,lonely,random,,,
0.529058,0.546592,0.498878,0.003163,1.0,0.0,0.0,1.0,1.0,0.0,0.574216,0.852217,0.340305,0.248997,0,quiet,random,,,
0.526218,0.245458,0.042,0.206506,1,0,0,0,0,0,0.198957,0.878669,0.203725,0.197323,2,strange,controlled_contrast,neutral_weather,neutral_weather_048,weird_high
0.217361,0.202542,0.911013,0.338277,1.0,0.0,0.0,1.0,1.0,0.0,0.782769,0.302811,0.669682,0.544895,0,quiet,random,,,
0.609075,0.706933,0.276311,0.427203,0.0,0.0,0.0,1.0,1.0,0.0,0.303287,0.896356,0.534605,0.083153,3,lonely,random,,,
0.670681,0.253651,0.026174,0.229677,0.0,0.0,0.0,0.0,0.0,0.0,0.468474,0.722619,0.207889,0.073132,2,strange,random,,,
0.708131,0.91817,0.756642,0.913579,1.0,0.0,1.0,1.0,1.0,1.0,0.50138,0.417756,0.735249,0.098817,2,strange,random,,,
0.273862,0.762072,0.09695,0.946102,0.0,0.0,1.0,0.0,1.0,0.0,0.256565,0.438659,0.247107,0.837321,3,lonely,random,,,
0.517475,0.93444,0.656833,0.191644,0.0,0.0,1.0,1.0,1.0,0.0,0.451091,0.888035,0.743036,0.342438,0,quiet,random,,,
0.691667,0.616761,0.001468,0.348751,1.0,0.0,0.0,0.0,0.0,0.0,0.276914,0.426891,0.60428,0.637856,1,warm,random,,,
0.929254,0.969117,0.052974,0.182604,1.0,1.0,1.0,0.0,1.0,0.0,0.563596,0.572109,0.797439,0.448612,1,warm,random,,,
0.707582,0.267636,0.041767,0.169539,1,0,0,0,0,0,0.227721,0.899956,0.210017,0.191847,2,strange,controlled_contrast,clear_day,clear_day_062,weird_high
0.995979,0.246248,0.000114,0.351625,0.0,1.0,0.0,0.0,0.0,0.0,0.210324,0.672393,0.687752,0.652708,1,warm,random,,,
0.959864,0.711811,0.01608,0.250722,1.0,1.0,0.0,0.0,0.0,0.0,0.814326,0.434693,0.143047,0.244411,1,warm,random,,,
0.662054,0.012006,0.910232,0.459814,1.0,0.0,0.0,1.0,1.0,1.0,0.290939,0.482563,0.427356,0.281688,2,strange,random,,,
0.482372,0.77884,0.72869,0.670935,0,0,1,1,1,1,0.214558,0.194434,0.202726,0.903741,3,lonely,controlled_contrast,stormy_weather,stormy_weather_027,lonely_high
0.488855,0.816449,0.083128,0.095871,0,0,1,0,1,0,0.213842,0.19189,0.197486,0.892387,3,lonely,controlled_contrast,humid_night,humid_night_024,lonely_high
0.410584,0.78684,0.45927,0.153638,0,0,1,1,1,0,0.178375,0.180035,0.907085,0.207111,3,lonely,controlled_contrast,rainy_room,rainy_room_067,warm_high
0.436202,0.772235,0.352302,0.272498,0.0,0.0,1.0,1.0,1.0,0.0,0.514499,0.748501,0.53892,0.333184,0,quiet,random,,,
0.012207,0.928386,0.657742,0.98663,1.0,0.0,1.0,1.0,1.0,1.0,0.391795,0.477487,0.057461,0.44428,2,strange,random,,,
0.43482,0.806969,0.425369,0.16554,0,0,1,1,1,0,0.202417,0.20539,0.880796,0.203347,3,lonely,controlled_contrast,rainy_room,rainy_room_046,warm_high
0.544617,0.884579,0.727425,0.000348,1.0,0.0,1.0,1.0,1.0,0.0,0.651201,0.620189,0.433017,0.861465,0,quiet,random,,,
0.755639,0.689295,0.384805,0.02352,1.0,1.0,0.0,1.0,1.0,0.0,0.995303,0.545251,0.219554,0.179516,0,quiet,random,,,
0.598557,0.418572,0.074502,0.711446,0.0,0.0,0.0,0.0,0.0,0.0,0.20809,0.138786,0.163394,0.26244,3,lonely,random,,,
0.374649,0.793636,0.417525,0.131082,0,0,1,1,1,0,0.196324,0.187307,0.199379,0.896023,3,lonely,controlled_contrast,rainy_room,rainy_room_062,lonely_high
0.424664,0.816891,0.9222,0.489286,0.0,0.0,1.0,1.0,1.0,1.0,0.719099,0.860104,0.63203,0.434049,2,strange,random,,,
0.484624,0.825698,0.090672,0.139599,0,0,1,0,1,0,0.185136,0.897679,0.192796,0.184,3,lonely,controlled_contrast,humid_night,humid_night_037,weird_high
0.91421,0.260703,0.333192,0.297209,1.0,1.0,0.0,1.0,1.0,0.0,0.135129,0.505989,0.68597,0.23909,1,warm,random,,,
0.072156,0.760533,0.557068,0.673154,0.0,0.0,1.0,1.0,1.0,0.0,0.372848,0.501508,0.650815,0.81215,3,lonely,random,,,
0.264405,0.558863,0.245286,0.41345,1.0,0.0,0.0,1.0,1.0,0.0,0.430253,0.709206,0.203385,0.100819,0,quiet,random,,,
0.623679,0.129789,0.017039,0.440138,1.0,0.0,0.0,0.0,0.0,0.0,0.471147,0.705808,0.112906,0.071556,2,strange,random,,,
0.042961,0.02776,0.054478,0.274843,0.0,0.0,0.0,0.0,0.0,0.0,0.734919,0.83522,0.293055,0.377214,2,strange,random,,,
0.43152,0.801058,0.423261,0.199153,0,0,1,1,1,0,0.191106,0.212008,0.175748,0.904606,3,lonely,controlled_contrast,rainy_room,rainy_room_045,lonely_high
0.501238,0.979385,0.018069,0.108321,0.0,0.0,1.0,0.0,1.0,0.0,0.438913,0.638863,0.789629,0.676498,3,lonely,random,,,
0.530646,0.241936,0.039288,0.186778,1,0,0,0,0,0,0.898853,0.187592,0.217149,0.201507,0,quiet,controlled_contrast,neutral_weather,neutral_weather_076,calm_high
0.181084,0.113263,0.957394,0.605963,1.0,0.0,0.0,1.0,1.0,1.0,0.165557,0.1452,0.230872,0.139746,2,strange,random,,,
0.75111,0.727483,0.094971,0.503533,0.0,1.0,0.0,0.0,1.0,0.0,0.454154,0.551242,0.125233,0.062924,3,lonely,random,,,
0.286757,0.155885,0.761245,0.876164,0.0,0.0,0.0,1.0,1.0,1.0,0.119825,0.25083,0.213786,0.246703,2,strange,random,,,
0.178678,0.349123,0.0,0.771811,0.0,0.0,0.0,0.0,0.0,0.0,0.594233,0.951606,0.187728,0.13647,2,strange,random,,,
0.832354,0.711024,0.211453,0.005846,1.0,1.0,0.0,1.0,1.0,0.0,0.644886,0.443769,0.162194,0.16491,0,quiet,random,,,
0.301693,0.874034,0.08133,0.089162,1.0,0.0,1.0,0.0,1.0,0.0,0.189129,0.46613,0.661559,0.601724,1,warm,random,,,
0.044625,0.059995,0.000858,0.136424,1.0,0.0,0.0,0.0,0.0,0.0,0.657449,0.928842,0.15509,0.212732,2,strange,random,,,
0.167068,0.304923,0.678247,0.687359,1.0,0.0,0.0,1.0,1.0,1.0,0.691245,0.603514,0.358418,0.107724,2,strange,random,,,
0.340854,0.907542,0.383263,0.791785,1.0,0.0,1.0,1.0,1.0,0.0,0.365975,0.520867,0.964815,0.202541,1,warm,random,,,
0.737982,0.253172,0.021814,0.164692,1,0,0,0,0,0,0.201951,0.185844,0.203964,0.904683,3,lonely,controlled_contrast,clear_day,clear_day_022,lonely_high
0.175088,0.632484,0.937598,0.517646,1.0,0.0,0.0,1.0,1.0,1.0,0.502606,0.605074,0.393485,0.706644,2,strange,random,,,
0.548155,0.827379,0.560486,0.663228,1.0,0.0,1.0,1.0,1.0,0.0,0.730533,0.317099,0.462963,0.730892,0,quiet,random,,,
0.396593,0.788419,0.441875,0.199488,0,0,1,1,1,0,0.192254,0.210887,0.199872,0.868935,3,lonely,controlled_contrast,rainy_room,rainy_room_051,lonely_high
0.894778,0.191654,0.023838,0.229767,0.0,1.0,0.0,0.0,0.0,0.0,0.816683,0.505172,0.265511,0.078753,0,quiet,random,,,
0.572336,0.267503,0.0009,0.601271,0.0,0.0,0.0,0.0,0.0,0.0,0.667745,0.258766,0.403204,0.433417,3,lonely,random,,,
0.825625,0.456091,0.336554,0.983023,1.0,1.0,0.0,1.0,1.0,0.0,0.413225,0.322961,0.230759,0.974395,3,lonely,random,,,
0.149254,0.811507,0.484506,0.74455,1.0,0.0,1.0,1.0,1.0,0.0,0.655875,0.289965,0.746919,0.886352,0,quiet,random,,,
0.387937,0.778223,0.449234,0.208866,0,0,1,1,1,0,0.204546,0.189845,0.894634,0.215611,3,lonely,controlled_contrast,rainy_room,rainy_room_025,warm_high
0.958526,0.313004,0.411377,0.462721,0.0,1.0,0.0,1.0,1.0,0.0,0.783243,0.393949,0.363252,0.475667,0,quiet,random,,,
0.938958,0.942934,0.344537,0.213547,1.0,1.0,1.0,1.0,1.0,0.0,0.727778,0.086936,0.211728,0.240273,0,quiet,random,,,
0.865637,0.738921,0.49059,0.122054,0.0,1.0,0.0,1.0,1.0,0.0,0.280393,0.76675,0.119033,0.699671,3,lonely,random,,,
0.450101,0.778541,0.086315,0.112018,0,0,1,0,1,0,0.209855,0.887891,0.191451,0.20711,3,lonely,controlled_contrast,humid_night,humid_night_012,weird_high
0.472549,0.810324,0.731222,0.715807,0,0,1,1,1,1,0.194189,0.212448,0.898733,0.20259,3,lonely,controlled_contrast,stormy_weather,stormy_weather_040,warm_high
0.756006,0.252887,0.0,0.128958,1,0,0,0,0,0,0.89143,0.189136,0.205107,0.202462,0,quiet,controlled_contrast,clear_day,clear_day_074,calm_high
0.349242,0.541339,0.632221,0.058686,0.0,0.0,0.0,1.0,1.0,0.0,0.655547,0.31119,0.408951,0.779741,3,lonely,random,,,
0.97841,0.26836,0.022225,0.737372,0.0,1.0,0.0,0.0,0.0,0.0,0.244582,0.088655,0.515021,0.058367,1,warm,random,,,
0.768786,0.175587,4.1e-05,0.459152,0.0,1.0,0.0,0.0,0.0,0.0,0.515804,0.780968,0.054565,0.088294,2,strange,random,,,
0.396593,0.788419,0.441875,0.199488,0,0,1,1,1,0,0.204565,0.897296,0.21758,0.225504,3,lonely,controlled_contrast,rainy_room,rainy_room_051,weird_high
0.392058,0.74951,0.482807,0.108556,0,0,1,1,1,0,0.194272,0.183723,0.197998,0.878336,3,lonely,controlled_contrast,rainy_room,rainy_room_077,lonely_high
0.724576,0.415073,0.941623,0.723376,0.0,0.0,0.0,1.0,1.0,1.0,0.524957,0.964663,0.169118,0.381984,2,strange,random,,,
0.436765,0.447678,0.646706,0.961646,1.0,0.0,0.0,1.0,1.0,0.0,0.855276,0.346678,0.419372,0.565577,0,quiet,random,,,
0.704271,0.78731,0.446813,0.851687,1.0,0.0,1.0,1.0,1.0,0.0,0.272753,0.375174,0.534529,0.592789,0,quiet,random,,,
0.501841,0.751015,0.929051,0.584659,1.0,0.0,1.0,1.0,1.0,1.0,0.549941,0.680087,0.637625,0.947434,2,strange,random,,,
0.504375,0.813767,0.088849,0.11829,0,0,1,0,1,0,0.893718,0.219845,0.190846,0.212476,0,quiet,controlled_contrast,humid_night,humid_night_058,calm_high
0.012572,0.219584,0.239918,0.578844,1.0,0.0,0.0,1.0,1.0,0.0,0.742845,0.384494,0.324679,0.428392,0,quiet,random,,,
0.676934,0.848177,0.052649,0.781209,0.0,0.0,1.0,0.0,1.0,0.0,0.290963,0.122262,0.548703,0.641543,3,lonely,random,,,
0.262441,0.55018,0.898835,0.351127,1.0,0.0,0.0,1.0,1.0,0.0,0.663199,0.176524,0.239541,0.242546,0,quiet,random,,,
0.474563,0.000189,0.894164,0.468207,0.0,0.0,0.0,1.0,1.0,1.0,0.726018,0.638531,0.685347,0.062863,2,strange,random,,,
0.94242,0.695742,0.935373,0.023354,0.0,1.0,0.0,1.0,1.0,0.0,0.393743,0.947819,0.624574,0.052184,3,lonely,random,,,
0.451429,0.769924,0.498682,0.190523,0,0,1,1,1,0,0.904853,0.20169,0.190142,0.222855,0,quiet,controlled_contrast,rainy_room,rainy_room_013,calm_high
0.486036,0.236383,0.092733,0.191395,1,0,0,0,0,0,0.197572,0.197783,0.920007,0.204016,1,warm,controlled_contrast,neutral_weather,neutral_weather_029,warm_high
0.414734,0.796917,0.500263,0.200343,0,0,1,1,1,0,0.216111,0.898458,0.185512,0.178711,0,quiet,controlled_contrast,rainy_room,rainy_room_028,weird_high
0.959271,0.547701,0.493359,0.10251,0.0,1.0,0.0,1.0,1.0,0.0,0.144617,0.741301,0.586792,0.591275,3,lonely,random,,,
0.503834,0.862312,0.130386,0.134107,0,0,1,0,1,0,0.20805,0.192502,0.874867,0.197254,3,lonely,controlled_contrast,humid_night,humid_night_031,warm_high
0.010747,0.723268,0.17851,0.284283,1.0,0.0,0.0,0.0,1.0,0.0,0.579274,0.696945,0.570355,0.650044,1,warm,random,,,
0.323786,0.634188,0.00432,0.868248,1.0,0.0,0.0,0.0,0.0,0.0,0.29305,0.223429,0.280895,0.946841,3,lonely,random,,,
0.346492,0.832671,0.542403,0.190158,1.0,0.0,1.0,1.0,1.0,0.0,0.449259,0.650875,0.608389,0.421277,0,quiet,random,,,
0.727587,0.392283,0.325018,0.787619,1.0,0.0,0.0,1.0,1.0,0.0,0.456904,0.639785,0.672385,0.329414,1,warm,random,,,
0.494598,0.815122,0.070217,0.141331,0,0,1,0,1,0,0.19068,0.927437,0.184092,0.195955,3,lonely,controlled_contrast,humid_night,humid_night_063,weird_high
0.415572,0.454667,0.36343,0.166587,1.0,0.0,0.0,1.0,1.0,0.0,0.554415,0.206364,0.19842,0.688979,0,quiet,random,,,
0.485138,0.736018,0.128108,0.216564,0.0,0.0,0.0,0.0,1.0,0.0,0.720976,0.060388,0.222081,0.730379,3,lonely,random,,,
0.139955,0.117483,0.915704,0.137894,1.0,0.0,0.0,1.0,1.0,0.0,0.095538,0.87909,0.156369,0.2666,2,strange,random,,,
0.817749,0.298734,0.771146,0.067433,1.0,1.0,0.0,1.0,1.0,0.0,0.748478,0.52994,0.478909,0.492854,0,quiet,random,,,
0.439151,0.18164,0.776321,0.958591,1.0,0.0,0.0,1.0,1.0,1.0,0.224443,0.846466,0.077932,0.286111,2,strange,random,,,
0.421043,0.259931,0.79204,0.142104,0.0,0.0,0.0,1.0,1.0,0.0,0.323438,0.504839,0.611307,0.10593,0,quiet,random,,,
0.208127,0.065337,0.951768,0.654965,1.0,0.0,0.0,1.0,1.0,1.0,0.392166,0.748832,0.742359,0.738846,2,strange,random,,,
0.002618,0.860879,0.510352,0.909765,1.0,0.0,1.0,1.0,1.0,0.0,0.74278,0.872517,0.487221,0.452842,0,quiet,random,,,
0.838994,0.418091,0.760793,0.855704,1.0,1.0,0.0,1.0,1.0,1.0,0.067034,0.2795,0.215063,0.544644,2,strange,random,,,
0.970591,0.307542,0.939123,0.280616,0.0,1.0,0.0,1.0,1.0,0.0,0.567768,0.632367,0.122381,0.98888,3,lonely,random,,,
0.534381,0.494785,0.014495,0.50823,0.0,0.0,0.0,0.0,0.0,0.0,0.111529,0.868949,0.07082,0.143336,2,strange,random,,,
0.448129,0.729618,0.677671,0.797589,0.0,0.0,0.0,1.0,1.0,1.0,0.31876,0.715059,0.483323,0.336906,2,strange,random,,,
0.582852,0.660248,0.000783,0.918934,1.0,0.0,0.0,0.0,0.0,0.0,0.437566,0.417351,0.685822,0.463753,1,warm,random,,,
0.669337,0.51274,0.678974,0.465764,1.0,0.0,0.0,1.0,1.0,1.0,0.566882,0.74266,0.760248,0.4952,2,strange,random,,,
0.725951,0.268081,0.0,0.114973,1,0,0,0,0,0,0.895492,0.199046,0.190894,0.191548,0,quiet,controlled_contrast,clear_day,clear_day_019,calm_high
0.024836,0.485033,0.614832,0.71803,1.0,0.0,0.0,1.0,1.0,0.0,0.286874,0.919678,0.198074,0.281448,2,strange,random,,,
0.456571,0.671281,0.01544,0.312935,1.0,0.0,0.0,0.0,0.0,0.0,0.488403,0.466643,0.402315,0.635148,1,warm,random,,,
0.320749,0.580923,0.905917,0.465094,1.0,0.0,0.0,1.0,1.0,1.0,0.495242,0.889399,0.061195,0.458426,2,strange,random,,,
0.160783,0.544926,0.129527,0.452506,1.0,0.0,0.0,0.0,1.0,0.0,0.847094,0.70096,0.696015,0.108635,1,warm,random,,,
0.415635,0.793366,0.435218,0.178557,0,0,1,1,1,0,0.193957,0.207933,0.220422,0.903068,3,lonely,controlled_contrast,rainy_room,rainy_room_048,lonely_high
0.195156,0.498492,0.913857,0.66849,0.0,0.0,0.0,1.0,1.0,1.0,0.876048,0.621263,0.59112,0.53371,2,strange,random,,,
0.806094,0.892194,0.004078,0.339853,1.0,1.0,1.0,0.0,1.0,0.0,0.360759,0.272473,0.069316,0.12192,1,warm,random,,,
0.475212,0.004069,0.561649,0.250393,1.0,0.0,0.0,1.0,1.0,0.0,0.224827,0.646976,0.588581,0.798326,1,warm,random,,,
0.487739,0.807086,0.26072,0.710994,0.0,0.0,1.0,1.0,1.0,0.0,0.291958,0.586762,0.619292,0.565468,3,lonely,random,,,
0.350908,0.881479,0.197332,0.05003,0.0,0.0,1.0,0.0,1.0,0.0,0.413102,0.189466,0.419079,0.223492,3,lonely,random,,,
0.148224,0.548557,0.55008,0.124284,0.0,0.0,0.0,1.0,1.0,0.0,0.973416,0.684916,0.121804,0.559651,0,quiet,random,,,
0.5345,0.275184,0.595873,0.001214,1.0,0.0,0.0,1.0,1.0,0.0,0.156732,0.933302,0.158588,0.181004,2,strange,random,,,
0.357871,0.666539,0.723029,0.564974,0.0,0.0,0.0,1.0,1.0,1.0,0.274187,0.655247,0.149897,0.517598,2,strange,random,,,
0.273032,0.045537,0.431923,0.921893,1.0,0.0,0.0,1.0,1.0,0.0,0.231155,0.848487,0.212323,0.568864,2,strange,random,,,
0.720963,0.240485,0.050625,0.13599,1,0,0,0,0,0,0.173275,0.188636,0.890948,0.195632,1,warm,controlled_contrast,clear_day,clear_day_002,warm_high
0.5131,0.263919,0.052198,0.222322,1,0,0,0,0,0,0.198548,0.188748,0.21525,0.904522,3,lonely,controlled_contrast,neutral_weather,neutral_weather_052,lonely_high
0.370674,0.005622,0.220274,0.736563,0.0,0.0,0.0,1.0,1.0,0.0,0.490492,0.884031,0.271341,0.081271,2,strange,random,,,
0.802996,0.61466,0.708139,0.664273,1.0,1.0,0.0,1.0,1.0,1.0,0.718499,0.441263,0.381114,0.685833,2,strange,random,,,
0.421022,0.015394,0.033345,0.837058,1.0,0.0,0.0,0.0,0.0,0.0,0.237044,0.573112,0.637075,0.735146,1,warm,random,,,
0.353851,0.763716,0.477143,0.158254,0,0,1,1,1,0,0.184098,0.890639,0.214806,0.191564,3,lonely,controlled_contrast,rainy_room,rainy_room_016,weird_high
0.62776,0.474675,0.02678,0.400965,0.0,0.0,0.0,0.0,0.0,0.0,0.156992,0.856362,0.475065,0.05997,2,strange,random,,,
0.325648,0.691905,0.884707,0.814363,1.0,0.0,0.0,1.0,1.0,1.0,0.423473,0.486234,0.574519,0.161093,2,strange,random,,,
0.432357,0.001128,0.023088,0.594374,0.0,0.0,0.0,0.0,0.0,0.0,0.114699,0.498956,0.16431,0.956935,3,lonely,random,,,
0.963675,0.704738,0.517074,0.964745,1.0,1.0,0.0,1.0,1.0,0.0,0.49815,0.435969,0.177158,0.18586,1,warm,random,,,
0.084976,0.829459,0.874901,0.286982,0.0,0.0,1.0,1.0,1.0,0.0,0.078134,0.371486,0.115453,0.650352,3,lonely,random,,,
0.759534,0.251462,0.62976,0.0402,0.0,1.0,0.0,1.0,1.0,0.0,0.311224,0.593023,0.422036,0.587937,3,lonely,random,,,
0.431043,0.063361,0.422833,0.110328,1.0,0.0,0.0,1.0,1.0,0.0,0.388198,0.050555,0.138954,0.184599,0,quiet,random,,,
0.696323,0.725364,0.675299,0.344152,1.0,0.0,0.0,1.0,1.0,0.0,0.904729,0.325997,0.553581,0.568863,0,quiet,random,,,
0.222298,0.225574,0.847485,0.912419,1.0,0.0,0.0,1.0,1.0,1.0,0.185197,0.656515,0.224181,0.112624,2,strange,random,,,
0.48791,0.828642,0.0594,0.096731,0,0,1,0,1,0,0.87793,0.213168,0.185099,0.187846,0,quiet,controlled_contrast,humid_night,humid_night_060,calm_high
0.962378,0.341889,0.002161,0.990872,0.0,1.0,0.0,0.0,0.0,0.0,0.065972,0.871631,0.139979,0.335769,2,strange,random,,,
0.167773,0.066708,0.006118,0.304811,1.0,0.0,0.0,0.0,0.0,0.0,0.467356,0.32685,0.705439,0.287282,1,warm,random,,,
0.262945,0.143634,0.762152,0.64224,1.0,0.0,0.0,1.0,1.0,1.0,0.248364,0.385955,0.246107,0.236671,2,strange,random,,,
0.151172,0.767612,0.126685,0.426762,1.0,0.0,1.0,0.0,1.0,0.0,0.302295,0.330445,0.210403,0.526212,3,lonely,random,,,
0.435153,0.130995,0.666676,0.511282,0.0,0.0,0.0,1.0,1.0,1.0,0.075762,0.540592,0.911827,0.282921,2,strange,random,,,
0.42953,0.184629,0.682869,0.508965,1.0,0.0,0.0,1.0,1.0,1.0,0.414321,0.591115,0.822455,0.201999,2,strange,random,,,
0.932817,0.687032,0.750931,0.33061,1.0,1.0,0.0,1.0,1.0,0.0,0.238171,0.584475,0.534384,0.499851,1,warm,random,,,
0.284339,0.526586,0.527065,0.213644,0.0,0.0,0.0,1.0,1.0,0.0,0.086088,0.062554,0.263261,0.669817,3,lonely,random,,,
0.404172,0.259955,0.194286,0.753751,0.0,0.0,0.0,0.0,1.0,0.0,0.188467,0.842301,0.443575,0.128008,3,lonely,random,,,
0.428689,0.820801,0.726089,0.736096,0,0,1,1,1,1,0.897619,0.207516,0.208257,0.199849,0,quiet,controlled_contrast,stormy_weather,stormy_weather_065,calm_high
0.457492,0.408666,0.711141,0.829911,1.0,0.0,0.0,1.0,1.0,1.0,0.24051,0.542377,0.516102,0.721665,2,strange,random,,,
0.183119,0.074612,0.90555,0.957652,1.0,0.0,0.0,1.0,1.0,1.0,0.43142,0.052697,0.398539,0.137975,2,strange,random,,,
0.824879,0.24614,0.005301,0.766423,1.0,1.0,0.0,0.0,0.0,0.0,0.254231,0.112438,0.501095,0.175152,1,warm,random,,,
0.794477,0.233651,0.289751,0.440772,1.0,1.0,0.0,1.0,1.0,0.0,0.44308,0.12221,0.559575,0.611402,1,warm,random,,,
0.533299,0.387948,0.794701,0.959026,1.0,0.0,0.0,1.0,1.0,1.0,0.110558,0.344313,0.078311,0.342933,2,strange,random,,,
0.328418,0.873774,0.910332,0.273685,1.0,0.0,1.0,1.0,1.0,0.0,0.152943,0.376376,0.479508,0.589749,3,lonely,random,,,
0.0997,0.769824,0.00039,0.028899,0.0,0.0,1.0,0.0,1.0,0.0,0.644457,0.633795,0.286266,0.336112,3,lonely,random,,,
0.722811,0.714719,0.107805,0.202824,1.0,0.0,0.0,0.0,1.0,0.0,0.216607,0.898828,0.345992,0.614962,3,lonely,random,,,
0.177961,0.789715,0.983525,0.906484,1.0,0.0,1.0,1.0,1.0,1.0,0.462014,0.352739,0.138545,0.38711,2,strange,random,,,
0.724142,0.211017,0.0,0.10884,1,0,0,0,0,0,0.207687,0.901569,0.21238,0.185261,1,warm,controlled_contrast,clear_day,clear_day_049,weird_high
0.712451,0.607481,0.927449,0.704663,0.0,0.0,0.0,1.0,1.0,1.0,0.992637,0.070467,0.625568,0.668933,3,lonely,random,,,
0.685538,0.281908,0.0,0.154791,1,0,0,0,0,0,0.891366,0.191934,0.18918,0.216264,0,quiet,controlled_contrast,clear_day,clear_day_023,calm_high
0.012462,0.85695,0.09931,0.133872,1.0,0.0,1.0,0.0,1.0,0.0,0.767685,0.099582,0.427166,0.443689,0,quiet,random,,,
0.9841,0.470467,0.604494,0.205271,1.0,1.0,0.0,1.0,1.0,0.0,0.505786,0.172398,0.843194,0.636656,1,warm,random,,,
0.407595,0.766757,0.427827,0.169369,0,0,1,1,1,0,0.904925,0.187323,0.213136,0.197332,0,quiet,controlled_contrast,rainy_room,rainy_room_011,calm_high
0.814173,0.81411,0.151996,0.014276,0.0,1.0,1.0,0.0,1.0,0.0,0.648628,0.350309,0.592805,0.078536,0,quiet,random,,,
0.02131,0.874908,0.005359,0.006635,1.0,0.0,1.0,0.0,0.0,0.0,0.094103,0.443149,0.931822,0.698209,1,warm,random,,,
0.037676,0.67732,0.766596,0.111554,0.0,0.0,0.0,1.0,1.0,0.0,0.375308,0.645491,0.531947,0.606292,3,lonely,random,,,
0.253961,0.983976,0.516749,0.869413,1.0,0.0,1.0,1.0,1.0,0.0,0.605909,0.613863,0.886482,0.586089,0,quiet,random,,,
0.447705,0.360758,0.653596,0.740043,0.0,0.0,0.0,1.0,1.0,1.0,0.102197,0.46722,0.222677,0.418348,2,strange,random,,,
0.745727,0.279647,0.707908,0.716027,1.0,0.0,0.0,1.0,1.0,1.0,0.551556,0.753208,0.656405,0.504979,2,strange,random,,,
0.751209,0.246869,0.665575,0.676308,1.0,1.0,0.0,1.0,1.0,1.0,0.197933,0.679419,0.064696,0.080563,2,strange,random,,,
0.797227,0.986123,0.88393,0.855412,0.0,1.0,1.0,1.0,1.0,1.0,0.483833,0.450573,0.137701,0.086534,2,strange,random,,,
0.46975,0.827384,0.06911,0.133603,0,0,1,0,1,0,0.19702,0.195479,0.191528,0.884109,3,lonely,controlled_contrast,humid_night,humid_night_042,lonely_high
0.758344,0.201969,0.375412,0.377702,0.0,1.0,0.0,1.0,1.0,0.0,0.59394,0.131241,0.19374,0.680285,3,lonely,random,,,
0.395499,0.238121,0.873692,0.263205,1.0,0.0,0.0,1.0,1.0,0.0,0.121796,0.929464,0.135723,0.490259,2,strange,random,,,
0.878085,0.861223,0.013884,0.975157,1.0,1.0,1.0,0.0,1.0,0.0,0.292642,0.657551,0.582224,0.099271,1,warm,random,,,
0.424144,0.799289,0.768797,0.696829,0,0,1,1,1,1,0.181592,0.890132,0.200927,0.206167,2,strange,controlled_contrast,stormy_weather,stormy_weather_076,weird_high
0.654268,0.215645,0.014033,0.05012,1.0,0.0,0.0,0.0,0.0,0.0,0.925881,0.242913,0.240316,0.463837,0,quiet,random,,,
0.084063,0.874352,0.000518,0.730609,0.0,0.0,1.0,0.0,0.0,0.0,0.407652,0.718243,0.850375,0.62325,3,lonely,random,,,
0.478212,0.251553,0.036333,0.197165,1,0,0,0,0,0,0.20323,0.903127,0.192478,0.185402,2,strange,controlled_contrast,neutral_weather,neutral_weather_059,weird_high
0.292288,0.718599,0.002799,0.372024,1.0,0.0,0.0,0.0,1.0,0.0,0.36281,0.383852,0.855094,0.456823,1,warm,random,,,
0.513341,0.283734,0.037724,0.187577,1,0,0,0,0,0,0.189693,0.221637,0.914291,0.187693,1,warm,controlled_contrast,neutral_weather,neutral_weather_064,warm_high
0.391933,0.751051,0.427415,0.177521,0,0,1,1,1,0,0.187134,0.204446,0.902188,0.202542,3,lonely,controlled_contrast,rainy_room,rainy_room_059,warm_high
0.339935,0.695624,0.29872,0.183434,0.0,0.0,0.0,1.0,1.0,0.0,0.316771,0.548908,0.589093,0.292809,3,lonely,random,,,
0.009661,0.997281,0.915618,0.50148,0.0,0.0,1.0,1.0,1.0,1.0,0.075526,0.403968,0.658264,0.050086,2,strange,random,,,
0.265147,0.035239,0.0,0.395174,0.0,0.0,0.0,0.0,0.0,0.0,0.33716,0.410157,0.820066,0.266164,1,warm,random,,,
0.817054,0.312736,0.703217,0.767298,0.0,1.0,0.0,1.0,1.0,1.0,0.145655,0.682002,0.55704,0.365306,2,strange,random,,,
0.390408,0.524956,0.719775,0.465247,1.0,0.0,0.0,1.0,1.0,1.0,0.392611,0.766604,0.285269,0.203444,2,strange,random,,,
0.73377,0.149506,0.972831,0.939554,0.0,0.0,0.0,1.0,1.0,1.0,0.10901,0.863562,0.139957,0.718081,2,strange,random,,,
0.49233,0.809072,0.732544,0.676548,0,0,1,1,1,1,0.217119,0.90436,0.198793,0.196079,2,strange,controlled_contrast,stormy_weather,stormy_weather_049,weird_high
0.445224,0.609022,0.003089,0.097381,1.0,0.0,0.0,0.0,0.0,0.0,0.491179,0.438286,0.674749,0.219919,1,warm,random,,,
0.658123,0.264257,0.003157,0.62022,1.0,0.0,0.0,0.0,0.0,0.0,0.075696,0.190896,0.161404,0.953495,3,lonely,random,,,
0.151028,0.992559,0.299149,0.659236,1.0,0.0,1.0,1.0,1.0,0.0,0.671646,0.129244,0.382816,0.935668,0,quiet,random,,,
0.446861,0.809978,0.725156,0.738833,0,0,1,1,1,1,0.197701,0.905107,0.223212,0.209181,2,strange,controlled_contrast,stormy_weather,stormy_weather_050,weird_high
0.996528,0.655754,0.753945,0.732604,1.0,1.0,0.0,1.0,1.0,1.0,0.732252,0.517254,0.418648,0.395139,2,strange,random,,,
0.451638,0.012668,0.085008,0.178186,1.0,0.0,0.0,0.0,1.0,0.0,0.276152,0.622558,0.830101,0.71857,1,warm,random,,,
0.364291,0.330021,0.819115,0.863436,0.0,0.0,0.0,1.0,1.0,1.0,0.269873,0.394404,0.135021,0.950753,3,lonely,random,,,
0.052254,0.753851,0.046781,0.264499,0.0,0.0,1.0,0.0,0.0,0.0,0.402273,0.263918,0.742451,0.74299,3,lonely,random,,,
0.669874,0.15406,0.009343,0.474025,0.0,0.0,0.0,0.0,0.0,0.0,0.13879,0.869079,0.649467,0.389436,2,strange,random,,,
0.58723,0.132763,0.003829,0.503303,1.0,0.0,0.0,0.0,0.0,0.0,0.084514,0.296064,0.115252,0.517078,1,warm,random,,,
0.779925,0.361571,0.328608,0.46809,0.0,1.0,0.0,1.0,1.0,0.0,0.731449,0.66535,0.562653,0.858493,3,lonely,random,,,
0.880987,0.529842,0.540215,0.367775,1.0,1.0,0.0,1.0,1.0,0.0,0.493684,0.742644,0.602391,0.646437,1,warm,random,,,
0.291516,0.235996,0.004802,0.302333,0.0,0.0,0.0,0.0,0.0,0.0,0.310084,0.993193,0.423791,0.097177,2,strange,random,,,
0.474025,0.800941,0.696671,0.742513,0,0,1,1,1,1,0.19317,0.188557,0.202512,0.914301,3,lonely,controlled_contrast,stormy_weather,stormy_weather_037,lonely_high
0.350353,0.716545,0.682671,0.926673,1.0,0.0,0.0,1.0,1.0,1.0,0.185285,0.640925,0.109526,0.841105,2,strange,random,,,
0.003485,0.193862,0.033762,0.989118,1.0,0.0,0.0,0.0,0.0,0.0,0.120783,0.977101,0.58881,0.457972,1,warm,random,,,
0.138283,0.69158,0.024132,0.65915,0.0,0.0,0.0,0.0,0.0,0.0,0.07098,0.458642,0.518635,0.600817,3,lonely,random,,,
0.414446,0.755033,0.399468,0.177895,0,0,1,1,1,0,0.223398,0.217237,0.191583,0.896076,3,lonely,controlled_contrast,rainy_room,rainy_room_074,lonely_high
0.457912,0.247805,0.027255,0.199346,1,0,0,0,0,0,0.890987,0.199192,0.195779,0.206766,0,quiet,controlled_contrast,neutral_weather,neutral_weather_040,calm_high
0.269954,0.781483,0.39787,0.260294,0.0,0.0,1.0,1.0,1.0,0.0,0.205779,0.834897,0.487415,0.283495,3,lonely,random,,,
0.197938,0.381155,0.703205,0.75434,1.0,0.0,0.0,1.0,1.0,1.0,0.479039,0.602617,0.260472,0.908771,2,strange,random,,,
0.225662,0.126928,0.926905,0.654136,0.0,0.0,0.0,1.0,1.0,1.0,0.623276,0.608795,0.770823,0.158942,2,strange,random,,,
0.00332,0.307366,0.003645,0.045378,1.0,0.0,0.0,0.0,0.0,0.0,0.710726,0.335929,0.725965,0.860746,1,warm,random,,,
0.284932,0.408822,0.423624,0.112318,0.0,0.0,0.0,1.0,1.0,0.0,0.114005,0.189814,0.53676,0.535845,3,lonely,random,,,
0.792193,0.116135,0.164505,0.766317,1.0,1.0,0.0,0.0,1.0,0.0,0.257648,0.070937,0.880971,0.138313,1,warm,random,,,
0.736425,0.035721,0.393413,0.258952,0.0,0.0,0.0,1.0,1.0,0.0,0.656177,0.318986,0.144672,0.480576,0,quiet,random,,,
0.403875,0.321363,0.849994,0.204514,1.0,0.0,0.0,1.0,1.0,0.0,0.080037,0.970282,0.504177,0.462251,2,strange,random,,,
0.43152,0.801058,0.423261,0.199153,0,0,1,1,1,0,0.219929,0.214645,0.902772,0.218301,3,lonely,controlled_contrast,rainy_room,rainy_room_045,warm_high
0.728459,0.207052,0.0,0.167598,1,0,0,0,0,0,0.173797,0.909523,0.174736,0.217421,2,strange,controlled_contrast,clear_day,clear_day_012,weird_high
0.754939,0.29818,0.977063,0.553224,0.0,1.0,0.0,1.0,1.0,1.0,0.738546,0.486134,0.412693,0.443641,2,strange,random,,,
0.930034,0.159692,0.818731,0.16737,0.0,1.0,0.0,1.0,1.0,0.0,0.624927,0.479256,0.16029,0.220307,0,quiet,random,,,
0.42942,0.817027,0.39997,0.222757,0,0,1,1,1,0,0.915865,0.199592,0.217646,0.211599,0,quiet,controlled_contrast,rainy_room,rainy_room_057,calm_high
0.747438,0.429141,0.013246,0.285553,1.0,0.0,0.0,0.0,0.0,0.0,0.448953,0.997652,0.093919,0.503621,2,strange,random,,,
0.543658,0.397912,0.869314,0.929271,0.0,0.0,0.0,1.0,1.0,1.0,0.221188,0.417869,0.212046,0.471538,2,strange,random,,,
0.053398,0.44603,0.890166,0.025449,0.0,0.0,0.0,1.0,1.0,0.0,0.474557,0.593523,0.558719,0.220401,3,lonely,random,,,
0.936094,0.823478,0.212535,0.789294,1.0,1.0,1.0,1.0,1.0,0.0,0.740346,0.890164,0.574403,0.380771,0,quiet,random,,,
0.428645,0.779374,0.736634,0.768967,0,0,1,1,1,1,0.902616,0.191024,0.194531,0.186455,0,quiet,controlled_contrast,stormy_weather,stormy_weather_025,calm_high
0.46878,0.887173,0.098,0.590124,0.0,0.0,1.0,0.0,1.0,0.0,0.331383,0.818989,0.697429,0.674295,3,lonely,random,,,
0.91985,0.266503,0.076252,0.759768,1.0,1.0,0.0,0.0,0.0,0.0,0.121554,0.16971,0.550731,0.652836,1,warm,random,,,
0.153246,0.523327,0.416786,0.853651,0.0,0.0,0.0,1.0,1.0,0.0,0.10207,0.790128,0.576529,0.569544,3,lonely,random,,,
0.881476,0.657049,0.566189,0.162788,0.0,1.0,0.0,1.0,1.0,0.0,0.310869,0.556747,0.067541,0.942544,3,lonely,random,,,
0.176443,0.960535,0.821778,0.915527,0.0,0.0,1.0,1.0,1.0,1.0,0.352296,0.911897,0.628709,0.081151,2,strange,random,,,
0.309793,0.156156,0.518226,0.851339,0.0,0.0,0.0,1.0,1.0,0.0,0.744886,0.489493,0.518419,0.104269,0,quiet,random,,,
0.887569,0.966625,0.285149,0.036368,1.0,1.0,1.0,1.0,1.0,0.0,0.096654,0.896317,0.313521,0.571721,1,warm,random,,,
0.297336,0.429886,0.752848,0.85576,0.0,0.0,0.0,1.0,1.0,1.0,0.183916,0.69052,0.396623,0.350663,2,strange,random,,,
0.274867,0.61121,0.083942,0.187292,1.0,0.0,0.0,0.0,1.0,0.0,0.182734,0.311793,0.592774,0.55732,1,warm,random,,,
0.142919,0.212495,0.225946,0.403773,1.0,0.0,0.0,1.0,1.0,0.0,0.875991,0.594605,0.527349,0.435075,0,quiet,random,,,
0.98093,0.25901,0.782994,0.657791,0.0,1.0,0.0,1.0,1.0,1.0,0.229112,0.483743,0.620969,0.547498,2,strange,random,,,
0.678751,0.260712,0.017594,0.124192,1,0,0,0,0,0,0.196515,0.908468,0.225231,0.200215,2,strange,controlled_contrast,clear_day,clear_day_007,weird_high
0.36394,0.674216,0.284452,0.048601,0.0,0.0,0.0,1.0,1.0,0.0,0.733956,0.25692,0.410726,0.27445,0,quiet,random,,,
0.395435,0.687678,0.20024,0.499898,1.0,0.0,0.0,1.0,1.0,0.0,0.644634,0.768239,0.5216,0.051982,0,quiet,random,,,
0.58034,0.321752,0.864497,0.052362,1.0,0.0,0.0,1.0,1.0,0.0,0.678873,0.394754,0.376314,0.78603,0,quiet,random,,,
0.882259,0.706339,0.74796,0.915004,1.0,1.0,0.0,1.0,1.0,1.0,0.568049,0.149681,0.213275,0.524802,2,strange,random,,,
0.481095,0.874282,0.055512,0.133995,0,0,1,0,1,0,0.197191,0.895958,0.196771,0.201222,3,lonely,controlled_contrast,humid_night,humid_night_079,weird_high
0.525548,0.840425,0.098325,0.138125,0,0,1,0,1,0,0.901649,0.214432,0.181894,0.201605,0,quiet,controlled_contrast,humid_night,humid_night_053,calm_high
0.375129,0.224045,0.50833,0.339518,1.0,0.0,0.0,1.0,1.0,0.0,0.093735,0.720988,0.707133,0.474643,1,warm,random,,,
0.526773,0.277327,0.024638,0.229688,1,0,0,0,0,0,0.207869,0.195321,0.200604,0.891987,3,lonely,controlled_contrast,neutral_weather,neutral_weather_007,lonely_high
0.68319,0.257558,0.056489,0.744474,0.0,0.0,0.0,0.0,0.0,0.0,0.641238,0.961519,0.491639,0.48833,2,strange,random,,,
0.959571,0.823114,0.745154,0.28851,1.0,1.0,1.0,1.0,1.0,0.0,0.23439,0.677072,0.266863,0.586007,0,quiet,random,,,
0.534934,0.624703,0.670504,0.512386,1.0,0.0,0.0,1.0,1.0,1.0,0.235468,0.360988,0.347834,0.271287,2,strange,random,,,
0.464365,0.791615,0.004282,0.607068,1.0,0.0,1.0,0.0,0.0,0.0,0.588569,0.542415,0.424535,0.211752,1,warm,random,,,
0.930859,0.343915,0.713365,0.002956,1.0,1.0,0.0,1.0,1.0,0.0,0.505003,0.577007,0.340344,0.872237,3,lonely,random,,,
0.5352,0.197107,0.010377,0.82604,1.0,0.0,0.0,0.0,0.0,0.0,0.626592,0.926788,0.203299,0.415708,2,strange,random,,,
0.644847,0.122463,0.88835,0.554557,1.0,0.0,0.0,1.0,1.0,1.0,0.351671,0.445936,0.353774,0.073071,2,strange,random,,,
0.20604,0.074629,0.027627,0.0126,0.0,0.0,0.0,0.0,0.0,0.0,0.329194,0.225607,0.458503,0.314097,3,lonely,random,,,
0.578862,0.657352,0.278557,0.761349,1.0,0.0,0.0,1.0,1.0,0.0,0.2886,0.195195,0.354093,0.700908,3,lonely,random,,,
0.169396,0.375173,0.018434,0.042368,1.0,0.0,0.0,0.0,0.0,0.0,0.186207,0.170799,0.458003,0.729559,1,warm,random,,,
0.982027,0.956986,0.859044,0.127284,0.0,1.0,1.0,1.0,1.0,0.0,0.699599,0.216608,0.589196,0.208561,0,quiet,random,,,
0.578339,0.081738,0.701338,0.040616,1.0,0.0,0.0,1.0,1.0,0.0,0.164564,0.72046,0.281949,0.203765,0,quiet,random,,,
0.711181,0.261921,0.0,0.143742,1,0,0,0,0,0,0.917759,0.209454,0.20955,0.201385,0,quiet,controlled_contrast,clear_day,clear_day_043,calm_high
0.195781,0.969984,0.180953,0.656306,1.0,0.0,1.0,0.0,1.0,0.0,0.904085,0.47389,0.113768,0.20154,0,quiet,random,,,
0.740272,0.360266,0.000904,0.227484,1.0,0.0,0.0,0.0,0.0,0.0,0.454965,0.671702,0.81974,0.302979,1,warm,random,,,
0.058523,0.225322,0.853276,0.922475,1.0,0.0,0.0,1.0,1.0,1.0,0.519912,0.248968,0.439597,0.491194,2,strange,random,,,
0.723634,0.794862,0.100765,0.892186,1.0,0.0,1.0,0.0,1.0,0.0,0.065246,0.951649,0.442072,0.152139,2,strange,random,,,
0.887167,0.961602,0.324581,0.467172,1.0,1.0,1.0,1.0,1.0,0.0,0.684896,0.435325,0.548522,0.617804,0,quiet,random,,,
0.598483,0.686061,0.172605,0.321826,1.0,0.0,0.0,0.0,1.0,0.0,0.786652,0.310277,0.47053,0.312523,1,warm,random,,,
0.455558,0.721518,0.43306,0.20287,0,0,1,1,1,0,0.198848,0.207058,0.210487,0.917213,3,lonely,controlled_contrast,rainy_room,rainy_room_058,lonely_high
0.459203,0.791099,0.695316,0.751779,0,0,1,1,1,1,0.222266,0.195609,0.889329,0.196334,3,lonely,controlled_contrast,stormy_weather,stormy_weather_048,warm_high
0.537649,0.776719,0.508847,0.010132,0.0,0.0,1.0,1.0,1.0,0.0,0.660176,0.637704,0.918354,0.155925,0,quiet,random,,,
0.030453,0.18677,0.083502,0.923151,1.0,0.0,0.0,0.0,1.0,0.0,0.521334,0.894974,0.334316,0.510053,2,strange,random,,,
0.146097,0.516216,0.738299,0.286035,0.0,0.0,0.0,1.0,1.0,0.0,0.979354,0.720036,0.07124,0.627688,0,quiet,random,,,
0.488684,0.209142,0.0,0.218181,1,0,0,0,0,0,0.201976,0.892478,0.220818,0.199496,2,strange,controlled_contrast,neutral_weather,neutral_weather_017,weird_high
0.661139,0.716917,0.368383,0.436632,1.0,0.0,0.0,1.0,1.0,0.0,0.254734,0.112105,0.386961,0.596625,3,lonely,random,,,
0.049038,0.429013,0.937334,0.981757,1.0,0.0,0.0,1.0,1.0,1.0,0.44625,0.110288,0.265721,0.676852,3,lonely,random,,,
0.456245,0.715181,0.451944,0.323412,0.0,0.0,0.0,1.0,1.0,0.0,0.637416,0.393922,0.461188,0.354782,3,lonely,random,,,
0.917588,0.133189,0.12724,0.205922,0.0,1.0,0.0,0.0,1.0,0.0,0.796475,0.441568,0.719368,0.612227,3,lonely,random,,,
0.905783,0.376555,0.047068,0.070427,1.0,1.0,0.0,0.0,0.0,0.0,0.369205,0.525307,0.706424,0.115476,1,warm,random,,,
0.505693,0.659128,0.047151,0.613889,1.0,0.0,0.0,0.0,0.0,0.0,0.097196,0.997056,0.370811,0.491683,2,strange,random,,,
0.222529,0.775383,0.039531,0.183786,0.0,0.0,1.0,0.0,1.0,0.0,0.581881,0.375557,0.435578,0.86352,3,lonely,random,,,
0.391775,0.356458,0.242523,0.283137,0.0,0.0,0.0,1.0,1.0,0.0,0.551807,0.233793,0.084064,0.116701,0,quiet,random,,,
0.279826,0.983011,0.864858,0.980087,1.0,0.0,1.0,1.0,1.0,1.0,0.205034,0.487423,0.873371,0.188701,2,strange,random,,,
0.465653,0.219097,0.091206,0.255484,1,0,0,0,0,0,0.192393,0.882004,0.190813,0.213982,2,strange,controlled_contrast,neutral_weather,neutral_weather_003,weird_high
0.949587,0.496085,0.458882,0.409355,1.0,1.0,0.0,1.0,1.0,0.0,0.216767,0.650308,0.557052,0.643113,1,warm,random,,,
0.735441,0.300852,0.725071,0.519173,1.0,0.0,0.0,1.0,1.0,1.0,0.2602,0.252465,0.483882,0.423862,2,strange,random,,,
0.309121,0.535548,0.966656,0.822846,1.0,0.0,0.0,1.0,1.0,1.0,0.171575,0.385434,0.190043,0.417385,2,strange,random,,,
0.111052,0.748132,0.044457,0.888267,1.0,0.0,0.0,0.0,1.0,0.0,0.323075,0.916931,0.072907,0.134643,2,strange,random,,,
0.880578,0.319629,0.865727,0.838415,1.0,1.0,0.0,1.0,1.0,1.0,0.15528,0.101353,0.211085,0.172099,2,strange,random,,,
0.907989,0.635193,0.846427,0.713341,1.0,1.0,0.0,1.0,1.0,1.0,0.698235,0.29898,0.144888,0.692884,0,quiet,random,,,
0.715568,0.0182,0.398642,0.792978,0.0,0.0,0.0,1.0,1.0,0.0,0.515018,0.746596,0.442858,0.261426,0,quiet,random,,,
0.381903,0.436788,0.70544,0.254057,1.0,0.0,0.0,1.0,1.0,0.0,0.208789,0.369395,0.475379,0.53934,3,lonely,random,,,
0.523258,0.268434,0.052698,0.204097,1,0,0,0,0,0,0.186654,0.900943,0.184817,0.194239,2,strange,controlled_contrast,neutral_weather,neutral_weather_070,weird_high
0.28281,0.903673,0.079206,0.955699,1.0,0.0,1.0,0.0,0.0,0.0,0.725743,0.974369,0.126061,0.722103,2,strange,random,,,
0.541596,0.237533,0.060282,0.166494,1,0,0,0,0,0,0.899874,0.206085,0.208091,0.184552,0,quiet,controlled_contrast,neutral_weather,neutral_weather_005,calm_high
0.290686,0.133884,0.562263,0.311355,1.0,0.0,0.0,1.0,1.0,0.0,0.855312,0.606454,0.10371,0.403305,0,quiet,random,,,
0.444928,0.739905,0.716906,0.699962,0,0,1,1,1,1,0.205339,0.191628,0.910373,0.180977,3,lonely,controlled_contrast,stormy_weather,stormy_weather_052,warm_high
0.800102,0.835517,0.629107,0.364858,0.0,1.0,1.0,1.0,1.0,0.0,0.703406,0.254285,0.684929,0.253732,0,quiet,random,,,
0.57283,0.865825,0.478299,0.8155,1.0,0.0,1.0,1.0,1.0,0.0,0.858955,0.308487,0.680472,0.450721,0,quiet,random,,,
0.460932,0.151386,0.554585,0.577228,0.0,0.0,0.0,1.0,1.0,0.0,0.730655,0.513858,0.868033,0.255295,0,quiet,random,,,
0.48989,0.755098,0.700222,0.730814,0,0,1,1,1,1,0.212228,0.908437,0.189543,0.190969,2,strange,controlled_contrast,stormy_weather,stormy_weather_031,weird_high
0.942683,0.965557,0.163786,0.067021,0.0,1.0,1.0,0.0,1.0,0.0,0.130733,0.690539,0.3416,0.697385,3,lonely,random,,,
0.069458,0.873862,0.124565,0.570106,1.0,0.0,1.0,0.0,1.0,0.0,0.62712,0.186212,0.538663,0.694848,3,lonely,random,,,
0.090511,0.923533,0.850395,0.405407,1.0,0.0,1.0,1.0,1.0,0.0,0.495219,0.072797,0.196081,0.527678,0,quiet,random,,,
0.502943,0.212455,0.165718,0.689768,1.0,0.0,0.0,0.0,1.0,0.0,0.968266,0.306457,0.318822,0.717772,3,lonely,random,,,
0.479544,0.927726,0.003724,0.01115,1.0,0.0,1.0,0.0,0.0,0.0,0.458422,0.270181,0.930653,0.309539,1,warm,random,,,
0.522583,0.230877,0.020459,0.165471,1,0,0,0,0,0,0.193713,0.206052,0.884919,0.199728,1,warm,controlled_contrast,neutral_weather,neutral_weather_016,warm_high
0.188768,0.126312,0.007762,0.044276,1.0,0.0,0.0,0.0,0.0,0.0,0.163433,0.169119,0.788868,0.385323,1,warm,random,,,
0.188916,0.409216,0.004115,0.794924,1.0,0.0,0.0,0.0,0.0,0.0,0.137074,0.389803,0.492882,0.147703,1,warm,random,,,
0.766004,0.2136,0.020877,0.188472,1,0,0,0,0,0,0.915877,0.209952,0.204052,0.212894,0,quiet,controlled_contrast,clear_day,clear_day_079,calm_high
0.382758,0.606446,0.86385,0.5549,1.0,0.0,0.0,1.0,1.0,1.0,0.813614,0.29573,0.664111,0.392374,0,quiet,random,,,
0.461973,0.664795,0.452716,0.041497,1.0,0.0,0.0,1.0,1.0,0.0,0.166144,0.677763,0.899495,0.509643,1,warm,random,,,
0.031015,0.5044,0.711255,0.305889,0.0,0.0,0.0,1.0,1.0,0.0,0.120257,0.263491,0.952531,0.151746,3,lonely,random,,,
0.770333,0.859561,0.155541,0.393081,1.0,1.0,1.0,0.0,1.0,0.0,0.621894,0.141405,0.57973,0.135383,1,warm,random,,,
0.465757,0.268565,0.080271,0.111331,1.0,0.0,0.0,0.0,1.0,0.0,0.512429,0.726502,0.498572,0.071489,1,warm,random,,,
0.346612,0.444854,0.154947,0.408278,0.0,0.0,0.0,0.0,1.0,0.0,0.134589,0.66474,0.637105,0.128694,3,lonely,random,,,
0.344192,0.887164,0.656532,0.9708,1.0,0.0,1.0,1.0,1.0,1.0,0.521421,0.93195,0.099124,0.660239,2,strange,random,,,
0.854219,0.541059,0.72231,0.727399,1.0,1.0,0.0,1.0,1.0,1.0,0.154121,0.633371,0.683191,0.3414,2,strange,random,,,
0.539389,0.225941,0.029363,0.370972,1.0,0.0,0.0,0.0,0.0,0.0,0.639655,0.362948,0.204503,0.202176,1,warm,random,,,
0.724997,0.216459,0.002298,0.15359,1,0,0,0,0,0,0.216996,0.224644,0.21112,0.91258,3,lonely,controlled_contrast,clear_day,clear_day_024,lonely_high
0.782899,0.114842,0.014466,0.775969,1.0,1.0,0.0,0.0,0.0,0.0,0.478212,0.916519,0.295458,0.080148,1,warm,random,,,
0.707503,0.213104,0.0,0.205619,1,0,0,0,0,0,0.90235,0.196704,0.217777,0.237621,0,quiet,controlled_contrast,clear_day,clear_day_064,calm_high
0.488684,0.209142,0.0,0.218181,1,0,0,0,0,0,0.918078,0.203281,0.179279,0.195642,0,quiet,controlled_contrast,neutral_weather,neutral_weather_017,calm_high
0.507026,0.197156,0.092492,0.668035,1.0,0.0,0.0,0.0,1.0,0.0,0.150755,0.226478,0.394502,0.207045,1,warm,random,,,
0.666917,0.149656,0.09744,0.629727,1.0,0.0,0.0,0.0,1.0,0.0,0.847738,0.383841,0.229813,0.6313,3,lonely,random,,,
0.410534,0.780226,0.442511,0.161987,0,0,1,1,1,0,0.211869,0.900295,0.204076,0.190001,3,lonely,controlled_contrast,rainy_room,rainy_room_044,weird_high
0.408379,0.228618,0.851586,0.826073,0.0,0.0,0.0,1.0,1.0,1.0,0.158266,0.703277,0.722339,0.417606,2,strange,random,,,
0.747093,0.224296,0.038123,0.160367,1,0,0,0,0,0,0.885504,0.193942,0.199655,0.190628,0,quiet,controlled_contrast,clear_day,clear_day_003,calm_high
0.020063,0.176745,0.001101,0.129568,0.0,0.0,0.0,0.0,0.0,0.0,0.466834,0.734819,0.491128,0.15735,2,strange,random,,,
0.41098,0.838176,0.123739,0.38909,0.0,0.0,1.0,0.0,1.0,0.0,0.065753,0.390551,0.319427,0.939411,3,lonely,random,,,
0.847052,0.666396,0.049997,0.016826,0.0,1.0,0.0,0.0,0.0,0.0,0.3457,0.551363,0.832756,0.088513,1,warm,random,,,
0.10344,0.163056,0.914895,0.961872,1.0,0.0,0.0,1.0,1.0,1.0,0.43569,0.566082,0.730146,0.613586,2,strange,random,,,
0.484933,0.829232,0.086345,0.152587,0,0,1,0,1,0,0.210198,0.207199,0.923445,0.189461,3,lonely,controlled_contrast,humid_night,humid_night_010,warm_high
0.594718,0.995579,0.022484,0.437122,1.0,0.0,1.0,0.0,1.0,0.0,0.113169,0.46065,0.060767,0.535545,3,lonely,random,,,
0.751007,0.375586,0.102487,0.917792,1.0,1.0,0.0,0.0,1.0,0.0,0.062543,0.537957,0.085535,0.868389,3,lonely,random,,,
0.047566,0.368681,0.226381,0.901221,1.0,0.0,0.0,1.0,1.0,0.0,0.67935,0.357324,0.267139,0.606369,0,quiet,random,,,
0.025647,0.154296,0.002963,0.000645,0.0,0.0,0.0,0.0,0.0,0.0,0.722273,0.66069,0.572362,0.508526,3,lonely,random,,,
0.522583,0.230877,0.020459,0.165471,1,0,0,0,0,0,0.905753,0.207194,0.200742,0.195797,0,quiet,controlled_contrast,neutral_weather,neutral_weather_016,calm_high
0.270694,0.464655,0.708044,0.380319,1.0,0.0,0.0,1.0,1.0,0.0,0.440756,0.411157,0.386255,0.20462,0,quiet,random,,,
0.037684,0.99126,0.744391,0.18308,1.0,0.0,1.0,1.0,1.0,0.0,0.199332,0.455743,0.350551,0.615568,0,quiet,random,,,
0.287549,0.564917,0.394904,0.787247,0.0,0.0,0.0,1.0,1.0,0.0,0.291385,0.256557,0.729461,0.05388,3,lonely,random,,,
0.65879,0.343639,0.00311,0.019729,1.0,0.0,0.0,0.0,0.0,0.0,0.365705,0.914864,0.18489,0.339901,2,strange,random,,,
0.333347,0.487381,0.041843,0.169572,1.0,0.0,0.0,0.0,0.0,0.0,0.946269,0.306722,0.545135,0.332109,1,warm,random,,,
0.558624,0.077035,0.804568,0.858483,1.0,0.0,0.0,1.0,1.0,1.0,0.512252,0.165234,0.389206,0.502227,2,strange,random,,,
0.823203,0.110952,0.607744,0.626459,1.0,1.0,0.0,1.0,1.0,0.0,0.521653,0.490925,0.100496,0.37605,0,quiet,random,,,
0.555176,0.635108,0.002819,0.025462,0.0,0.0,0.0,0.0,0.0,0.0,0.378908,0.122184,0.729607,0.208255,1,warm,random,,,
0.676153,0.703834,0.015114,0.148465,1.0,0.0,0.0,0.0,0.0,0.0,0.8589,0.606576,0.142144,0.62906,0,quiet,random,,,
0.117274,0.993144,0.098029,0.826127,0.0,0.0,1.0,0.0,1.0,0.0,0.458294,0.268764,0.465617,0.748573,3,lonely,random,,,
0.515863,0.256474,0.06358,0.23684,1,0,0,0,0,0,0.198081,0.904111,0.185678,0.195534,2,strange,controlled_contrast,neutral_weather,neutral_weather_062,weird_high
0.57293,0.787208,0.43552,0.045834,1.0,0.0,1.0,1.0,1.0,0.0,0.147643,0.80082,0.749119,0.164584,1,warm,random,,,
0.116588,0.406207,0.148662,0.833082,1.0,0.0,0.0,0.0,1.0,0.0,0.330103,0.957135,0.257066,0.094714,2,strange,random,,,
0.450101,0.778541,0.086315,0.112018,0,0,1,0,1,0,0.196307,0.203924,0.223368,0.892284,3,lonely,controlled_contrast,humid_night,humid_night_012,lonely_high
0.401445,0.774964,0.392929,0.176604,0,0,1,1,1,0,0.194238,0.913311,0.202883,0.203537,3,lonely,controlled_contrast,rainy_room,rainy_room_005,weird_high
0.42315,0.653134,0.113183,0.371682,1.0,0.0,0.0,0.0,1.0,0.0,0.159153,0.885437,0.227968,0.167693,2,strange,random,,,
0.971512,0.697833,0.093154,0.06328,1.0,1.0,0.0,0.0,1.0,0.0,0.32004,0.998999,0.403351,0.079478,1,warm,random,,,
0.847382,0.488648,0.491263,0.121381,1.0,1.0,0.0,1.0,1.0,0.0,0.184362,0.333486,0.290072,0.540857,1,warm,random,,,
0.478026,0.828252,0.707602,0.686605,0,0,1,1,1,1,0.177949,0.207514,0.899624,0.188352,3,lonely,controlled_contrast,stormy_weather,stormy_weather_070,warm_high
0.092082,0.433664,0.175718,0.857138,1.0,0.0,0.0,0.0,1.0,0.0,0.06218,0.968612,0.179941,0.146282,2,strange,random,,,
0.278446,0.482369,0.670717,0.92527,1.0,0.0,0.0,1.0,1.0,1.0,0.323315,0.392911,0.406505,0.551768,2,strange,random,,,
0.314275,0.904997,0.831089,0.874401,1.0,0.0,1.0,1.0,1.0,1.0,0.223651,0.696159,0.228941,0.383067,2,strange,random,,,
0.510343,0.307735,0.666565,0.005489,1.0,0.0,0.0,1.0,1.0,0.0,0.232701,0.398301,0.245162,0.768173,3,lonely,random,,,
0.449376,0.291884,0.188991,0.745752,0.0,0.0,0.0,0.0,1.0,0.0,0.405936,0.871167,0.295207,0.74496,3,lonely,random,,,
0.836126,0.815522,0.161544,0.086637,1.0,1.0,1.0,0.0,1.0,0.0,0.343302,0.602619,0.835553,0.429266,1,warm,random,,,
0.181086,0.442177,0.016207,0.34237,1.0,0.0,0.0,0.0,0.0,0.0,0.270716,0.162211,0.741995,0.573627,1,warm,random,,,
0.766438,0.598355,0.935083,0.356989,1.0,1.0,0.0,1.0,1.0,0.0,0.563343,0.960158,0.062188,0.690482,3,lonely,random,,,
0.372925,0.106314,0.903753,0.574954,0.0,0.0,0.0,1.0,1.0,1.0,0.657494,0.413417,0.82935,0.495138,2,strange,random,,,
0.416672,0.789172,0.447781,0.172596,0,0,1,1,1,0,0.870397,0.211639,0.189543,0.215732,0,quiet,controlled_contrast,rainy_room,rainy_room_027,calm_high
0.78657,0.215845,0.735399,0.259992,1.0,1.0,0.0,1.0,1.0,0.0,0.203673,0.467385,0.055245,0.057565,1,warm,random,,,
0.91143,0.371294,0.762574,0.55362,1.0,1.0,0.0,1.0,1.0,1.0,0.500509,0.366583,0.174799,0.526052,2,strange,random,,,
0.974061,0.004019,0.134424,0.243459,1.0,1.0,0.0,0.0,1.0,0.0,0.701882,0.619864,0.172131,0.54385,1,warm,random,,,
0.325213,0.396454,0.024394,0.622515,0.0,0.0,0.0,0.0,0.0,0.0,0.702004,0.951018,0.354266,0.325311,2,strange,random,,,
0.485226,0.492405,0.041711,0.040521,0.0,0.0,0.0,0.0,0.0,0.0,0.469048,0.15603,0.434575,0.540899,3,lonely,random,,,
0.272264,0.665561,0.328264,0.601442,0.0,0.0,0.0,1.0,1.0,0.0,0.743333,0.239684,0.605547,0.702122,3,lonely,random,,,
0.655039,0.319877,0.151374,0.581602,1.0,0.0,0.0,0.0,1.0,0.0,0.413557,0.832511,0.729156,0.254645,1,warm,random,,,
0.385428,0.850762,0.845952,0.088011,1.0,0.0,1.0,1.0,1.0,0.0,0.229969,0.639705,0.41072,0.826843,3,lonely,random,,,
0.310979,0.059372,0.4416,0.116497,1.0,0.0,0.0,1.0,1.0,0.0,0.768902,0.446217,0.583924,0.665786,0,quiet,random,,,
0.022767,0.346979,0.644694,0.22102,1.0,0.0,0.0,1.0,1.0,0.0,0.362393,0.276174,0.098095,0.241018,0,quiet,random,,,
0.691722,0.273183,0.999129,0.887185,1.0,0.0,0.0,1.0,1.0,1.0,0.570642,0.255053,0.166804,0.561384,2,strange,random,,,
0.674584,0.224987,0.003632,0.150768,1,0,0,0,0,0,0.173336,0.884813,0.212063,0.202847,1,warm,controlled_contrast,clear_day,clear_day_034,weird_high
0.428689,0.820801,0.726089,0.736096,0,0,1,1,1,1,0.219886,0.910094,0.185,0.203957,2,strange,controlled_contrast,stormy_weather,stormy_weather_065,weird_high
0.369174,0.138274,0.017686,0.62467,1.0,0.0,0.0,0.0,0.0,0.0,0.195456,0.873699,0.065667,0.516203,2,strange,random,,,
0.408688,0.341151,0.415122,0.172305,1.0,0.0,0.0,1.0,1.0,0.0,0.561066,0.307945,0.346205,0.533936,0,quiet,random,,,
0.444067,0.930772,0.025378,0.671403,1.0,0.0,1.0,0.0,1.0,0.0,0.407503,0.149695,0.711861,0.371994,1,warm,random,,,
0.15336,0.267789,0.518247,0.271073,0.0,0.0,0.0,1.0,1.0,0.0,0.168229,0.337555,0.828021,0.153804,3,lonely,random,,,
0.893342,0.470025,0.56614,0.006532,1.0,1.0,0.0,1.0,1.0,0.0,0.435729,0.82392,0.343614,0.646655,1,warm,random,,,
0.114286,0.393726,0.174862,0.220039,1.0,0.0,0.0,0.0,1.0,0.0,0.36936,0.495551,0.724989,0.742932,1,warm,random,,,
0.120491,0.009623,0.575522,0.289344,1.0,0.0,0.0,1.0,1.0,0.0,0.177191,0.372299,0.69397,0.630254,1,warm,random,,,
0.503315,0.827714,0.077379,0.126915,0,0,1,0,1,0,0.19649,0.900902,0.20411,0.199972,3,lonely,controlled_contrast,humid_night,humid_night_067,weird_high
0.621594,0.685796,0.05856,0.396232,0.0,0.0,0.0,0.0,1.0,0.0,0.400921,0.057903,0.635955,0.494507,3,lonely,random,,,
0.292567,0.561756,0.061062,0.904179,0.0,0.0,0.0,0.0,0.0,0.0,0.510977,0.700014,0.637458,0.17551,2,strange,random,,,
0.140018,0.112367,0.003303,0.434373,0.0,0.0,0.0,0.0,0.0,0.0,0.229113,0.841179,0.618132,0.175585,2,strange,random,,,
0.450595,0.759854,0.461411,0.142916,0,0,1,1,1,0,0.177979,0.189732,0.19397,0.893144,3,lonely,controlled_contrast,rainy_room,rainy_room_010,lonely_high
0.182707,0.405952,0.313378,0.793209,1.0,0.0,0.0,1.0,1.0,0.0,0.134228,0.299236,0.284576,0.23713,1,warm,random,,,
0.176193,0.387166,0.981346,0.967199,1.0,0.0,0.0,1.0,1.0,1.0,0.332554,0.245226,0.640202,0.576857,2,strange,random,,,
0.728419,0.813667,0.00517,0.6615,1.0,0.0,1.0,0.0,1.0,0.0,0.319943,0.748004,0.261112,0.23207,1,warm,random,,,
0.576559,0.124174,0.180842,0.868918,1.0,0.0,0.0,0.0,1.0,0.0,0.644472,0.064689,0.69841,0.921825,1,warm,random,,,
0.647089,0.572509,0.46389,0.835822,1.0,0.0,0.0,1.0,1.0,0.0,0.783533,0.285078,0.102227,0.361404,0,quiet,random,,,
0.778795,0.929375,0.249847,0.364955,1.0,1.0,1.0,1.0,1.0,0.0,0.369939,0.622344,0.853808,0.190643,1,warm,random,,,
0.22061,0.016592,0.059134,0.455466,1.0,0.0,0.0,0.0,0.0,0.0,0.367208,0.297043,0.693606,0.652393,1,warm,random,,,
0.534053,0.47606,0.016333,0.486217,0.0,0.0,0.0,0.0,0.0,0.0,0.287781,0.974443,0.307464,0.150748,2,strange,random,,,
0.890671,0.723779,0.021699,0.051449,0.0,1.0,0.0,0.0,0.0,0.0,0.853738,0.666715,0.09119,0.563178,3,lonely,random,,,
0.483239,0.234496,0.056259,0.164723,1,0,0,0,0,0,0.20309,0.200633,0.911084,0.192346,1,warm,controlled_contrast,neutral_weather,neutral_weather_010,warm_high
0.452341,0.81282,0.45624,0.198754,0,0,1,1,1,0,0.88503,0.182736,0.201365,0.216014,0,quiet,controlled_contrast,rainy_room,rainy_room_038,calm_high
0.596713,0.859244,1e-06,0.70107,0.0,0.0,1.0,0.0,0.0,0.0,0.105303,0.661941,0.276745,0.688886,3,lonely,random,,,
0.518546,0.258433,0.056851,0.168323,1,0,0,0,0,0,0.901237,0.208184,0.200263,0.207307,0,quiet,controlled_contrast,neutral_weather,neutral_weather_051,calm_high
0.162008,0.466371,0.002714,0.237244,0.0,0.0,0.0,0.0,0.0,0.0,0.356335,0.313235,0.087459,0.508058,3,lonely,random,,,
0.198783,0.163645,0.678667,0.865668,1.0,0.0,0.0,1.0,1.0,1.0,0.313456,0.051834,0.333775,0.632239,2,strange,random,,,
0.488855,0.816449,0.083128,0.095871,0,0,1,0,1,0,0.891726,0.190761,0.190326,0.220409,0,quiet,controlled_contrast,humid_night,humid_night_024,calm_high
0.699089,0.603301,0.820172,0.084417,1.0,0.0,0.0,1.0,1.0,0.0,0.685655,0.380994,0.41277,0.416755,0,quiet,random,,,
0.10112,0.90426,0.101637,0.056063,1.0,0.0,1.0,0.0,1.0,0.0,0.454005,0.658494,0.232005,0.786831,3,lonely,random,,,
0.930589,0.083361,0.740472,0.791729,0.0,1.0,0.0,1.0,1.0,1.0,0.803577,0.611514,0.539136,0.364266,2,strange,random,,,
0.426718,0.813981,0.701738,0.725874,0,0,1,1,1,1,0.234063,0.899365,0.189277,0.1973,2,strange,controlled_contrast,stormy_weather,stormy_weather_019,weird_high
0.455732,0.618389,0.251979,0.033453,1.0,0.0,0.0,1.0,1.0,0.0,0.636698,0.254983,0.797275,0.363379,1,warm,random,,,
0.499481,0.808809,0.103136,0.15045,0,0,1,0,1,0,0.203577,0.208428,0.912651,0.193701,3,lonely,controlled_contrast,humid_night,humid_night_071,warm_high
0.418798,0.762493,0.430966,0.18583,0,0,1,1,1,0,0.204718,0.202773,0.202621,0.900627,3,lonely,controlled_contrast,rainy_room,rainy_room_018,lonely_high
0.750731,0.593557,0.858028,0.521155,0.0,1.0,0.0,1.0,1.0,1.0,0.65626,0.491625,0.687733,0.186364,2,strange,random,,,
0.457869,0.835586,0.068922,0.133291,0,0,1,0,1,0,0.194254,0.189474,0.208978,0.900735,3,lonely,controlled_contrast,humid_night,humid_night_074,lonely_high
0.088595,0.170263,0.250503,0.173324,1.0,0.0,0.0,1.0,1.0,0.0,0.15515,0.604964,0.996088,0.300982,1,warm,random,,,
0.909388,0.887177,0.814333,0.827165,1.0,1.0,1.0,1.0,1.0,1.0,0.171098,0.826843,0.566683,0.388482,2,strange,random,,,
0.15265,0.290725,0.886281,0.279964,1.0,0.0,0.0,1.0,1.0,0.0,0.742822,0.871987,0.574058,0.163808,0,quiet,random,,,
0.545233,0.794944,0.286358,0.894132,1.0,0.0,1.0,1.0,1.0,0.0,0.747624,0.55812,0.976155,0.256567,0,quiet,random,,,
0.164891,0.068748,0.10743,0.001423,1.0,0.0,0.0,0.0,1.0,0.0,0.677821,0.64133,0.711051,0.715494,1,warm,random,,,
0.43453,0.782165,0.448649,0.21387,0,0,1,1,1,0,0.195442,0.903447,0.188574,0.19331,3,lonely,controlled_contrast,rainy_room,rainy_room_068,weird_high
0.371499,0.808359,0.43389,0.193671,0,0,1,1,1,0,0.186938,0.922043,0.193269,0.187517,3,lonely,controlled_contrast,rainy_room,rainy_room_017,weird_high
0.569371,0.965591,0.068488,0.657144,1.0,0.0,1.0,0.0,1.0,0.0,0.211014,0.620113,0.073237,0.241236,3,lonely,random,,,
0.078729,0.696394,0.814274,0.858467,1.0,0.0,0.0,1.0,1.0,1.0,0.4481,0.719124,0.450855,0.693167,2,strange,random,,,
0.353851,0.763716,0.477143,0.158254,0,0,1,1,1,0,0.204811,0.201778,0.901926,0.184502,3,lonely,controlled_contrast,rainy_room,rainy_room_016,warm_high
0.124024,0.901542,0.037042,0.416011,1.0,0.0,1.0,0.0,1.0,0.0,0.743541,0.591006,0.051624,0.336321,0,quiet,random,,,
0.664959,0.741971,0.061588,0.458891,1.0,0.0,0.0,0.0,1.0,0.0,0.147448,0.935583,0.435691,0.170275,1,warm,random,,,
0.252606,0.752283,0.400687,0.005491,0.0,0.0,1.0,1.0,1.0,0.0,0.708028,0.286628,0.592026,0.633924,0,quiet,random,,,
0.93792,0.254615,0.017617,0.554366,0.0,1.0,0.0,0.0,0.0,0.0,0.175277,0.441661,0.544036,0.956809,3,lonely,random,,,
0.268047,0.84671,0.676722,0.46914,1.0,0.0,1.0,1.0,1.0,1.0,0.126269,0.534605,0.230808,0.451168,2,strange,random,,,
0.190659,0.571047,0.239774,0.61822,1.0,0.0,0.0,1.0,1.0,0.0,0.733714,0.876039,0.195303,0.748881,0,quiet,random,,,
0.723248,0.273352,0.0,0.167705,1,0,0,0,0,0,0.215381,0.208032,0.906933,0.20125,1,warm,controlled_contrast,clear_day,clear_day_067,warm_high
0.182685,0.448949,0.000117,0.917144,0.0,0.0,0.0,0.0,0.0,0.0,0.403449,0.125385,0.443941,0.290838,3,lonely,random,,,
0.098407,0.437934,0.669755,0.783403,1.0,0.0,0.0,1.0,1.0,1.0,0.559309,0.286695,0.623503,0.585721,2,strange,random,,,
0.179699,0.326794,0.142319,0.706964,0.0,0.0,0.0,0.0,1.0,0.0,0.850677,0.438826,0.542878,0.132902,3,lonely,random,,,
0.989533,0.281211,0.056983,0.450778,0.0,1.0,0.0,0.0,0.0,0.0,0.210756,0.660069,0.619999,0.662801,3,lonely,random,,,
0.78163,0.65591,0.865902,0.471459,0.0,1.0,0.0,1.0,1.0,1.0,0.629883,0.522462,0.380956,0.376738,2,strange,random,,,
0.467888,0.011134,0.003326,0.667286,0.0,0.0,0.0,0.0,0.0,0.0,0.20755,0.398787,0.679861,0.231692,1,warm,random,,,
0.5131,0.263919,0.052198,0.222322,1,0,0,0,0,0,0.882091,0.200412,0.181294,0.194757,0,quiet,controlled_contrast,neutral_weather,neutral_weather_052,calm_high
0.821471,0.11863,0.195139,0.68666,0.0,1.0,0.0,0.0,1.0,0.0,0.574586,0.86528,0.657944,0.29932,1,warm,random,,,
0.581876,0.48936,0.359244,0.364672,1.0,0.0,0.0,1.0,1.0,0.0,0.056406,0.190302,0.90199,0.166023,1,warm,random,,,
0.156895,0.997217,0.160821,0.614516,1.0,0.0,1.0,0.0,1.0,0.0,0.328495,0.061074,0.594295,0.908972,3,lonely,random,,,
0.114072,0.039889,0.924284,0.208811,1.0,0.0,0.0,1.0,1.0,0.0,0.441458,0.965578,0.386575,0.103675,0,quiet,random,,,
0.289944,0.421736,0.882508,0.826217,1.0,0.0,0.0,1.0,1.0,1.0,0.164961,0.317156,0.662677,0.467275,2,strange,random,,,
0.626678,0.009477,0.101144,0.965167,1.0,0.0,0.0,0.0,1.0,0.0,0.482658,0.063578,0.615471,0.083052,1,warm,random,,,
0.580664,0.894874,0.073988,0.435245,0.0,0.0,1.0,0.0,1.0,0.0,0.569608,0.382169,0.352552,0.069687,3,lonely,random,,,
0.474024,0.015078,0.562835,0.496588,0.0,0.0,0.0,1.0,1.0,0.0,0.691951,0.572532,0.349724,0.914383,3,lonely,random,,,
0.044188,0.140069,0.74414,0.1115,0.0,0.0,0.0,1.0,1.0,0.0,0.054027,0.729584,0.876079,0.061362,1,warm,random,,,
0.534886,0.818923,0.083657,0.155276,0,0,1,0,1,0,0.897742,0.200253,0.190469,0.189257,0,quiet,controlled_contrast,humid_night,humid_night_001,calm_high
0.630373,0.013721,0.050262,0.04703,0.0,0.0,0.0,0.0,0.0,0.0,0.520568,0.731071,0.099076,0.452456,3,lonely,random,,,
0.432116,0.793295,0.459928,0.170249,0,0,1,1,1,0,0.202683,0.919735,0.187837,0.203113,3,lonely,controlled_contrast,rainy_room,rainy_room_039,weird_high
0.987812,0.744214,0.152387,0.178471,1.0,1.0,0.0,0.0,1.0,0.0,0.444251,0.626302,0.50046,0.362355,1,warm,random,,,
0.813604,0.62738,0.520725,0.502954,1.0,1.0,0.0,1.0,1.0,0.0,0.057877,0.533425,0.272293,0.723208,3,lonely,random,,,
0.828071,0.286824,0.056406,0.85896,1.0,1.0,0.0,0.0,0.0,0.0,0.820896,0.604695,0.052709,0.176759,1,warm,random,,,
0.474586,0.756832,0.054159,0.101638,0,0,1,0,1,0,0.220699,0.920224,0.169236,0.224346,3,lonely,controlled_contrast,humid_night,humid_night_066,weird_high
0.339672,0.450877,0.43273,0.184556,0.0,0.0,0.0,1.0,1.0,0.0,0.150254,0.429093,0.215352,0.749183,3,lonely,random,,,
0.097299,0.338173,0.251855,0.04903,1.0,0.0,0.0,1.0,1.0,0.0,0.538375,0.511704,0.361232,0.678651,0,quiet,random,,,
0.333862,0.863159,0.212774,0.9556,1.0,0.0,1.0,1.0,1.0,0.0,0.456259,0.780757,0.63881,0.133073,0,quiet,random,,,
0.407595,0.766757,0.427827,0.169369,0,0,1,1,1,0,0.193354,0.188136,0.19911,0.908418,3,lonely,controlled_contrast,rainy_room,rainy_room_011,lonely_high
0.469818,0.80149,0.091194,0.140639,0,0,1,0,1,0,0.199756,0.19173,0.196874,0.902629,3,lonely,controlled_contrast,humid_night,humid_night_068,lonely_high
0.208192,0.232992,0.448808,0.254381,1.0,0.0,0.0,1.0,1.0,0.0,0.619536,0.059141,0.448106,0.852415,0,quiet,random,,,
0.203014,0.271253,0.955686,0.555469,0.0,0.0,0.0,1.0,1.0,1.0,0.560259,0.386664,0.522436,0.103986,2,strange,random,,,
0.284085,0.636862,0.068633,0.789144,1.0,0.0,0.0,0.0,0.0,0.0,0.733533,0.733955,0.404521,0.632548,1,warm,random,,,
0.567199,0.722574,0.106082,0.091922,1.0,0.0,0.0,0.0,1.0,0.0,0.994149,0.052721,0.059019,0.257289,0,quiet,random,,,
0.62201,0.489919,0.447584,0.122931,0.0,0.0,0.0,1.0,1.0,0.0,0.37167,0.313154,0.121508,0.274379,3,lonely,random,,,
0.968572,0.17963,0.453118,0.0281,0.0,1.0,0.0,1.0,1.0,0.0,0.598577,0.308204,0.795602,0.418404,0,quiet,random,,,
0.460898,0.80643,0.070625,0.121185,0,0,1,0,1,0,0.19199,0.20021,0.910222,0.190055,3,lonely,controlled_contrast,humid_night,humid_night_040,warm_high
0.329093,0.705963,0.010272,0.760165,1.0,0.0,0.0,0.0,1.0,0.0,0.255574,0.932073,0.362242,0.330877,2,strange,random,,,
0.811933,0.564846,0.124944,0.643036,1.0,1.0,0.0,0.0,1.0,0.0,0.44916,0.077047,0.449696,0.176017,1,warm,random,,,
0.534573,0.371916,0.049409,0.502853,1.0,0.0,0.0,0.0,0.0,0.0,0.7463,0.536373,0.662984,0.205945,1,warm,random,,,
0.384604,0.397413,0.869884,0.861467,0.0,0.0,0.0,1.0,1.0,1.0,0.290212,0.58755,0.943624,0.382966,2,strange,random,,,
0.708574,0.229649,0.00265,0.153569,1,0,0,0,0,0,0.211403,0.885884,0.209537,0.213249,1,warm,controlled_contrast,clear_day,clear_day_040,weird_high
0.527798,0.747137,0.002729,0.854573,0.0,0.0,0.0,0.0,1.0,0.0,0.489656,0.676997,0.92178,0.338198,3,lonely,random,,,
0.751982,0.299444,0.695676,0.769237,0.0,1.0,0.0,1.0,1.0,1.0,0.406709,0.310073,0.423927,0.16795,2,strange,random,,,
0.428262,0.766459,0.643096,0.082848,1.0,0.0,1.0,1.0,1.0,0.0,0.051219,0.604396,0.293585,0.481479,0,quiet,random,,,
0.726685,0.407943,0.905712,0.855008,1.0,0.0,0.0,1.0,1.0,1.0,0.196625,0.176805,0.142002,0.62824,2,strange,random,,,
0.83853,0.203406,0.117449,0.125789,1.0,1.0,0.0,0.0,1.0,0.0,0.614025,0.570468,0.92904,0.597707,1,warm,random,,,
0.656931,0.232447,0.956611,0.515003,0.0,0.0,0.0,1.0,1.0,1.0,0.857056,0.568702,0.300169,0.314354,2,strange,random,,,
0.724997,0.216459,0.002298,0.15359,1,0,0,0,0,0,0.189827,0.193023,0.897721,0.219351,1,warm,controlled_contrast,clear_day,clear_day_024,warm_high
0.640245,0.527122,0.588989,0.691012,0.0,0.0,0.0,1.0,1.0,0.0,0.769564,0.739585,0.683993,0.148711,0,quiet,random,,,
0.553021,0.155941,0.040387,0.279337,0.0,0.0,0.0,0.0,0.0,0.0,0.584096,0.841274,0.543002,0.225602,2,strange,random,,,
0.05936,0.024164,0.78943,0.721111,1.0,0.0,0.0,1.0,1.0,1.0,0.165451,0.514838,0.097088,0.123351,2,strange,random,,,
0.42004,0.448287,0.669393,0.501384,0.0,0.0,0.0,1.0,1.0,1.0,0.744785,0.606823,0.276232,0.42369,2,strange,random,,,
0.980074,0.588672,0.09453,0.632871,1.0,1.0,0.0,0.0,1.0,0.0,0.563397,0.333035,0.253601,0.977066,3,lonely,random,,,
0.707582,0.267636,0.041767,0.169539,1,0,0,0,0,0,0.907723,0.205945,0.183096,0.196719,0,quiet,controlled_contrast,clear_day,clear_day_062,calm_high
0.336513,0.195893,0.093583,0.651193,1.0,0.0,0.0,0.0,1.0,0.0,0.424917,0.349196,0.921367,0.288662,1,warm,random,,,
0.467979,0.759845,0.496109,0.156493,0,0,1,1,1,0,0.220643,0.212503,0.908908,0.190341,3,lonely,controlled_contrast,rainy_room,rainy_room_032,warm_high
0.727211,0.216845,0.001603,0.065658,1.0,0.0,0.0,0.0,0.0,0.0,0.275946,0.950356,0.447909,0.103045,1,warm,random,,,
0.455558,0.721518,0.43306,0.20287,0,0,1,1,1,0,0.199874,0.202175,0.905322,0.192944,0,quiet,controlled_contrast,rainy_room,rainy_room_058,warm_high
0.845275,0.285308,0.043156,0.128593,0.0,1.0,0.0,0.0,0.0,0.0,0.602162,0.588183,0.526932,0.133766,1,warm,random,,,
0.354326,0.772701,0.080506,0.284113,1.0,0.0,1.0,0.0,1.0,0.0,0.643831,0.124658,0.270592,0.214331,0,quiet,random,,,
0.527452,0.221915,0.002741,0.818367,0.0,0.0,0.0,0.0,0.0,0.0,0.575279,0.985027,0.392286,0.079345,2,strange,random,,,
0.734736,0.177224,0.453398,0.775521,1.0,0.0,0.0,1.0,1.0,0.0,0.744489,0.593618,0.604808,0.070578,0,quiet,random,,,
0.668728,0.397861,0.487694,0.308862,0.0,0.0,0.0,1.0,1.0,0.0,0.41059,0.635002,0.630178,0.25755,3,lonely,random,,,
0.368493,0.838955,0.198695,0.669447,0.0,0.0,1.0,0.0,1.0,0.0,0.495455,0.067004,0.221568,0.717851,3,lonely,random,,,
0.174631,0.648269,0.000361,0.801534,0.0,0.0,0.0,0.0,0.0,0.0,0.161038,0.23846,0.160554,0.756528,3,lonely,random,,,
0.429515,0.812149,0.733926,0.719681,0,0,1,1,1,1,0.881126,0.19947,0.193269,0.218673,0,quiet,controlled_contrast,stormy_weather,stormy_weather_002,calm_high
0.72614,0.238645,0.674854,0.031688,0.0,0.0,0.0,1.0,1.0,0.0,0.190514,0.674289,0.111913,0.603474,3,lonely,random,,,
0.985246,0.944616,0.809933,0.048459,0.0,1.0,1.0,1.0,1.0,0.0,0.05309,0.576331,0.213514,0.546743,3,lonely,random,,,
0.981585,0.878623,0.022376,0.85985,1.0,1.0,1.0,0.0,0.0,0.0,0.769266,0.626486,0.505838,0.197093,1,warm,random,,,
0.602826,0.060254,0.657935,0.491942,0.0,0.0,0.0,1.0,1.0,1.0,0.056069,0.172752,0.561858,0.384916,3,lonely,random,,,
0.744111,0.270631,0.00729,0.123541,1,0,0,0,0,0,0.205537,0.194508,0.904325,0.205098,1,warm,controlled_contrast,clear_day,clear_day_037,warm_high
0.326246,0.678235,0.008487,0.023635,0.0,0.0,0.0,0.0,0.0,0.0,0.089304,0.154563,0.509384,0.473057,3,lonely,random,,,
0.409338,0.760226,0.487325,0.186829,0,0,1,1,1,0,0.187821,0.190312,0.206773,0.881138,3,lonely,controlled_contrast,rainy_room,rainy_room_019,lonely_high
0.765241,0.124511,0.850973,0.826371,0.0,1.0,0.0,1.0,1.0,1.0,0.243221,0.381043,0.74454,0.204829,2,strange,random,,,
0.458086,0.639825,0.801112,0.933083,1.0,0.0,0.0,1.0,1.0,1.0,0.622472,0.897556,0.445415,0.596735,2,strange,random,,,
0.925632,0.38239,0.958535,0.463307,1.0,1.0,0.0,1.0,1.0,1.0,0.957078,0.736732,0.658943,0.27543,2,strange,random,,,
0.8492,0.775452,0.998493,5e-06,1.0,1.0,1.0,1.0,1.0,0.0,0.66458,0.355447,0.328106,0.697241,0,quiet,random,,,
0.619407,0.935917,0.294949,0.041339,1.0,0.0,1.0,1.0,1.0,0.0,0.542409,0.586754,0.282113,0.586842,0,quiet,random,,,
0.409265,0.198757,0.449631,0.441629,1.0,0.0,0.0,1.0,1.0,0.0,0.458773,0.229816,0.324115,0.320537,0,quiet,random,,,
0.578882,0.189177,0.067429,0.011879,0.0,0.0,0.0,0.0,0.0,0.0,0.91908,0.713617,0.181222,0.214123,0,quiet,random,,,
0.602544,0.581269,0.837876,0.109935,1.0,0.0,0.0,1.0,1.0,0.0,0.50041,0.409639,0.277619,0.253718,0,quiet,random,,,
0.449224,0.889328,0.044628,0.210231,1.0,0.0,1.0,0.0,0.0,0.0,0.625519,0.356532,0.570933,0.79694,1,warm,random,,,
0.510111,0.631041,0.154482,0.957712,1.0,0.0,0.0,0.0,1.0,0.0,0.083345,0.96181,0.702073,0.197314,1,warm,random,,,
0.28929,0.143844,0.786652,0.430839,1.0,0.0,0.0,1.0,1.0,0.0,0.845472,0.114536,0.067747,0.537399,0,quiet,random,,,
0.788883,0.675928,0.343585,0.912309,0.0,1.0,0.0,1.0,1.0,0.0,0.320951,0.572267,0.780289,0.079802,1,warm,random,,,
0.615798,0.485525,0.143375,0.545378,0.0,0.0,0.0,0.0,1.0,0.0,0.505341,0.196924,0.1607,0.743226,3,lonely,random,,,
0.212888,0.75339,0.071747,0.171165,1.0,0.0,1.0,0.0,1.0,0.0,0.279386,0.446337,0.74924,0.068782,1,warm,random,,,
0.645479,0.307219,0.300418,0.38828,0.0,0.0,0.0,1.0,1.0,0.0,0.488287,0.449215,0.112726,0.814204,3,lonely,random,,,
0.886992,0.58864,0.634009,0.635445,0.0,1.0,0.0,1.0,1.0,0.0,0.658658,0.622423,0.098981,0.592563,3,lonely,random,,,
0.995016,0.015593,0.002646,0.697563,1.0,1.0,0.0,0.0,0.0,0.0,0.747778,0.664204,0.629296,0.45927,1,warm,random,,,
0.3928,0.246849,0.828907,0.926322,0.0,0.0,0.0,1.0,1.0,1.0,0.106048,0.930107,0.129375,0.42827,2,strange,random,,,
0.363934,0.131276,0.049152,0.805036,1.0,0.0,0.0,0.0,0.0,0.0,0.286216,0.290807,0.882173,0.586252,1,warm,random,,,
0.031564,0.332957,0.011842,0.006838,1.0,0.0,0.0,0.0,0.0,0.0,0.296953,0.228053,0.783729,0.32326,1,warm,random,,,
0.964496,0.374967,0.704065,0.821822,1.0,1.0,0.0,1.0,1.0,1.0,0.635361,0.57819,0.349407,0.31052,2,strange,random,,,
0.524235,0.833775,0.113502,0.122091,0,0,1,0,1,0,0.907273,0.199176,0.199966,0.214336,0,quiet,controlled_contrast,humid_night,humid_night_020,calm_high
0.481665,0.241498,0.021996,0.219141,1,0,0,0,0,0,0.909658,0.20234,0.186681,0.197443,0,quiet,controlled_contrast,neutral_weather,neutral_weather_057,calm_high
0.386293,0.640318,0.000312,0.501219,1.0,0.0,0.0,0.0,0.0,0.0,0.101534,0.430145,0.327346,0.157012,1,warm,random,,,
0.876379,0.428233,0.605777,0.271133,0.0,1.0,0.0,1.0,1.0,0.0,0.23024,0.197945,0.634914,0.392125,3,lonely,random,,,
0.439518,0.188432,0.003509,0.793397,0.0,0.0,0.0,0.0,0.0,0.0,0.679458,0.200156,0.681003,0.100292,1,warm,random,,,
0.440767,0.408489,0.004367,0.263753,0.0,0.0,0.0,0.0,0.0,0.0,0.43969,0.087371,0.78061,0.409386,3,lonely,random,,,
0.42712,0.16143,0.057654,0.605391,0.0,0.0,0.0,0.0,0.0,0.0,0.704304,0.614963,0.706636,0.266556,1,warm,random,,,
0.137803,0.364832,0.543563,0.517355,0.0,0.0,0.0,1.0,1.0,0.0,0.884824,0.572557,0.485937,0.363464,0,quiet,random,,,
0.514111,0.264833,0.039891,0.239412,1,0,0,0,0,0,0.196584,0.225454,0.202711,0.889004,3,lonely,controlled_contrast,neutral_weather,neutral_weather_069,lonely_high
0.480401,0.244304,0.084152,0.223092,1,0,0,0,0,0,0.192678,0.197841,0.917921,0.209013,1,warm,controlled_contrast,neutral_weather,neutral_weather_006,warm_high
0.235492,0.06099,0.110263,0.332773,1.0,0.0,0.0,0.0,1.0,0.0,0.165391,0.616963,0.841793,0.084023,1,warm,random,,,
0.461201,0.829207,0.098287,0.062909,0,0,1,0,1,0,0.907977,0.197551,0.188055,0.224506,0,quiet,controlled_contrast,humid_night,humid_night_008,calm_high
0.250491,0.105265,0.001242,0.085958,1.0,0.0,0.0,0.0,0.0,0.0,0.899167,0.578085,0.206282,0.150371,0,quiet,random,,,
0.279494,0.760242,0.174142,0.2434,1.0,0.0,1.0,0.0,1.0,0.0,0.320532,0.153088,0.460269,0.618203,3,lonely,random,,,
0.260163,0.36744,0.002535,0.552177,0.0,0.0,0.0,0.0,0.0,0.0,0.51342,0.351253,0.984246,0.350718,1,warm,random,,,
0.236235,0.067041,0.839663,0.82429,1.0,0.0,0.0,1.0,1.0,1.0,0.146939,0.549167,0.495189,0.423777,2,strange,random,,,
0.935026,0.565977,0.771806,0.347009,0.0,1.0,0.0,1.0,1.0,0.0,0.932021,0.590126,0.3737,0.093255,0,quiet,random,,,
0.419904,0.761661,0.481716,0.133523,0,0,1,1,1,0,0.160882,0.919077,0.213112,0.205625,3,lonely,controlled_contrast,rainy_room,rainy_room_037,weird_high
0.330242,0.926795,0.603534,0.067325,1.0,0.0,1.0,1.0,1.0,0.0,0.445149,0.122799,0.888348,0.661365,0,quiet,random,,,
0.612399,0.153916,0.844798,0.89243,1.0,0.0,0.0,1.0,1.0,1.0,0.269788,0.315881,0.747226,0.14286,2,strange,random,,,
0.742489,0.945722,0.882363,0.306206,1.0,0.0,1.0,1.0,1.0,0.0,0.331236,0.470465,0.654734,0.094709,0,quiet,random,,,
0.304271,0.711637,0.982702,0.775059,1.0,0.0,0.0,1.0,1.0,1.0,0.486138,0.600873,0.401024,0.078382,2,strange,random,,,
0.50426,0.466472,0.069046,0.956045,1.0,0.0,0.0,0.0,0.0,0.0,0.114333,0.687939,0.608698,0.737967,1,warm,random,,,
0.308996,0.982183,0.72014,0.428096,1.0,0.0,1.0,1.0,1.0,0.0,0.449911,0.25038,0.055481,0.401135,0,quiet,random,,,
0.143909,0.493265,0.433044,0.017259,0.0,0.0,0.0,1.0,1.0,0.0,0.360702,0.46377,0.970378,0.633243,3,lonely,random,,,
0.157585,0.198675,0.627435,0.87816,0.0,0.0,0.0,1.0,1.0,0.0,0.340184,0.424613,0.308723,0.303365,3,lonely,random,,,
0.56983,0.111372,0.220576,0.011632,1.0,0.0,0.0,1.0,1.0,0.0,0.16175,0.361647,0.203412,0.972696,3,lonely,random,,,
0.091241,0.23881,0.955064,0.908634,0.0,0.0,0.0,1.0,1.0,1.0,0.417524,0.26342,0.551716,0.2765,2,strange,random,,,
0.579867,0.693379,0.67614,0.324442,0.0,0.0,0.0,1.0,1.0,0.0,0.361769,0.860307,0.395438,0.55183,3,lonely,random,,,
0.703009,0.772152,0.154099,0.254595,0.0,0.0,1.0,0.0,1.0,0.0,0.915375,0.745464,0.327852,0.323644,0,quiet,random,,,
0.875341,0.644974,0.505352,0.76489,1.0,1.0,0.0,1.0,1.0,0.0,0.637249,0.801943,0.269212,0.356027,0,quiet,random,,,
0.528954,0.25937,0.047011,0.200406,1,0,0,0,0,0,0.222995,0.194209,0.195484,0.900339,3,lonely,controlled_contrast,neutral_weather,neutral_weather_004,lonely_high
0.090495,0.729333,0.187931,0.505337,1.0,0.0,0.0,0.0,1.0,0.0,0.328043,0.388074,0.472551,0.423368,1,warm,random,,,
0.607933,0.936773,0.476334,0.307517,1.0,0.0,1.0,1.0,1.0,0.0,0.484251,0.119371,0.721627,0.13174,0,quiet,random,,,
0.190738,0.673641,0.657001,0.688331,1.0,0.0,0.0,1.0,1.0,1.0,0.052269,0.332191,0.415001,0.623562,2,strange,random,,,
0.846182,0.861674,0.374077,0.213579,1.0,1.0,1.0,1.0,1.0,0.0,0.48002,0.737482,0.201553,0.096899,0,quiet,random,,,
0.407595,0.766757,0.427827,0.169369,0,0,1,1,1,0,0.202605,0.908381,0.199446,0.207014,3,lonely,controlled_contrast,rainy_room,rainy_room_011,weird_high
0.976159,0.112659,0.637821,0.340221,1.0,1.0,0.0,1.0,1.0,0.0,0.180299,0.346331,0.984644,0.200362,1,warm,random,,,
0.631893,0.540629,0.864163,0.471442,0.0,0.0,0.0,1.0,1.0,1.0,0.335028,0.504705,0.945036,0.27302,2,strange,random,,,
0.217825,0.169585,0.722168,0.660613,1.0,0.0,0.0,1.0,1.0,1.0,0.194706,0.410793,0.31736,0.457498,2,strange,random,,,
0.627593,0.002882,0.570653,0.540499,1.0,0.0,0.0,1.0,1.0,0.0,0.325942,0.233073,0.615329,0.225169,1,warm,random,,,
0.901651,0.693979,0.013443,0.70977,1.0,1.0,0.0,0.0,1.0,0.0,0.462299,0.316769,0.95039,0.228669,1,warm,random,,,
0.29588,0.216515,0.578035,0.999168,1.0,0.0,0.0,1.0,1.0,0.0,0.892521,0.731656,0.493055,0.251088,0,quiet,random,,,
0.503316,0.219901,0.052777,0.182964,1,0,0,0,0,0,0.197937,0.188987,0.896144,0.192167,1,warm,controlled_contrast,neutral_weather,neutral_weather_035,warm_high
0.826721,0.609154,0.710484,0.623219,1.0,1.0,0.0,1.0,1.0,1.0,0.074192,0.698833,0.627194,0.212504,2,strange,random,,,
0.254563,0.387418,0.588156,0.408825,1.0,0.0,0.0,1.0,1.0,0.0,0.093876,0.446955,0.107872,0.169593,0,quiet,random,,,
0.916085,0.76206,0.032692,0.63467,1.0,1.0,1.0,0.0,1.0,0.0,0.136092,0.547738,0.584891,0.639498,1,warm,random,,,
0.677412,0.846862,0.867963,0.567975,1.0,0.0,1.0,1.0,1.0,1.0,0.275153,0.853405,0.274392,0.585055,2,strange,random,,,
0.863258,0.77157,0.663964,0.569966,1.0,1.0,1.0,1.0,1.0,1.0,0.086984,0.642302,0.160277,0.83079,2,strange,random,,,
0.570936,0.793278,0.287626,0.155181,1.0,0.0,1.0,1.0,1.0,0.0,0.431619,0.676532,0.066443,0.233364,0,quiet,random,,,
0.608304,0.333231,0.302307,0.268778,0.0,0.0,0.0,1.0,1.0,0.0,0.587876,0.084073,0.452989,0.605735,3,lonely,random,,,
0.057997,0.613802,0.805245,0.195107,0.0,0.0,0.0,1.0,1.0,0.0,0.458929,0.731893,0.168555,0.473821,3,lonely,random,,,
0.298796,0.736059,0.091643,0.116869,1.0,0.0,0.0,0.0,1.0,0.0,0.229298,0.745494,0.681558,0.543419,1,warm,random,,,
0.770565,0.47982,0.520746,0.333813,1.0,1.0,0.0,1.0,1.0,0.0,0.269244,0.5375,0.962388,0.365003,1,warm,random,,,
0.965481,0.285147,0.468191,0.986454,0.0,1.0,0.0,1.0,1.0,0.0,0.178084,0.410323,0.773934,0.604284,3,lonely,random,,,
0.035983,0.624675,0.73666,0.251633,1.0,0.0,0.0,1.0,1.0,0.0,0.143287,0.235757,0.619402,0.176783,1,warm,random,,,
0.074309,0.453748,0.164864,0.522296,1.0,0.0,0.0,0.0,1.0,0.0,0.565491,0.381464,0.354025,0.580177,3,lonely,random,,,
0.087558,0.392886,0.000997,0.856455,1.0,0.0,0.0,0.0,0.0,0.0,0.568426,0.697023,0.051817,0.12787,2,strange,random,,,
0.001105,0.590533,0.01603,0.002803,0.0,0.0,0.0,0.0,0.0,0.0,0.733711,0.92531,0.252414,0.532711,3,lonely,random,,,
0.800781,0.963911,0.897692,0.220205,1.0,1.0,1.0,1.0,1.0,0.0,0.7434,0.690565,0.343858,0.18054,0,quiet,random,,,
0.438366,0.981128,0.26367,0.960234,1.0,0.0,1.0,1.0,1.0,0.0,0.317565,0.529767,0.881528,0.210605,1,warm,random,,,
0.60769,0.097354,0.424101,0.134965,0.0,0.0,0.0,1.0,1.0,0.0,0.846895,0.534725,0.132059,0.544853,0,quiet,random,,,
0.495688,0.823128,0.115448,0.081572,0,0,1,0,1,0,0.896732,0.205552,0.210502,0.201731,0,quiet,controlled_contrast,humid_night,humid_night_022,calm_high
0.513138,0.205653,0.000573,0.743188,0.0,0.0,0.0,0.0,0.0,0.0,0.138831,0.179316,0.744722,0.115247,1,warm,random,,,
0.284414,0.902532,0.528898,0.564311,0.0,0.0,1.0,1.0,1.0,0.0,0.693908,0.977256,0.587231,0.171931,0,quiet,random,,,
0.728792,0.145581,0.019138,0.261529,0.0,0.0,0.0,0.0,0.0,0.0,0.613927,0.579381,0.226389,0.760029,3,lonely,random,,,
0.067716,0.260903,0.123087,0.191983,1.0,0.0,0.0,0.0,1.0,0.0,0.36304,0.856696,0.267083,0.252029,1,warm,random,,,
0.461782,0.79805,0.073417,0.078683,0,0,1,0,1,0,0.173508,0.196116,0.218832,0.908277,3,lonely,controlled_contrast,humid_night,humid_night_069,lonely_high
0.281798,0.852741,0.008745,0.092238,1.0,0.0,1.0,0.0,1.0,0.0,0.623173,0.49849,0.371758,0.736469,3,lonely,random,,,
0.125273,0.749141,0.054404,0.002319,1.0,0.0,0.0,0.0,1.0,0.0,0.978076,0.387468,0.724941,0.24311,1,warm,random,,,
0.970806,0.215381,0.067071,0.340112,1.0,1.0,0.0,0.0,0.0,0.0,0.724828,0.338202,0.06761,0.79402,1,warm,random,,,
0.455629,0.780217,0.466423,0.198784,0,0,1,1,1,0,0.194805,0.194361,0.887072,0.196789,3,lonely,controlled_contrast,rainy_room,rainy_room_049,warm_high
0.258112,0.984742,0.59383,0.711424,1.0,0.0,1.0,1.0,1.0,0.0,0.874928,0.603033,0.155962,0.481395,0,quiet,random,,,
0.869717,0.912085,0.971306,0.116691,1.0,1.0,1.0,1.0,1.0,0.0,0.499757,0.339482,0.635804,0.973395,3,lonely,random,,,
0.459024,0.186552,0.175675,0.759056,1.0,0.0,0.0,0.0,1.0,0.0,0.392368,0.975389,0.501859,0.135899,2,strange,random,,,
0.8441,0.482,0.246876,0.939071,1.0,1.0,0.0,1.0,1.0,0.0,0.252629,0.32178,0.85293,0.204765,1,warm,random,,,
0.077951,0.362045,0.684008,0.721406,1.0,0.0,0.0,1.0,1.0,1.0,0.687146,0.569045,0.080282,0.559336,2,strange,random,,,
0.874794,0.687781,0.214062,0.193654,1.0,1.0,0.0,1.0,1.0,0.0,0.104096,0.419692,0.339511,0.255939,1,warm,random,,,
0.636369,0.764768,0.104812,0.011675,0.0,0.0,1.0,0.0,1.0,0.0,0.710945,0.616323,0.710131,0.103098,0,quiet,random,,,
0.327324,0.470513,0.691044,0.287288,0.0,0.0,0.0,1.0,1.0,0.0,0.562457,0.668873,0.634125,0.368059,3,lonely,random,,,
0.42714,0.850918,0.111191,0.56384,1.0,0.0,1.0,0.0,1.0,0.0,0.395244,0.913154,0.280115,0.111418,2,strange,random,,,
0.213318,0.129206,0.561787,0.94234,0.0,0.0,0.0,1.0,1.0,0.0,0.650017,0.51593,0.641046,0.948609,3,lonely,random,,,
0.094792,0.436605,0.004691,0.376883,1.0,0.0,0.0,0.0,0.0,0.0,0.572132,0.658986,0.825882,0.274885,1,warm,random,,,
0.523758,0.449683,0.000223,0.32538,1.0,0.0,0.0,0.0,0.0,0.0,0.303447,0.16286,0.853226,0.737283,1,warm,random,,,
0.652357,0.556268,0.487938,0.05238,1.0,0.0,0.0,1.0,1.0,0.0,0.13547,0.507207,0.500069,0.619414,3,lonely,random,,,
0.349491,0.918005,0.73094,0.232795,0.0,0.0,1.0,1.0,1.0,0.0,0.730092,0.170543,0.701798,0.583643,0,quiet,random,,,
0.460898,0.80643,0.070625,0.121185,0,0,1,0,1,0,0.212512,0.198085,0.193135,0.895572,3,lonely,controlled_contrast,humid_night,humid_night_040,lonely_high
0.331691,0.797033,0.0889,0.29775,1.0,0.0,1.0,0.0,1.0,0.0,0.358344,0.845581,0.220992,0.740666,3,lonely,random,,,
0.459203,0.791099,0.695316,0.751779,0,0,1,1,1,1,0.896025,0.196633,0.210124,0.192758,0,quiet,controlled_contrast,stormy_weather,stormy_weather_048,calm_high
0.075346,0.003669,0.52246,0.200797,0.0,0.0,0.0,1.0,1.0,0.0,0.796155,0.206568,0.316469,0.366397,0,quiet,random,,,
0.933205,0.193479,0.040757,0.650631,0.0,1.0,0.0,0.0,0.0,0.0,0.095461,0.847889,0.192055,0.345605,2,strange,random,,,
0.41613,0.139749,0.345905,0.004831,0.0,0.0,0.0,1.0,1.0,0.0,0.653234,0.189917,0.492194,0.358244,0,quiet,random,,,
0.189115,0.461188,0.743445,0.57829,0.0,0.0,0.0,1.0,1.0,1.0,0.744645,0.720713,0.655868,0.534656,2,strange,random,,,
0.003629,0.5592,0.316384,0.118665,1.0,0.0,0.0,1.0,1.0,0.0,0.565838,0.627074,0.890236,0.434198,1,warm,random,,,
0.49342,0.676087,0.04269,0.133039,1.0,0.0,0.0,0.0,0.0,0.0,0.461547,0.426492,0.290591,0.251409,1,warm,random,,,
0.984461,0.389901,0.323222,0.258916,1.0,1.0,0.0,1.0,1.0,0.0,0.985193,0.492579,0.391912,0.463278,0,quiet,random,,,
0.368294,0.311243,0.139686,0.81165,1.0,0.0,0.0,0.0,1.0,0.0,0.516053,0.1522,0.89168,0.338313,1,warm,random,,,
0.050445,0.33923,0.226148,0.149018,1.0,0.0,0.0,1.0,1.0,0.0,0.97485,0.74465,0.701469,0.724525,0,quiet,random,,,
0.521809,0.697816,0.000703,0.619948,1.0,0.0,0.0,0.0,0.0,0.0,0.574092,0.694452,0.84059,0.58954,1,warm,random,,,
0.705662,0.539392,0.545688,0.599042,0.0,0.0,0.0,1.0,1.0,0.0,0.373905,0.334212,0.742625,0.675064,3,lonely,random,,,
0.831799,0.00935,0.260977,0.612924,0.0,1.0,0.0,1.0,1.0,0.0,0.613909,0.702623,0.71997,0.139662,1,warm,random,,,
0.288658,0.926537,0.435563,0.341324,1.0,0.0,1.0,1.0,1.0,0.0,0.373726,0.906358,0.691107,0.167417,0,quiet,random,,,
0.085907,0.442569,0.399972,0.797174,1.0,0.0,0.0,1.0,1.0,0.0,0.313843,0.633291,0.326154,0.134029,1,warm,random,,,
0.187604,0.001978,9e-06,0.015035,0.0,0.0,0.0,0.0,0.0,0.0,0.107535,0.400785,0.059133,0.24535,3,lonely,random,,,
0.525862,0.290578,0.341304,0.131855,1.0,0.0,0.0,1.0,1.0,0.0,0.430065,0.491951,0.061058,0.647487,0,quiet,random,,,
0.535348,0.7783,0.002478,0.101299,1.0,0.0,1.0,0.0,1.0,0.0,0.60743,0.148596,0.736695,0.708113,1,warm,random,,,
0.847565,0.254426,0.230597,0.936131,1.0,1.0,0.0,1.0,1.0,0.0,0.069354,0.634986,0.969825,0.618249,1,warm,random,,,
0.008263,0.82757,0.775531,0.658931,1.0,0.0,1.0,1.0,1.0,1.0,0.73655,0.747461,0.099106,0.376571,2,strange,random,,,
0.340576,0.320325,0.989068,0.729494,1.0,0.0,0.0,1.0,1.0,1.0,0.588042,0.284637,0.390224,0.141878,2,strange,random,,,
0.632862,0.565017,0.40853,0.006731,1.0,0.0,0.0,1.0,1.0,0.0,0.708241,0.545323,0.466448,0.317563,0,quiet,random,,,
0.915534,0.422626,0.220368,0.921461,0.0,1.0,0.0,1.0,1.0,0.0,0.449089,0.664379,0.056297,0.834356,3,lonely,random,,,
0.43154,0.463589,0.401198,0.472834,0.0,0.0,0.0,1.0,1.0,0.0,0.656605,0.101046,0.503865,0.276873,0,quiet,random,,,
0.503364,0.81904,0.083272,0.131971,0,0,1,0,1,0,0.891607,0.204994,0.205634,0.198046,0,quiet,controlled_contrast,humid_night,humid_night_054,calm_high
0.764921,0.961412,0.41883,0.507265,1.0,1.0,1.0,1.0,1.0,0.0,0.597714,0.391959,0.629033,0.718179,1,warm,random,,,
0.436283,0.764656,0.46533,0.145394,0,0,1,1,1,0,0.189826,0.212767,0.898698,0.201374,3,lonely,controlled_contrast,rainy_room,rainy_room_035,warm_high
0.372617,0.154211,0.27715,0.463503,0.0,0.0,0.0,1.0,1.0,0.0,0.680846,0.971876,0.114347,0.600274,3,lonely,random,,,
0.481049,0.857944,0.051143,0.130374,0,0,1,0,1,0,0.201665,0.902912,0.208648,0.200681,3,lonely,controlled_contrast,humid_night,humid_night_055,weird_high
0.511729,0.813583,0.096243,0.115479,0,0,1,0,1,0,0.193422,0.909141,0.186302,0.222723,3,lonely,controlled_contrast,humid_night,humid_night_046,weird_high
0.518546,0.258433,0.056851,0.168323,1,0,0,0,0,0,0.197573,0.924994,0.202959,0.200776,2,strange,controlled_contrast,neutral_weather,neutral_weather_051,weird_high
0.836332,0.012535,0.573807,0.014767,0.0,1.0,0.0,1.0,1.0,0.0,0.840942,0.673114,0.308994,0.629402,0,quiet,random,,,
0.691781,0.648732,0.154643,0.692565,0.0,0.0,0.0,0.0,1.0,0.0,0.057537,0.164875,0.314034,0.769847,3,lonely,random,,,
0.026503,0.88713,0.385104,0.234376,0.0,0.0,1.0,1.0,1.0,0.0,0.407062,0.19563,0.319972,0.550597,3,lonely,random,,,
0.45178,0.783866,0.701239,0.72033,0,0,1,1,1,1,0.188326,0.885326,0.205375,0.221288,2,strange,controlled_contrast,stormy_weather,stormy_weather_036,weird_high
0.090105,0.245405,0.128984,0.907805,1.0,0.0,0.0,0.0,1.0,0.0,0.606887,0.545545,0.647136,0.551646,1,warm,random,,,
0.418567,0.535182,0.97234,0.513088,1.0,0.0,0.0,1.0,1.0,1.0,0.443668,0.428841,0.454462,0.419908,2,strange,random,,,
0.750605,0.281709,0.023688,0.141065,1,0,0,0,0,0,0.204441,0.913795,0.185611,0.191014,2,strange,controlled_contrast,clear_day,clear_day_029,weird_high
0.236223,0.943081,0.119985,0.040248,0.0,0.0,1.0,0.0,1.0,0.0,0.289768,0.070568,0.290334,0.897332,3,lonely,random,,,
0.764998,0.968875,0.005839,0.561042,1.0,1.0,1.0,0.0,1.0,0.0,0.531444,0.695503,0.631853,0.983792,1,warm,random,,,
0.781661,0.263165,0.673899,0.632654,0.0,1.0,0.0,1.0,1.0,1.0,0.978988,0.507154,0.364796,0.66073,0,quiet,random,,,
0.99171,0.627884,0.721477,0.139593,1.0,1.0,0.0,1.0,1.0,0.0,0.900698,0.051741,0.152773,0.191284,0,quiet,random,,,
0.935887,0.367683,0.903267,0.772716,1.0,1.0,0.0,1.0,1.0,1.0,0.441981,0.884707,0.399236,0.259082,2,strange,random,,,
0.214975,0.862545,0.078333,0.368715,1.0,0.0,1.0,0.0,1.0,0.0,0.6974,0.444706,0.461435,0.189638,0,quiet,random,,,
0.578253,0.32995,0.976937,0.000848,0.0,0.0,0.0,1.0,1.0,0.0,0.515807,0.181757,0.057386,0.067461,0,quiet,random,,,
0.58006,0.76792,0.033609,0.197829,1.0,0.0,1.0,0.0,0.0,0.0,0.973393,0.596329,0.525533,0.343024,0,quiet,random,,,
0.621975,0.949361,0.31763,0.294272,0.0,0.0,1.0,1.0,1.0,0.0,0.324533,0.919233,0.55623,0.698931,3,lonely,random,,,
0.587911,0.180582,0.733674,0.983932,1.0,0.0,0.0,1.0,1.0,1.0,0.201877,0.336937,0.637686,0.729958,2,strange,random,,,
0.475651,0.839036,0.737475,0.744564,0,0,1,1,1,1,0.91685,0.217258,0.198669,0.174311,0,quiet,controlled_contrast,stormy_weather,stormy_weather_045,calm_high
0.489719,0.99533,0.055216,0.147006,0.0,0.0,1.0,0.0,1.0,0.0,0.773029,0.425751,0.691868,0.20047,3,lonely,random,,,
0.425026,0.831779,0.718217,0.713161,0,0,1,1,1,1,0.898938,0.178484,0.208755,0.197128,0,quiet,controlled_contrast,stormy_weather,stormy_weather_073,calm_high
0.032546,0.537259,0.116097,0.781579,1.0,0.0,0.0,0.0,1.0,0.0,0.476981,0.364238,0.050658,0.868776,3,lonely,random,,,
0.561309,0.901829,2.1e-05,0.881257,1.0,0.0,1.0,0.0,1.0,0.0,0.777633,0.378617,0.50791,0.463963,1,warm,random,,,
0.990023,0.810949,0.846123,0.813249,1.0,1.0,1.0,1.0,1.0,1.0,0.391485,0.195392,0.504832,0.802793,1,warm,random,,,
0.182277,0.306044,0.010116,0.393612,1.0,0.0,0.0,0.0,0.0,0.0,0.06145,0.241938,0.868251,0.675967,1,warm,random,,,
0.632599,0.699159,0.023037,0.085401,1.0,0.0,0.0,0.0,1.0,0.0,0.546199,0.737933,0.709464,0.813676,1,warm,random,,,
0.536962,0.103564,0.743226,0.754745,1.0,0.0,0.0,1.0,1.0,1.0,0.651052,0.707233,0.666463,0.859611,2,strange,random,,,
0.184786,0.493044,0.424417,0.215179,1.0,0.0,0.0,1.0,1.0,0.0,0.290392,0.930416,0.187992,0.214322,0,quiet,random,,,
0.495545,0.275323,0.036935,0.239497,1,0,0,0,0,0,0.187074,0.20127,0.193249,0.883579,3,lonely,controlled_contrast,neutral_weather,neutral_weather_038,lonely_high
0.632151,0.292403,0.667333,0.79732,1.0,0.0,0.0,1.0,1.0,1.0,0.460005,0.435939,0.243653,0.499927,2,strange,random,,,
0.834735,0.283139,0.940445,0.610446,1.0,1.0,0.0,1.0,1.0,1.0,0.346104,0.614472,0.665456,0.865622,2,strange,random,,,
0.58033,0.406791,0.104405,0.154533,0.0,0.0,0.0,0.0,1.0,0.0,0.168072,0.461152,0.984583,0.445472,3,lonely,random,,,
0.319407,0.834103,0.09983,0.272219,1.0,0.0,1.0,0.0,1.0,0.0,0.273505,0.232313,0.896548,0.667355,1,warm,random,,,
0.989891,0.718595,0.009639,0.827742,1.0,1.0,0.0,0.0,0.0,0.0,0.285815,0.603797,0.685608,0.56464,1,warm,random,,,
0.76829,0.615441,0.873379,0.870794,1.0,1.0,0.0,1.0,1.0,1.0,0.746622,0.387882,0.395123,0.364511,2,strange,random,,,
0.273491,0.340151,0.077189,0.087734,1.0,0.0,0.0,0.0,0.0,0.0,0.236116,0.81525,0.083618,0.698652,2,strange,random,,,
0.687444,0.547986,0.025343,0.085215,1.0,0.0,0.0,0.0,0.0,0.0,0.410588,0.626095,0.646188,0.70796,1,warm,random,,,
0.049772,0.216833,0.840166,0.824477,1.0,0.0,0.0,1.0,1.0,1.0,0.862672,0.447417,0.307193,0.493958,0,quiet,random,,,
0.150765,0.929975,0.061913,0.029341,1.0,0.0,1.0,0.0,0.0,0.0,0.197791,0.581248,0.094063,0.33572,1,warm,random,,,
0.453957,0.785201,0.439411,0.183513,0,0,1,1,1,0,0.215995,0.206666,0.911884,0.19972,0,quiet,controlled_contrast,rainy_room,rainy_room_030,warm_high
0.086187,0.296215,0.368103,0.932925,1.0,0.0,0.0,1.0,1.0,0.0,0.176711,0.609031,0.233867,0.620627,3,lonely,random,,,
0.751726,0.234695,0.0,0.155301,1,0,0,0,0,0,0.900052,0.173746,0.214733,0.193054,0,quiet,controlled_contrast,clear_day,clear_day_020,calm_high
0.024857,0.052643,0.783846,0.866222,0.0,0.0,0.0,1.0,1.0,1.0,0.14859,0.500254,0.433658,0.487465,2,strange,random,,,
0.497631,0.61709,0.060826,0.0537,1.0,0.0,0.0,0.0,0.0,0.0,0.11368,0.549694,0.198221,0.623187,1,warm,random,,,
0.472296,0.272498,0.053261,0.193919,1,0,0,0,0,0,0.204718,0.202198,0.888451,0.220048,1,warm,controlled_contrast,neutral_weather,neutral_weather_044,warm_high
0.449737,0.100145,0.907214,0.127148,1.0,0.0,0.0,1.0,1.0,0.0,0.352315,0.254699,0.391189,0.279605,0,quiet,random,,,
0.34139,0.255318,0.43755,0.87714,0.0,0.0,0.0,1.0,1.0,0.0,0.70406,0.59488,0.527448,0.695522,3,lonely,random,,,
0.642354,0.046708,0.034667,0.545578,0.0,0.0,0.0,0.0,0.0,0.0,0.241548,0.742987,0.436471,0.053187,2,strange,random,,,
0.960163,0.922864,0.078487,0.00112,0.0,1.0,1.0,0.0,0.0,0.0,0.855486,0.712629,0.679211,0.709906,3,lonely,random,,,
0.118251,0.782513,0.511968,0.146085,0.0,0.0,1.0,1.0,1.0,0.0,0.708418,0.305888,0.110204,0.29803,0,quiet,random,,,
0.390504,0.578748,0.392453,0.416858,0.0,0.0,0.0,1.0,1.0,0.0,0.309769,0.336886,0.343169,0.748142,3,lonely,random,,,
0.013822,0.997223,0.071114,0.439099,1.0,0.0,1.0,0.0,0.0,0.0,0.230366,0.840192,0.050065,0.444555,2,strange,random,,,
0.785511,0.789613,0.293627,0.708016,1.0,1.0,1.0,1.0,1.0,0.0,0.50672,0.51071,0.957781,0.135258,1,warm,random,,,
0.728708,0.343381,0.006284,0.19806,1.0,0.0,0.0,0.0,0.0,0.0,0.050657,0.131934,0.918032,0.466721,1,warm,random,,,
0.213325,0.995351,0.733234,0.284012,1.0,0.0,1.0,1.0,1.0,0.0,0.120569,0.688604,0.932121,0.325951,1,warm,random,,,
0.016817,0.107902,0.000739,0.490929,1.0,0.0,0.0,0.0,0.0,0.0,0.270528,0.388862,0.712398,0.331178,1,warm,random,,,
0.444138,0.773741,0.742988,0.729012,0,0,1,1,1,1,0.202301,0.195237,0.908736,0.213618,3,lonely,controlled_contrast,stormy_weather,stormy_weather_067,warm_high
0.490242,0.258714,0.043628,0.187892,1,0,0,0,0,0,0.195469,0.217419,0.901232,0.198631,1,warm,controlled_contrast,neutral_weather,neutral_weather_073,warm_high
0.596141,0.955792,0.014634,0.846422,0.0,0.0,1.0,0.0,1.0,0.0,0.697701,0.691189,0.505236,0.928001,3,lonely,random,,,
0.430495,0.35432,0.340437,0.608039,1.0,0.0,0.0,1.0,1.0,0.0,0.624732,0.737106,0.086316,0.332088,0,quiet,random,,,
0.562182,0.992999,0.003313,0.072488,1.0,0.0,1.0,0.0,0.0,0.0,0.535662,0.510841,0.711631,0.2751,1,warm,random,,,
0.840818,0.859205,0.09228,0.400246,1.0,1.0,1.0,0.0,1.0,0.0,0.428367,0.159297,0.296557,0.210574,1,warm,random,,,
0.857371,0.907035,0.007128,0.773017,1.0,1.0,1.0,0.0,1.0,0.0,0.682295,0.970158,0.421922,0.717359,1,warm,random,,,
0.402335,0.200404,0.000868,0.51223,0.0,0.0,0.0,0.0,0.0,0.0,0.557604,0.067922,0.072107,0.22192,3,lonely,random,,,
0.812595,0.659139,0.369139,0.015339,0.0,1.0,0.0,1.0,1.0,0.0,0.959517,0.422996,0.543671,0.550582,0,quiet,random,,,
0.389459,0.861059,0.316666,0.845792,1.0,0.0,1.0,1.0,1.0,0.0,0.729171,0.319461,0.145859,0.351224,0,quiet,random,,,
0.297958,0.006186,0.002432,0.234871,1.0,0.0,0.0,0.0,0.0,0.0,0.425234,0.344214,0.719993,0.542994,1,warm,random,,,
0.719289,0.257703,0.0,0.135752,1,0,0,0,0,0,0.182652,0.201285,0.190586,0.893915,3,lonely,controlled_contrast,clear_day,clear_day_077,lonely_high
0.26154,0.960977,0.863339,0.053627,1.0,0.0,1.0,1.0,1.0,0.0,0.201243,0.444335,0.499929,0.787018,3,lonely,random,,,
0.942204,0.269454,0.397916,0.037872,1.0,1.0,0.0,1.0,1.0,0.0,0.665357,0.243206,0.319217,0.144173,0,quiet,random,,,
0.854927,0.622497,0.002226,0.008581,0.0,1.0,0.0,0.0,0.0,0.0,0.052306,0.897563,0.222358,0.149104,2,strange,random,,,
0.537336,0.756305,0.18077,0.827648,1.0,0.0,1.0,0.0,1.0,0.0,0.691409,0.559313,0.264978,0.44296,0,quiet,random,,,
0.196538,0.060838,0.029484,0.515177,0.0,0.0,0.0,0.0,0.0,0.0,0.427404,0.324278,0.640919,0.102548,1,warm,random,,,
0.538996,0.745458,0.302587,0.042959,1.0,0.0,0.0,1.0,1.0,0.0,0.132121,0.091003,0.101174,0.387669,3,lonely,random,,,
0.644162,0.225351,0.002488,0.434479,0.0,0.0,0.0,0.0,0.0,0.0,0.579744,0.056577,0.071391,0.05374,0,quiet,random,,,
0.212585,0.492252,0.979556,0.454683,1.0,0.0,0.0,1.0,1.0,1.0,0.454202,0.749946,0.38139,0.979958,2,strange,random,,,
0.878519,0.349294,0.015123,0.080587,1.0,1.0,0.0,0.0,0.0,0.0,0.39149,0.159148,0.869037,0.310173,1,warm,random,,,
0.363662,0.891246,0.106876,0.034779,1.0,0.0,1.0,0.0,1.0,0.0,0.163608,0.531905,0.503169,0.196503,1,warm,random,,,
0.675524,0.325831,0.0,0.138338,1,0,0,0,0,0,0.193897,0.208463,0.190418,0.889089,3,lonely,controlled_contrast,clear_day,clear_day_013,lonely_high
0.824766,0.127522,0.221669,0.955623,1.0,1.0,0.0,1.0,1.0,0.0,0.404312,0.427743,0.437561,0.887921,1,warm,random,,,
0.485523,0.803604,0.09697,0.117788,0,0,1,0,1,0,0.899293,0.223525,0.202264,0.197346,0,quiet,controlled_contrast,humid_night,humid_night_045,calm_high
0.43448,0.786281,0.755228,0.736375,0,0,1,1,1,1,0.210097,0.194978,0.171545,0.909074,3,lonely,controlled_contrast,stormy_weather,stormy_weather_071,lonely_high
0.024054,0.303746,0.261672,0.378589,1.0,0.0,0.0,1.0,1.0,0.0,0.565136,0.561515,0.155506,0.296227,0,quiet,random,,,
0.822819,0.628742,0.789283,0.592572,1.0,1.0,0.0,1.0,1.0,1.0,0.219514,0.819015,0.524459,0.207214,2,strange,random,,,
0.453471,0.763479,0.903469,0.045469,0.0,0.0,1.0,1.0,1.0,0.0,0.407068,0.520774,0.278104,0.408324,0,quiet,random,,,
0.934946,0.709642,0.857601,0.493965,1.0,1.0,0.0,1.0,1.0,1.0,0.374391,0.671197,0.989002,0.196102,1,warm,random,,,
0.060306,0.82566,0.935346,0.85373,1.0,0.0,1.0,1.0,1.0,1.0,0.358642,0.716612,0.402842,0.10365,2,strange,random,,,
0.854517,0.885308,0.52171,0.984846,0.0,1.0,1.0,1.0,1.0,0.0,0.6073,0.405362,0.419694,0.213329,0,quiet,random,,,
0.915611,0.370654,0.064829,0.309748,1.0,1.0,0.0,0.0,0.0,0.0,0.301758,0.202763,0.497266,0.579097,1,warm,random,,,
0.605629,0.667756,0.730615,0.494806,0.0,0.0,0.0,1.0,1.0,1.0,0.593871,0.955472,0.346908,0.726776,2,strange,random,,,
0.971551,0.217537,0.000215,0.525466,1.0,1.0,0.0,0.0,0.0,0.0,0.183419,0.376158,0.248186,0.236051,1,warm,random,,,
0.947615,0.362476,0.172322,0.561922,1.0,1.0,0.0,0.0,1.0,0.0,0.597246,0.348779,0.423832,0.059485,1,warm,random,,,
0.190077,0.973286,0.904784,0.128555,1.0,0.0,1.0,1.0,1.0,0.0,0.287328,0.565803,0.054075,0.368343,0,quiet,random,,,
0.488311,0.128564,0.062573,0.007519,0.0,0.0,0.0,0.0,0.0,0.0,0.08563,0.609032,0.17992,0.471058,3,lonely,random,,,
0.58875,0.541318,0.876656,0.04605,1.0,0.0,0.0,1.0,1.0,0.0,0.712459,0.304339,0.373734,0.786191,0,quiet,random,,,
0.066692,0.800507,0.66562,0.722558,1.0,0.0,1.0,1.0,1.0,1.0,0.183619,0.513706,0.092269,0.384546,2,strange,random,,,
0.427469,0.070944,0.901106,0.534862,1.0,0.0,0.0,1.0,1.0,1.0,0.361596,0.270154,0.523052,0.576342,2,strange,random,,,
0.429142,0.652501,0.57435,0.889288,0.0,0.0,0.0,1.0,1.0,0.0,0.720925,0.472616,0.101341,0.843651,3,lonely,random,,,
0.509008,0.259376,0.055282,0.184816,1,0,0,0,0,0,0.188534,0.210733,0.880457,0.179976,1,warm,controlled_contrast,neutral_weather,neutral_weather_053,warm_high
0.86167,0.439732,0.946244,0.901569,1.0,1.0,0.0,1.0,1.0,1.0,0.298929,0.627773,0.750535,0.528446,2,strange,random,,,
0.725937,0.227445,0.0,0.175715,1,0,0,0,0,0,0.210866,0.196359,0.197729,0.89564,3,lonely,controlled_contrast,clear_day,clear_day_021,lonely_high
0.603972,0.092682,0.17214,0.923561,1.0,0.0,0.0,0.0,1.0,0.0,0.5285,0.144051,0.057721,0.207009,1,warm,random,,,
0.975758,0.366395,0.667282,0.830225,0.0,1.0,0.0,1.0,1.0,1.0,0.971166,0.106546,0.428456,0.232536,0,quiet,random,,,
0.595897,0.367735,0.489944,0.750883,0.0,0.0,0.0,1.0,1.0,0.0,0.172939,0.843377,0.483197,0.09368,3,lonely,random,,,
0.463686,0.561792,0.589224,0.783333,1.0,0.0,0.0,1.0,1.0,0.0,0.571253,0.529898,0.437842,0.498001,0,quiet,random,,,
0.872982,0.064332,0.049669,0.946201,0.0,1.0,0.0,0.0,0.0,0.0,0.975874,0.467743,0.724449,0.151656,1,warm,random,,,
0.462918,0.764942,0.692495,0.750929,0,0,1,1,1,1,0.899763,0.183912,0.197009,0.180906,0,quiet,controlled_contrast,stormy_weather,stormy_weather_008,calm_high
0.716331,0.35214,0.088598,0.0731,0.0,0.0,0.0,0.0,1.0,0.0,0.33808,0.431567,0.647531,0.731412,3,lonely,random,,,
0.424144,0.799289,0.768797,0.696829,0,0,1,1,1,1,0.186914,0.190704,0.903203,0.203244,3,lonely,controlled_contrast,stormy_weather,stormy_weather_076,warm_high
0.301617,0.465436,0.568653,0.380906,1.0,0.0,0.0,1.0,1.0,0.0,0.541517,0.217023,0.545105,0.375136,0,quiet,random,,,
0.815168,0.302001,0.517966,0.982455,0.0,1.0,0.0,1.0,1.0,0.0,0.660502,0.533647,0.47579,0.097182,0,quiet,random,,,
0.324419,0.069584,0.006352,0.834697,1.0,0.0,0.0,0.0,0.0,0.0,0.135074,0.179146,0.20823,0.210756,1,warm,random,,,
0.134385,0.170045,0.001069,0.887071,0.0,0.0,0.0,0.0,0.0,0.0,0.618917,0.055274,0.652643,0.196939,1,warm,random,,,
0.696253,0.439872,0.303869,0.917768,1.0,0.0,0.0,1.0,1.0,0.0,0.531142,0.904838,0.340341,0.376456,2,strange,random,,,
0.500361,0.22151,0.019249,0.17766,1,0,0,0,0,0,0.200739,0.892071,0.19828,0.20422,2,strange,controlled_contrast,neutral_weather,neutral_weather_028,weird_high
0.147683,0.303306,0.988569,0.027984,1.0,0.0,0.0,1.0,1.0,0.0,0.905477,0.198221,0.117751,0.243128,0,quiet,random,,,
0.506088,0.610966,0.653793,0.774386,0.0,0.0,0.0,1.0,1.0,1.0,0.128677,0.544869,0.91871,0.425604,2,strange,random,,,
0.030736,0.280029,0.908227,0.606507,1.0,0.0,0.0,1.0,1.0,1.0,0.728456,0.515653,0.298796,0.143555,2,strange,random,,,
0.487485,0.785948,0.054732,0.180169,0,0,1,0,1,0,0.909023,0.227233,0.200314,0.198412,0,quiet,controlled_contrast,humid_night,humid_night_077,calm_high
0.451431,0.445374,0.872169,0.531629,1.0,0.0,0.0,1.0,1.0,1.0,0.370911,0.722299,0.546184,0.516629,2,strange,random,,,
0.490255,0.771666,0.838246,0.021228,0.0,0.0,1.0,1.0,1.0,0.0,0.565301,0.179778,0.67656,0.958371,3,lonely,random,,,
0.450101,0.778541,0.086315,0.112018,0,0,1,0,1,0,0.185243,0.186653,0.910956,0.199974,3,lonely,controlled_contrast,humid_night,humid_night_012,warm_high
0.411804,0.003952,0.801692,0.730821,0.0,0.0,0.0,1.0,1.0,1.0,0.371429,0.463808,0.86965,0.420285,2,strange,random,,,
0.489365,0.775133,0.735368,0.715609,0,0,1,1,1,1,0.212218,0.179923,0.886289,0.19151,3,lonely,controlled_contrast,stormy_weather,stormy_weather_068,warm_high
0.481341,0.432203,0.07144,0.529321,0.0,0.0,0.0,0.0,0.0,0.0,0.389983,0.673705,0.375875,0.717375,3,lonely,random,,,
0.803627,0.635682,0.266827,0.449735,1.0,1.0,0.0,1.0,1.0,0.0,0.346228,0.204323,0.172647,0.504411,1,warm,random,,,
0.162172,0.652569,0.153625,0.257145,0.0,0.0,0.0,0.0,1.0,0.0,0.67378,0.359933,0.203784,0.614261,3,lonely,random,,,
0.037978,0.096977,0.73294,0.162794,1.0,0.0,0.0,1.0,1.0,0.0,0.545962,0.472513,0.152137,0.18523,0,quiet,random,,,
0.05285,0.066555,0.548623,0.605914,1.0,0.0,0.0,1.0,1.0,0.0,0.321258,0.985248,0.18676,0.370802,2,strange,random,,,
0.92418,0.55697,0.002286,0.979172,0.0,1.0,0.0,0.0,0.0,0.0,0.716123,0.555992,0.559109,0.066287,1,warm,random,,,
0.17338,0.781467,3e-06,0.007877,1.0,0.0,1.0,0.0,1.0,0.0,0.619607,0.435932,0.073759,0.116996,0,quiet,random,,,
0.903553,0.034638,0.654236,0.117672,0.0,1.0,0.0,1.0,1.0,0.0,0.445723,0.929142,0.500975,0.695199,3,lonely,random,,,
0.01177,0.412617,0.25434,0.478239,1.0,0.0,0.0,1.0,1.0,0.0,0.699525,0.847841,0.167399,0.611706,0,quiet,random,,,
0.342394,0.531718,0.654542,0.553078,1.0,0.0,0.0,1.0,1.0,1.0,0.740696,0.459421,0.055248,0.1565,0,quiet,random,,,
0.427291,0.492296,0.067183,0.473934,1.0,0.0,0.0,0.0,0.0,0.0,0.731115,0.543916,0.386723,0.844871,1,warm,random,,,
0.518529,0.203466,0.549926,0.366229,1.0,0.0,0.0,1.0,1.0,0.0,0.745099,0.337418,0.547652,0.617944,0,quiet,random,,,
0.425655,0.818968,0.482917,0.200169,0,0,1,1,1,0,0.199088,0.89653,0.202186,0.200344,3,lonely,controlled_contrast,rainy_room,rainy_room_021,weird_high
0.47323,0.822328,0.722457,0.71999,0,0,1,1,1,1,0.209754,0.189942,0.901531,0.214697,3,lonely,controlled_contrast,stormy_weather,stormy_weather_051,warm_high
0.452339,0.814683,0.728208,0.704492,0,0,1,1,1,1,0.89932,0.203351,0.178058,0.202052,0,quiet,controlled_contrast,stormy_weather,stormy_weather_057,calm_high
0.738568,0.464986,0.008656,0.180715,1.0,0.0,0.0,0.0,0.0,0.0,0.430454,0.633194,0.793331,0.583425,1,warm,random,,,
0.575336,0.541784,0.9865,0.950021,1.0,0.0,0.0,1.0,1.0,1.0,0.619891,0.387569,0.267197,0.710409,2,strange,random,,,
0.39478,0.575245,0.191182,0.734922,1.0,0.0,0.0,0.0,1.0,0.0,0.6599,0.170518,0.277318,0.688435,3,lonely,random,,,
0.062281,0.216126,0.687071,0.957471,0.0,0.0,0.0,1.0,1.0,1.0,0.605342,0.618755,0.209336,0.440093,2,strange,random,,,
0.598882,0.500263,0.075824,0.398251,1.0,0.0,0.0,0.0,0.0,0.0,0.79194,0.153073,0.26749,0.154763,1,warm,random,,,
0.4028,0.476761,0.020515,0.173663,1.0,0.0,0.0,0.0,0.0,0.0,0.295734,0.839076,0.149879,0.565071,2,strange,random,,,
0.464392,0.789191,0.703262,0.761852,0,0,1,1,1,1,0.194543,0.196398,0.201849,0.90896,3,lonely,controlled_contrast,stormy_weather,stormy_weather_069,lonely_high
0.655098,0.705644,0.161648,0.945445,1.0,0.0,0.0,0.0,1.0,0.0,0.748493,0.364529,0.186418,0.359992,3,lonely,random,,,
0.360369,0.124815,0.01333,0.081736,0.0,0.0,0.0,0.0,0.0,0.0,0.085193,0.583426,0.577692,0.641107,3,lonely,random,,,
0.172461,0.362023,0.570727,0.044976,1.0,0.0,0.0,1.0,1.0,0.0,0.107435,0.394722,0.471412,0.136906,1,warm,random,,,
0.777124,0.050024,0.259666,0.818723,0.0,1.0,0.0,1.0,1.0,0.0,0.525281,0.725949,0.1549,0.430946,3,lonely,random,,,
0.494209,0.040875,0.618372,0.319765,1.0,0.0,0.0,1.0,1.0,0.0,0.935706,0.465945,0.05428,0.464572,0,quiet,random,,,
0.198694,0.567883,0.951332,0.939708,1.0,0.0,0.0,1.0,1.0,1.0,0.453268,0.441134,0.440242,0.071163,2,strange,random,,,
0.272511,0.595216,0.084216,0.557202,1.0,0.0,0.0,0.0,1.0,0.0,0.201762,0.647699,0.230743,0.596317,3,lonely,random,,,
0.548828,0.248973,0.079311,0.163816,1,0,0,0,0,0,0.211305,0.89477,0.202703,0.207256,2,strange,controlled_contrast,neutral_weather,neutral_weather_067,weird_high
0.861539,0.853117,0.342687,0.443412,1.0,1.0,1.0,1.0,1.0,0.0,0.920087,0.736491,0.17995,0.153014,0,quiet,random,,,
0.492583,0.789336,0.752878,0.68052,0,0,1,1,1,1,0.224925,0.902975,0.187753,0.217772,2,strange,controlled_contrast,stormy_weather,stormy_weather_038,weird_high
0.545904,0.938765,0.843874,0.890319,1.0,0.0,1.0,1.0,1.0,1.0,0.376089,0.629907,0.888388,0.573623,2,strange,random,,,
0.699937,0.253324,0.008887,0.156802,1,0,0,0,0,0,0.222025,0.897684,0.187686,0.184713,2,strange,controlled_contrast,clear_day,clear_day_042,weird_high
0.888864,0.859514,0.14143,0.051786,1.0,1.0,1.0,0.0,1.0,0.0,0.223461,0.13831,0.471036,0.744944,1,warm,random,,,
0.453419,0.150059,0.645621,0.07123,1.0,0.0,0.0,1.0,1.0,0.0,0.690773,0.271215,0.441284,0.07059,0,quiet,random,,,
0.219924,0.849888,0.009189,0.431621,1.0,0.0,1.0,0.0,1.0,0.0,0.552713,0.730648,0.689642,0.868074,3,lonely,random,,,
0.261599,0.580004,0.200736,0.86181,1.0,0.0,0.0,1.0,1.0,0.0,0.364982,0.597811,0.724306,0.973979,3,lonely,random,,,
0.102789,0.681131,0.017704,0.623183,0.0,0.0,0.0,0.0,0.0,0.0,0.333885,0.168883,0.228357,0.904943,3,lonely,random,,,
0.254618,0.861429,0.00805,0.036366,1.0,0.0,1.0,0.0,1.0,0.0,0.067468,0.586923,0.318213,0.256528,1,warm,random,,,
0.985288,0.728669,0.606135,0.511726,1.0,1.0,0.0,1.0,1.0,0.0,0.365293,0.746917,0.71155,0.074029,1,warm,random,,,
0.907042,0.249502,0.926056,0.658543,0.0,1.0,0.0,1.0,1.0,1.0,0.682847,0.458394,0.329865,0.219088,2,strange,random,,,
0.389568,0.865735,0.410116,0.031009,0.0,0.0,1.0,1.0,1.0,0.0,0.579478,0.619345,0.552718,0.125744,0,quiet,random,,,
0.444928,0.739905,0.716906,0.699962,0,0,1,1,1,1,0.220701,0.188827,0.187302,0.911547,3,lonely,controlled_contrast,stormy_weather,stormy_weather_052,lonely_high
0.739613,0.223093,0.02404,0.164194,1,0,0,0,0,0,0.203333,0.201634,0.203026,0.905488,3,lonely,controlled_contrast,clear_day,clear_day_006,lonely_high
0.449601,0.738068,0.603922,0.275146,1.0,0.0,0.0,1.0,1.0,0.0,0.972617,0.397586,0.240685,0.416292,0,quiet,random,,,
0.734302,0.52493,0.047253,0.896105,0.0,0.0,0.0,0.0,0.0,0.0,0.616362,0.860538,0.696546,0.235644,2,strange,random,,,
0.916216,0.117656,0.412525,0.34312,1.0,1.0,0.0,1.0,1.0,0.0,0.858872,0.060335,0.48038,0.326994,0,quiet,random,,,
0.533668,0.856942,0.061665,0.116499,0,0,1,0,1,0,0.210248,0.227496,0.178451,0.903588,3,lonely,controlled_contrast,humid_night,humid_night_034,lonely_high
0.350541,0.490177,0.665658,0.8048,1.0,0.0,0.0,1.0,1.0,1.0,0.722356,0.560874,0.633761,0.241665,2,strange,random,,,
0.807001,0.879824,0.807993,0.440698,0.0,1.0,1.0,1.0,1.0,0.0,0.061283,0.367285,0.466272,0.194897,3,lonely,random,,,
0.851639,0.939664,0.742091,0.325618,1.0,1.0,1.0,1.0,1.0,0.0,0.379552,0.306542,0.079343,0.326651,0,quiet,random,,,
0.076928,0.606901,0.569379,0.202658,0.0,0.0,0.0,1.0,1.0,0.0,0.079418,0.17762,0.758925,0.745964,3,lonely,random,,,
0.465248,0.64184,0.995953,0.893705,0.0,0.0,0.0,1.0,1.0,1.0,0.447333,0.323292,0.737647,0.719639,3,lonely,random,,,
0.68847,0.281304,0.0,0.196472,1,0,0,0,0,0,0.212838,0.206407,0.203299,0.908547,3,lonely,controlled_contrast,clear_day,clear_day_054,lonely_high
0.238723,0.524069,0.083256,0.578949,1.0,0.0,0.0,0.0,1.0,0.0,0.106606,0.084911,0.61323,0.169417,1,warm,random,,,
0.204644,0.14524,0.109817,0.760104,1.0,0.0,0.0,0.0,1.0,0.0,0.54131,0.335778,0.789782,0.744583,1,warm,random,,,
0.40337,0.405376,0.174933,0.187732,1.0,0.0,0.0,0.0,1.0,0.0,0.580105,0.349654,0.683235,0.744915,1,warm,random,,,
0.334165,0.292426,0.961375,0.441354,0.0,0.0,0.0,1.0,1.0,0.0,0.612334,0.986952,0.222556,0.08869,0,quiet,random,,,
0.718197,0.058734,0.668726,0.089475,0.0,0.0,0.0,1.0,1.0,0.0,0.752271,0.356636,0.429862,0.316315,0,quiet,random,,,
0.478212,0.251553,0.036333,0.197165,1,0,0,0,0,0,0.883493,0.207386,0.216554,0.199893,0,quiet,controlled_contrast,neutral_weather,neutral_weather_059,calm_high
0.513581,0.851107,0.069373,0.168077,0,0,1,0,1,0,0.190695,0.184753,0.879024,0.209823,3,lonely,controlled_contrast,humid_night,humid_night_047,warm_high
0.341156,0.709891,0.69844,0.088649,0.0,0.0,0.0,1.0,1.0,0.0,0.519689,0.689259,0.722767,0.474809,3,lonely,random,,,
0.679091,0.116689,0.366949,0.030652,1.0,0.0,0.0,1.0,1.0,0.0,0.930679,0.707464,0.561861,0.248229,0,quiet,random,,,
0.719299,0.240149,0.013052,0.162744,1,0,0,0,0,0,0.196404,0.202375,0.196051,0.899619,3,lonely,controlled_contrast,clear_day,clear_day_009,lonely_high
0.756382,0.267416,0.002126,0.170955,1,0,0,0,0,0,0.200023,0.886116,0.184394,0.171167,2,strange,controlled_contrast,clear_day,clear_day_053,weird_high
0.401445,0.774964,0.392929,0.176604,0,0,1,1,1,0,0.879306,0.185749,0.20901,0.198346,0,quiet,controlled_contrast,rainy_room,rainy_room_005,calm_high
0.160736,0.349409,0.104267,0.987225,0.0,0.0,0.0,0.0,1.0,0.0,0.36957,0.71954,0.384824,0.144863,3,lonely,random,,,
0.411754,0.78489,0.711924,0.706794,0,0,1,1,1,1,0.17255,0.925441,0.214332,0.223328,2,strange,controlled_contrast,stormy_weather,stormy_weather_023,weird_high
0.636043,0.997326,0.873571,0.751965,1.0,0.0,1.0,1.0,1.0,1.0,0.12751,0.177357,0.598548,0.439794,2,strange,random,,,
0.555314,0.235454,0.664737,0.838972,1.0,0.0,0.0,1.0,1.0,1.0,0.123435,0.57994,0.802765,0.694782,2,strange,random,,,
0.547893,0.031298,0.002885,0.301329,0.0,0.0,0.0,0.0,0.0,0.0,0.971983,0.332253,0.538649,0.052464,0,quiet,random,,,
0.538474,0.823134,0.037335,0.187293,1.0,0.0,1.0,0.0,1.0,0.0,0.42765,0.41598,0.750077,0.399447,1,warm,random,,,
0.405607,0.774047,0.475735,0.166638,0,0,1,1,1,0,0.192496,0.919331,0.217636,0.213501,3,lonely,controlled_contrast,rainy_room,rainy_room_079,weird_high
0.533668,0.856942,0.061665,0.116499,0,0,1,0,1,0,0.191404,0.905169,0.202495,0.228448,3,lonely,controlled_contrast,humid_night,humid_night_034,weird_high
0.370598,0.906036,0.043212,0.154255,1.0,0.0,1.0,0.0,1.0,0.0,0.449292,0.229531,0.345264,0.075394,1,warm,random,,,
0.438833,0.193287,0.812181,0.652337,0.0,0.0,0.0,1.0,1.0,1.0,0.461626,0.525017,0.619557,0.300688,2,strange,random,,,
0.859285,0.313593,0.665439,0.119374,1.0,1.0,0.0,1.0,1.0,0.0,0.475715,0.535212,0.459807,0.906165,1,warm,random,,,
0.46868,0.796066,0.073938,0.108911,0,0,1,0,1,0,0.195916,0.200307,0.89474,0.201391,3,lonely,controlled_contrast,humid_night,humid_night_018,warm_high
0.521322,0.010518,0.003415,0.008277,0.0,0.0,0.0,0.0,0.0,0.0,0.732921,0.573588,0.461789,0.729665,3,lonely,random,,,
0.486897,0.24459,0.071247,0.198799,1,0,0,0,0,0,0.195165,0.927945,0.189044,0.179708,2,strange,controlled_contrast,neutral_weather,neutral_weather_001,weird_high
0.922546,0.435762,0.906023,0.451721,1.0,1.0,0.0,1.0,1.0,1.0,0.207339,0.537353,0.341446,0.559834,2,strange,random,,,
0.523774,0.29148,0.748294,0.591344,0.0,0.0,0.0,1.0,1.0,1.0,0.525723,0.323367,0.552616,0.227977,2,strange,random,,,
0.691063,0.196478,0.696089,0.939766,0.0,0.0,0.0,1.0,1.0,1.0,0.12175,0.490483,0.34666,0.279104,2,strange,random,,,
0.860884,0.455115,0.066019,0.201979,1.0,1.0,0.0,0.0,0.0,0.0,0.578781,0.812301,0.560076,0.260302,1,warm,random,,,
0.504761,0.291045,0.074355,0.188636,1,0,0,0,0,0,0.191861,0.207986,0.909876,0.204539,1,warm,controlled_contrast,neutral_weather,neutral_weather_047,warm_high
0.609652,0.981059,0.088707,0.422433,0.0,0.0,1.0,0.0,1.0,0.0,0.536225,0.747805,0.518251,0.568573,3,lonely,random,,,
0.943392,0.474617,0.019978,0.086428,0.0,1.0,0.0,0.0,0.0,0.0,0.683162,0.579734,0.583885,0.650913,3,lonely,random,,,
0.993183,0.825467,8e-05,0.031827,0.0,1.0,1.0,0.0,1.0,0.0,0.215218,0.357147,0.332514,0.519886,3,lonely,random,,,
0.627398,0.713421,0.686648,0.827643,1.0,0.0,0.0,1.0,1.0,1.0,0.606335,0.465678,0.464386,0.991265,3,lonely,random,,,
0.223628,0.518246,0.137842,0.684629,0.0,0.0,0.0,0.0,1.0,0.0,0.421504,0.740873,0.863574,0.675208,3,lonely,random,,,
0.506691,0.316236,0.51995,0.435265,1.0,0.0,0.0,1.0,1.0,0.0,0.637684,0.801926,0.353302,0.318846,0,quiet,random,,,
0.412502,0.450244,0.974098,0.367791,0.0,0.0,0.0,1.0,1.0,0.0,0.37156,0.692069,0.416392,0.737709,3,lonely,random,,,
0.447133,0.757059,0.731217,0.735278,0,0,1,1,1,1,0.90738,0.20461,0.22107,0.19134,0,quiet,controlled_contrast,stormy_weather,stormy_weather_004,calm_high
0.463492,0.889271,0.804723,0.416367,0.0,0.0,1.0,1.0,1.0,0.0,0.073015,0.071305,0.741354,0.633134,3,lonely,random,,,
0.328292,0.929194,0.239253,0.622449,0.0,0.0,1.0,1.0,1.0,0.0,0.433707,0.71253,0.220822,0.256033,3,lonely,random,,,
0.228665,0.243342,0.020274,0.385298,1.0,0.0,0.0,0.0,0.0,0.0,0.192903,0.758994,0.531634,0.603384,1,warm,random,,,
0.089514,0.161432,0.002562,0.749475,1.0,0.0,0.0,0.0,0.0,0.0,0.77642,0.646696,0.527734,0.580682,1,warm,random,,,
0.004689,0.182355,0.773987,0.307665,1.0,0.0,0.0,1.0,1.0,0.0,0.50277,0.380255,0.48826,0.676371,0,quiet,random,,,
0.082283,0.908529,0.008804,0.835409,1.0,0.0,1.0,0.0,1.0,0.0,0.531593,0.396443,0.966114,0.747988,1,warm,random,,,
0.541596,0.237533,0.060282,0.166494,1,0,0,0,0,0,0.195134,0.214819,0.881394,0.199497,1,warm,controlled_contrast,neutral_weather,neutral_weather_005,warm_high
0.124886,0.037754,0.687587,9e-05,1.0,0.0,0.0,1.0,1.0,0.0,0.963738,0.283405,0.686313,0.664838,0,quiet,random,,,
0.163054,0.882899,0.027109,0.001435,1.0,0.0,1.0,0.0,1.0,0.0,0.99881,0.517908,0.62915,0.082947,0,quiet,random,,,
0.473282,0.291872,0.48665,0.553569,1.0,0.0,0.0,1.0,1.0,0.0,0.627106,0.456627,0.512638,0.053985,0,quiet,random,,,
0.408032,0.768698,0.470256,0.171535,0,0,1,1,1,0,0.208278,0.188349,0.880351,0.198092,3,lonely,controlled_contrast,rainy_room,rainy_room_069,warm_high
0.300101,0.928477,0.043738,0.825029,1.0,0.0,1.0,0.0,1.0,0.0,0.485036,0.327925,0.276436,0.277948,1,warm,random,,,
0.854859,0.982537,0.005318,0.964904,1.0,1.0,1.0,0.0,0.0,0.0,0.57177,0.186109,0.080094,0.674682,1,warm,random,,,
0.934912,0.599273,0.987811,0.500677,0.0,1.0,0.0,1.0,1.0,1.0,0.618098,0.982722,0.512884,0.498548,2,strange,random,,,
0.83606,0.766755,0.003803,0.093237,0.0,1.0,1.0,0.0,0.0,0.0,0.609553,0.53171,0.681995,0.555321,3,lonely,random,,,
0.014662,0.277194,0.002215,0.004229,1.0,0.0,0.0,0.0,0.0,0.0,0.302822,0.455437,0.271963,0.957217,3,lonely,random,,,
0.746775,0.866273,0.477078,0.008673,1.0,0.0,1.0,1.0,1.0,0.0,0.604091,0.0682,0.637299,0.55377,0,quiet,random,,,
0.120304,0.008264,0.508179,0.127187,1.0,0.0,0.0,1.0,1.0,0.0,0.907399,0.093582,0.707399,0.093336,0,quiet,random,,,
0.055178,0.122464,0.595563,0.327811,1.0,0.0,0.0,1.0,1.0,0.0,0.098771,0.521679,0.24323,0.447303,3,lonely,random,,,
0.196844,0.406565,0.943108,0.656315,1.0,0.0,0.0,1.0,1.0,1.0,0.722778,0.712744,0.287671,0.977782,2,strange,random,,,
0.505362,0.854863,0.068636,0.094238,0,0,1,0,1,0,0.891622,0.205791,0.198708,0.17171,0,quiet,controlled_contrast,humid_night,humid_night_048,calm_high
0.690017,0.8563,0.048183,0.07434,0.0,0.0,1.0,0.0,1.0,0.0,0.166772,0.647147,0.725058,0.170215,3,lonely,random,,,
0.045471,0.896372,0.081255,0.240359,1.0,0.0,1.0,0.0,1.0,0.0,0.162566,0.314276,0.378236,0.841249,3,lonely,random,,,
0.148211,0.522651,0.603106,0.986336,1.0,0.0,0.0,1.0,1.0,0.0,0.327331,0.387643,0.251666,0.283077,0,quiet,random,,,
0.683154,0.348294,0.033664,0.4668,0.0,0.0,0.0,0.0,0.0,0.0,0.420793,0.314709,0.789356,0.697747,3,lonely,random,,,
0.545174,0.286122,0.0,0.213426,1,0,0,0,0,0,0.203004,0.19091,0.207731,0.887923,3,lonely,controlled_contrast,neutral_weather,neutral_weather_056,lonely_high
0.475126,0.206462,0.870033,0.691377,1.0,0.0,0.0,1.0,1.0,1.0,0.350557,0.707307,0.754115,0.18472,2,strange,random,,,
0.021001,0.017959,0.253916,0.965936,1.0,0.0,0.0,1.0,1.0,0.0,0.882921,0.595761,0.100786,0.381433,0,quiet,random,,,
0.275184,0.19199,0.027441,0.644441,0.0,0.0,0.0,0.0,0.0,0.0,0.164934,0.327517,0.079204,0.091663,3,lonely,random,,,
0.85049,0.865799,0.027361,0.079602,1.0,1.0,1.0,0.0,0.0,0.0,0.265576,0.743359,0.066827,0.614935,1,warm,random,,,
0.999924,0.970895,0.185777,0.612592,1.0,1.0,1.0,0.0,1.0,0.0,0.56643,0.599114,0.79985,0.184811,1,warm,random,,,
0.949563,0.297591,0.139035,0.086117,0.0,1.0,0.0,0.0,1.0,0.0,0.611098,0.749309,0.208694,0.577858,3,lonely,random,,,
0.872702,0.449479,0.003885,0.071464,0.0,1.0,0.0,0.0,0.0,0.0,0.696539,0.188894,0.961718,0.497826,1,warm,random,,,
0.886648,0.32604,0.01204,0.949919,0.0,1.0,0.0,0.0,0.0,0.0,0.442373,0.695813,0.193743,0.789975,3,lonely,random,,,
0.375788,0.549419,0.668859,0.463356,0.0,0.0,0.0,1.0,1.0,1.0,0.202459,0.309157,0.694425,0.259622,3,lonely,random,,,
0.452726,0.836245,0.089932,0.127499,0,0,1,0,1,0,0.195787,0.193391,0.181524,0.88648,3,lonely,controlled_contrast,humid_night,humid_night_065,lonely_high
0.986115,0.319032,0.212762,0.610135,1.0,1.0,0.0,1.0,1.0,0.0,0.674895,0.072065,0.439952,0.897814,1,warm,random,,,
0.265687,0.077091,0.922324,0.730104,1.0,0.0,0.0,1.0,1.0,1.0,0.708381,0.726968,0.431164,0.269724,2,strange,random,,,
0.436516,0.856015,0.710121,0.728432,0,0,1,1,1,1,0.18346,0.203551,0.887048,0.182252,3,lonely,controlled_contrast,stormy_weather,stormy_weather_017,warm_high
0.50046,0.072583,0.350617,0.11718,1.0,0.0,0.0,1.0,1.0,0.0,0.205433,0.779004,0.40418,0.311069,1,warm,random,,,
0.221189,0.537336,0.810598,0.51562,1.0,0.0,0.0,1.0,1.0,1.0,0.06622,0.627287,0.070313,0.276357,2,strange,random,,,
0.943124,0.165089,0.053934,0.00692,1.0,1.0,0.0,0.0,0.0,0.0,0.923813,0.074429,0.694563,0.434635,1,warm,random,,,
0.486521,0.821449,0.118301,0.09144,0,0,1,0,1,0,0.213857,0.201276,0.911172,0.205846,3,lonely,controlled_contrast,humid_night,humid_night_025,warm_high
0.438174,0.800966,0.744083,0.734746,0,0,1,1,1,1,0.882479,0.220105,0.189727,0.193026,0,quiet,controlled_contrast,stormy_weather,stormy_weather_035,calm_high
0.530646,0.241936,0.039288,0.186778,1,0,0,0,0,0,0.200909,0.913723,0.188165,0.217319,2,strange,controlled_contrast,neutral_weather,neutral_weather_076,weird_high
0.725349,0.271179,0.0,0.114892,1,0,0,0,0,0,0.900563,0.204233,0.226882,0.208008,0,quiet,controlled_contrast,clear_day,clear_day_060,calm_high
0.698649,0.261611,0.0,0.113565,1,0,0,0,0,0,0.208111,0.200067,0.205943,0.883413,3,lonely,controlled_contrast,clear_day,clear_day_073,lonely_high
0.682658,0.069855,0.00021,0.363085,1.0,0.0,0.0,0.0,0.0,0.0,0.780416,0.522236,0.05206,0.227424,0,quiet,random,,,
0.702358,0.444324,0.156795,0.26924,0.0,0.0,0.0,0.0,1.0,0.0,0.169817,0.444595,0.316692,0.667322,3,lonely,random,,,
0.791478,0.014114,0.561283,0.518104,1.0,1.0,0.0,1.0,1.0,0.0,0.059075,0.333634,0.475015,0.146508,1,warm,random,,,
0.659935,0.683794,0.968108,0.600208,0.0,0.0,0.0,1.0,1.0,1.0,0.547187,0.638094,0.300685,0.212933,2,strange,random,,,
0.730994,0.44448,0.255485,0.836481,1.0,0.0,0.0,1.0,1.0,0.0,0.377234,0.359183,0.528983,0.625607,1,warm,random,,,
0.225388,0.087538,0.407623,0.557083,1.0,0.0,0.0,1.0,1.0,0.0,0.41299,0.323399,0.998189,0.336424,1,warm,random,,,
0.43952,0.203191,0.89806,0.041575,1.0,0.0,0.0,1.0,1.0,0.0,0.250935,0.592333,0.302176,0.180746,0,quiet,random,,,
0.876165,0.246832,0.037006,0.863198,1.0,1.0,0.0,0.0,0.0,0.0,0.490955,0.579544,0.528081,0.814307,1,warm,random,,,
0.654714,0.56222,0.334193,0.678479,1.0,0.0,0.0,1.0,1.0,0.0,0.683296,0.911036,0.442508,0.40883,0,quiet,random,,,
0.45504,0.78367,0.723868,0.744972,0,0,1,1,1,1,0.202964,0.902772,0.214144,0.213129,2,strange,controlled_contrast,stormy_weather,stormy_weather_075,weird_high
0.313294,0.128083,0.622855,0.271029,1.0,0.0,0.0,1.0,1.0,0.0,0.814098,0.277983,0.287115,0.425521,0,quiet,random,,,
0.724672,0.43548,0.924137,0.516619,0.0,0.0,0.0,1.0,1.0,1.0,0.446628,0.528633,0.251544,0.872648,3,lonely,random,,,
0.793162,0.209622,0.276374,0.426934,1.0,1.0,0.0,1.0,1.0,0.0,0.683103,0.148335,0.9761,0.155387,1,warm,random,,,
0.78026,0.470989,0.431504,0.026729,1.0,1.0,0.0,1.0,1.0,0.0,0.843922,0.212932,0.48301,0.238408,0,quiet,random,,,
0.602892,0.454858,0.691387,0.310332,0.0,0.0,0.0,1.0,1.0,0.0,0.050772,0.553654,0.197461,0.312758,3,lonely,random,,,
0.396913,0.188098,0.547722,0.36029,0.0,0.0,0.0,1.0,1.0,0.0,0.624395,0.743436,0.801229,0.654008,3,lonely,random,,,
0.080764,0.175857,0.754077,0.029904,0.0,0.0,0.0,1.0,1.0,0.0,0.900492,0.210269,0.480244,0.62974,0,quiet,random,,,
0.12946,0.421061,0.902221,0.252708,1.0,0.0,0.0,1.0,1.0,0.0,0.238633,0.316051,0.393457,0.263198,0,quiet,random,,,
0.524235,0.833775,0.113502,0.122091,0,0,1,0,1,0,0.203019,0.190012,0.885317,0.19465,3,lonely,controlled_contrast,humid_night,humid_night_020,warm_high
0.333052,0.68837,0.267946,0.560001,1.0,0.0,0.0,1.0,1.0,0.0,0.819619,0.693219,0.69205,0.165997,0,quiet,random,,,
0.438174,0.800966,0.744083,0.734746,0,0,1,1,1,1,0.185573,0.910536,0.205792,0.185509,2,strange,controlled_contrast,stormy_weather,stormy_weather_035,weird_high
0.518618,0.47207,0.047799,0.179117,1.0,0.0,0.0,0.0,0.0,0.0,0.380718,0.635725,0.055875,0.637845,3,lonely,random,,,
0.447133,0.757059,0.731217,0.735278,0,0,1,1,1,1,0.198156,0.214024,0.915034,0.190888,3,lonely,controlled_contrast,stormy_weather,stormy_weather_004,warm_high
0.107621,0.619858,0.00139,0.877591,0.0,0.0,0.0,0.0,0.0,0.0,0.527388,0.860802,0.588128,0.148503,2,strange,random,,,
0.277995,0.141749,0.469299,0.105285,1.0,0.0,0.0,1.0,1.0,0.0,0.056757,0.662593,0.491034,0.535395,1,warm,random,,,
0.492919,0.264311,0.624659,0.089598,0.0,0.0,0.0,1.0,1.0,0.0,0.452477,0.955987,0.42217,0.501489,3,lonely,random,,,
0.656124,0.373135,0.922696,0.704516,1.0,0.0,0.0,1.0,1.0,1.0,0.451863,0.545576,0.616041,0.179314,2,strange,random,,,
0.969687,0.61923,0.668679,0.812852,1.0,1.0,0.0,1.0,1.0,1.0,0.603338,0.537165,0.122753,0.12131,2,strange,random,,,
0.484239,0.551899,0.821942,0.695964,0.0,0.0,0.0,1.0,1.0,1.0,0.334315,0.553323,0.257319,0.362777,2,strange,random,,,
0.091588,0.588433,0.314437,0.035767,1.0,0.0,0.0,1.0,1.0,0.0,0.381994,0.164677,0.106117,0.428053,0,quiet,random,,,
0.457912,0.247805,0.027255,0.199346,1,0,0,0,0,0,0.206576,0.187072,0.908393,0.206361,1,warm,controlled_contrast,neutral_weather,neutral_weather_040,warm_high
0.339316,0.379217,0.569386,0.862122,1.0,0.0,0.0,1.0,1.0,0.0,0.747376,0.674612,0.192734,0.71738,0,quiet,random,,,
0.483965,0.216974,0.87097,0.053667,1.0,0.0,0.0,1.0,1.0,0.0,0.909669,0.652228,0.434368,0.441451,0,quiet,random,,,
0.866963,0.170997,0.065231,0.014112,1.0,1.0,0.0,0.0,0.0,0.0,0.314793,0.957355,0.678285,0.221033,1,warm,random,,,
0.838063,0.937951,0.902928,0.743986,1.0,1.0,1.0,1.0,1.0,1.0,0.368214,0.956148,0.571845,0.423963,2,strange,random,,,
0.825243,0.920918,0.275904,0.939978,1.0,1.0,1.0,1.0,1.0,0.0,0.408152,0.556483,0.39416,0.386573,1,warm,random,,,
0.390708,0.678605,0.008492,0.50535,0.0,0.0,0.0,0.0,0.0,0.0,0.074137,0.581355,0.97262,0.06574,1,warm,random,,,
0.606323,0.477091,0.430289,0.254989,0.0,0.0,0.0,1.0,1.0,0.0,0.218241,0.195633,0.727483,0.383008,3,lonely,random,,,
0.791891,0.863554,0.952323,0.914919,1.0,1.0,1.0,1.0,1.0,1.0,0.538958,0.526475,0.333015,0.831753,2,strange,random,,,
0.414391,0.804544,0.491505,0.185044,0,0,1,1,1,0,0.904047,0.189303,0.204422,0.210086,0,quiet,controlled_contrast,rainy_room,rainy_room_006,calm_high
0.724441,0.289421,0.0,0.143672,1,0,0,0,0,0,0.199997,0.211063,0.219263,0.913367,3,lonely,controlled_contrast,clear_day,clear_day_069,lonely_high
0.546559,0.329265,0.235259,0.001583,1.0,0.0,0.0,1.0,1.0,0.0,0.122628,0.478277,0.632184,0.556644,1,warm,random,,,
0.404712,0.775932,0.437675,0.137188,0,0,1,1,1,0,0.907501,0.182134,0.213096,0.208287,0,quiet,controlled_contrast,rainy_room,rainy_room_070,calm_high
0.457871,0.211359,0.050248,0.207994,1,0,0,0,0,0,0.191567,0.200106,0.88503,0.207519,1,warm,controlled_contrast,neutral_weather,neutral_weather_054,warm_high
0.606055,0.053115,0.821417,0.752113,0.0,0.0,0.0,1.0,1.0,1.0,0.168779,0.979208,0.389942,0.749036,2,strange,random,,,
0.327225,0.362062,0.390272,0.634798,0.0,0.0,0.0,1.0,1.0,0.0,0.581277,0.202926,0.760798,0.209945,0,quiet,random,,,
0.855367,0.841045,0.855254,0.451492,1.0,1.0,1.0,1.0,1.0,1.0,0.482186,0.722946,0.133423,0.888863,2,strange,random,,,
0.658623,0.515702,0.337675,0.213625,1.0,0.0,0.0,1.0,1.0,0.0,0.610108,0.770121,0.369082,0.668955,0,quiet,random,,,
0.0381,0.688268,0.49526,0.250566,0.0,0.0,0.0,1.0,1.0,0.0,0.645735,0.181174,0.17051,0.726268,3,lonely,random,,,
0.518913,0.093651,0.300989,0.093981,1.0,0.0,0.0,1.0,1.0,0.0,0.125062,0.76685,0.572341,0.420916,1,warm,random,,,
0.33676,0.057098,0.000464,0.738392,1.0,0.0,0.0,0.0,0.0,0.0,0.974056,0.351801,0.540079,0.680214,1,warm,random,,,
0.380854,0.725528,0.315754,0.826806,0.0,0.0,0.0,1.0,1.0,0.0,0.137851,0.165153,0.639516,0.746953,3,lonely,random,,,
0.431497,0.019428,0.027291,0.340135,1.0,0.0,0.0,0.0,0.0,0.0,0.583382,0.666676,0.3291,0.756104,1,warm,random,,,
0.186799,0.344863,0.151729,0.114895,1.0,0.0,0.0,0.0,1.0,0.0,0.468472,0.968265,0.548975,0.603978,1,warm,random,,,
0.064653,0.865602,0.923966,0.172287,0.0,0.0,1.0,1.0,1.0,0.0,0.497414,0.145192,0.73848,0.602789,3,lonely,random,,,
0.668821,0.253156,0.0,0.183904,1,0,0,0,0,0,0.213152,0.198953,0.912584,0.204033,1,warm,controlled_contrast,clear_day,clear_day_025,warm_high
0.355951,0.806343,0.710294,0.413093,0.0,0.0,1.0,1.0,1.0,0.0,0.313704,0.707035,0.096115,0.316511,3,lonely,random,,,
0.372612,0.241643,0.33038,0.569353,0.0,0.0,0.0,1.0,1.0,0.0,0.13711,0.185176,0.412354,0.10772,3,lonely,random,,,
0.481095,0.874282,0.055512,0.133995,0,0,1,0,1,0,0.89611,0.209091,0.20383,0.208294,0,quiet,controlled_contrast,humid_night,humid_night_079,calm_high
0.08486,0.328687,0.975248,0.606897,0.0,0.0,0.0,1.0,1.0,1.0,0.323903,0.549079,0.464964,0.064215,2,strange,random,,,
0.008044,0.441212,0.363135,0.665677,1.0,0.0,0.0,1.0,1.0,0.0,0.78853,0.374334,0.083876,0.388537,0,quiet,random,,,
0.553002,0.088228,0.000129,0.187949,0.0,0.0,0.0,0.0,0.0,0.0,0.404976,0.230837,0.743324,0.639215,3,lonely,random,,,
0.812948,0.544083,0.035782,0.075865,0.0,1.0,0.0,0.0,0.0,0.0,0.232917,0.07568,0.208854,0.202755,3,lonely,random,,,
0.456056,0.803002,0.696627,0.685679,0,0,1,1,1,1,0.892238,0.178081,0.188316,0.187046,0,quiet,controlled_contrast,stormy_weather,stormy_weather_043,calm_high
0.345279,0.183578,0.316523,0.166163,1.0,0.0,0.0,1.0,1.0,0.0,0.305789,0.933953,0.113752,0.727179,3,lonely,random,,,
0.869856,0.66862,0.791165,0.466873,1.0,1.0,0.0,1.0,1.0,1.0,0.648157,0.665193,0.209903,0.664061,2,strange,random,,,
0.503949,0.814564,0.086967,0.10639,0,0,1,0,1,0,0.922738,0.206342,0.191398,0.211714,0,quiet,controlled_contrast,humid_night,humid_night_051,calm_high
0.183103,0.089161,0.506755,0.634152,1.0,0.0,0.0,1.0,1.0,0.0,0.640858,0.38303,0.528177,0.694721,0,quiet,random,,,
0.724142,0.211017,0.0,0.10884,1,0,0,0,0,0,0.198819,0.193203,0.195375,0.903016,3,lonely,controlled_contrast,clear_day,clear_day_049,lonely_high
0.110992,0.669887,0.890168,0.813326,1.0,0.0,0.0,1.0,1.0,1.0,0.265521,0.522927,0.456479,0.425558,2,strange,random,,,
0.730771,0.24666,0.0,0.138023,1,0,0,0,0,0,0.19014,0.912396,0.191266,0.191398,2,strange,controlled_contrast,clear_day,clear_day_055,weird_high
0.643097,0.05744,0.00105,0.075792,0.0,0.0,0.0,0.0,0.0,0.0,0.107971,0.126155,0.576486,0.056155,1,warm,random,,,
0.511109,0.645042,0.066476,0.726466,0.0,0.0,0.0,0.0,0.0,0.0,0.927492,0.31258,0.053414,0.227009,0,quiet,random,,,
0.678239,0.543898,0.000504,0.990355,0.0,0.0,0.0,0.0,0.0,0.0,0.333385,0.077843,0.733738,0.723902,3,lonely,random,,,
0.722013,0.594382,0.006907,0.264092,1.0,0.0,0.0,0.0,0.0,0.0,0.295241,0.440105,0.694354,0.48487,1,warm,random,,,
0.209235,0.449433,0.942208,0.708514,0.0,0.0,0.0,1.0,1.0,1.0,0.489415,0.154246,0.082139,0.061985,2,strange,random,,,
0.953079,0.113703,0.874584,0.033401,1.0,1.0,0.0,1.0,1.0,0.0,0.201973,0.10639,0.479806,0.692186,1,warm,random,,,
0.009657,0.056972,0.582652,0.591495,0.0,0.0,0.0,1.0,1.0,0.0,0.454641,0.186211,0.312768,0.097882,0,quiet,random,,,
0.272624,0.655912,0.033657,0.009934,1.0,0.0,0.0,0.0,0.0,0.0,0.557454,0.479302,0.990024,0.342492,1,warm,random,,,
0.392453,0.607048,0.101775,0.016861,0.0,0.0,0.0,0.0,1.0,0.0,0.070019,0.487433,0.619075,0.96743,3,lonely,random,,,
0.855201,0.275758,0.75005,0.986271,1.0,1.0,0.0,1.0,1.0,1.0,0.979147,0.601309,0.259986,0.110132,2,strange,random,,,
0.315076,0.591806,0.005891,0.400647,1.0,0.0,0.0,0.0,0.0,0.0,0.399051,0.728041,0.110695,0.472925,2,strange,random,,,
0.769347,0.221963,0.003424,0.137983,1,0,0,0,0,0,0.892269,0.194105,0.200985,0.196856,0,quiet,controlled_contrast,clear_day,clear_day_004,calm_high
0.396733,0.004953,0.92004,0.839138,0.0,0.0,0.0,1.0,1.0,1.0,0.248768,0.466541,0.428454,0.401807,2,strange,random,,,
0.267012,0.817471,0.07768,0.727551,1.0,0.0,1.0,0.0,1.0,0.0,0.556016,0.734959,0.278168,0.082525,0,quiet,random,,,
0.434239,0.834316,0.668491,0.723938,0,0,1,1,1,1,0.915243,0.205953,0.211595,0.20239,0,quiet,controlled_contrast,stormy_weather,stormy_weather_054,calm_high
0.178552,0.948461,0.000117,0.022971,1.0,0.0,1.0,0.0,1.0,0.0,0.225912,0.445496,0.264614,0.678826,3,lonely,random,,,
0.910566,0.321525,0.000995,0.723046,1.0,1.0,0.0,0.0,0.0,0.0,0.742007,0.053249,0.619942,0.726508,1,warm,random,,,
0.441577,0.133544,0.872425,0.590886,0.0,0.0,0.0,1.0,1.0,1.0,0.252153,0.696987,0.058154,0.56131,2,strange,random,,,
0.20033,0.403263,0.583959,0.543696,1.0,0.0,0.0,1.0,1.0,0.0,0.684512,0.470191,0.305831,0.589973,0,quiet,random,,,
0.4444,0.931707,0.829361,0.431872,1.0,0.0,1.0,1.0,1.0,0.0,0.123024,0.174252,0.213488,0.427424,0,quiet,random,,,
0.932444,0.508931,0.002263,0.359722,0.0,1.0,0.0,0.0,0.0,0.0,0.803138,0.635107,0.623968,0.312646,1,warm,random,,,
0.813375,0.60198,0.581055,0.923137,1.0,1.0,0.0,1.0,1.0,0.0,0.347989,0.902643,0.069946,0.357944,2,strange,random,,,
0.631724,0.543745,0.059703,0.76669,1.0,0.0,0.0,0.0,0.0,0.0,0.364059,0.369544,0.266159,0.848652,3,lonely,random,,,
0.975324,0.044034,0.084432,0.791359,1.0,1.0,0.0,0.0,1.0,0.0,0.45268,0.946321,0.734756,0.065081,1,warm,random,,,
0.464031,0.775893,0.732915,0.735028,0,0,1,1,1,1,0.889877,0.206387,0.228729,0.188545,0,quiet,controlled_contrast,stormy_weather,stormy_weather_005,calm_high
0.003686,0.023807,0.413296,0.078231,1.0,0.0,0.0,1.0,1.0,0.0,0.769882,0.393038,0.469109,0.184575,0,quiet,random,,,
0.486082,0.240775,0.014886,0.215854,1,0,0,0,0,0,0.187099,0.183191,0.188597,0.909321,3,lonely,controlled_contrast,neutral_weather,neutral_weather_049,lonely_high
0.937918,0.202818,0.001933,0.709366,1.0,1.0,0.0,0.0,0.0,0.0,0.559711,0.175665,0.380629,0.442385,1,warm,random,,,
0.037526,0.871892,0.452968,0.006815,0.0,0.0,1.0,1.0,1.0,0.0,0.596797,0.109284,0.652796,0.47317,0,quiet,random,,,
0.386999,0.428176,0.26737,0.725169,1.0,0.0,0.0,1.0,1.0,0.0,0.726579,0.779022,0.063296,0.474068,0,quiet,random,,,
0.824462,0.684191,0.637078,0.83652,1.0,1.0,0.0,1.0,1.0,0.0,0.495797,0.462424,0.455914,0.554939,1,warm,random,,,
0.405082,0.664345,0.245072,0.19625,0.0,0.0,0.0,1.0,1.0,0.0,0.069918,0.271447,0.621125,0.287301,3,lonely,random,,,
0.401445,0.774964,0.392929,0.176604,0,0,1,1,1,0,0.209647,0.191673,0.887784,0.176675,3,lonely,controlled_contrast,rainy_room,rainy_room_005,warm_high
0.519132,0.797168,2.7e-05,0.310223,0.0,0.0,1.0,0.0,1.0,0.0,0.225749,0.464735,0.077826,0.576388,3,lonely,random,,,
0.376839,0.590987,0.027588,0.916648,1.0,0.0,0.0,0.0,0.0,0.0,0.703404,0.364435,0.331925,0.7391,1,warm,random,,,
0.10551,0.29162,0.127247,0.49594,1.0,0.0,0.0,0.0,1.0,0.0,0.170199,0.495964,0.188649,0.054291,1,warm,random,,,
0.466657,0.106866,0.017311,0.027895,1.0,0.0,0.0,0.0,0.0,0.0,0.16019,0.422238,0.246233,0.435247,1,warm,random,,,
0.637678,0.806564,0.193527,0.205679,0.0,0.0,1.0,0.0,1.0,0.0,0.417418,0.318967,0.444219,0.948878,3,lonely,random,,,
0.442771,0.763883,0.415968,0.174523,0,0,1,1,1,0,0.193898,0.203817,0.191865,0.895785,3,lonely,controlled_contrast,rainy_room,rainy_room_061,lonely_high
0.804054,0.523869,0.293822,0.827181,0.0,1.0,0.0,1.0,1.0,0.0,0.839531,0.091839,0.085865,0.667435,3,lonely,random,,,
0.490378,0.281281,0.054686,0.213294,1,0,0,0,0,0,0.210351,0.191162,0.194185,0.901299,3,lonely,controlled_contrast,neutral_weather,neutral_weather_000,lonely_high
0.287809,0.013843,0.949825,0.496702,1.0,0.0,0.0,1.0,1.0,1.0,0.600196,0.902797,0.428959,0.297381,2,strange,random,,,
0.847181,0.914687,0.946593,0.366709,0.0,1.0,1.0,1.0,1.0,0.0,0.750828,0.24876,0.552498,0.121414,0,quiet,random,,,
0.955828,0.09745,0.406469,0.403724,0.0,1.0,0.0,1.0,1.0,0.0,0.09136,0.88781,0.284473,0.135686,2,strange,random,,,
0.649349,0.268051,0.9159,0.938952,0.0,0.0,0.0,1.0,1.0,1.0,0.54461,0.452314,0.587716,0.374789,2,strange,random,,,
0.419628,0.57076,0.761389,0.111511,1.0,0.0,0.0,1.0,1.0,0.0,0.47589,0.380187,0.220329,0.270939,0,quiet,random,,,
0.783474,0.273487,0.799731,0.765674,1.0,1.0,0.0,1.0,1.0,1.0,0.503407,0.241736,0.055758,0.462043,2,strange,random,,,
0.520636,0.295328,0.06323,0.183465,1,0,0,0,0,0,0.908166,0.212973,0.21394,0.179838,0,quiet,controlled_contrast,neutral_weather,neutral_weather_068,calm_high
0.538505,0.647247,0.895627,0.010338,0.0,0.0,0.0,1.0,1.0,0.0,0.376788,0.811701,0.626538,0.583271,3,lonely,random,,,
0.214837,0.676979,0.046149,0.086406,0.0,0.0,0.0,0.0,0.0,0.0,0.177239,0.820375,0.643358,0.236542,3,lonely,random,,,
0.43009,0.774178,0.731022,0.735446,0,0,1,1,1,1,0.91932,0.216035,0.191745,0.190251,0,quiet,controlled_contrast,stormy_weather,stormy_weather_014,calm_high
0.790145,0.314215,0.905228,0.545833,1.0,1.0,0.0,1.0,1.0,1.0,0.684152,0.896838,0.552252,0.507811,2,strange,random,,,
0.5191,0.181896,0.401857,0.170738,0.0,0.0,0.0,1.0,1.0,0.0,0.776722,0.342895,0.132257,0.109432,0,quiet,random,,,
0.056498,0.412463,0.081714,0.554541,0.0,0.0,0.0,0.0,1.0,0.0,0.051286,0.201371,0.214388,0.356933,3,lonely,random,,,
0.194904,0.685913,0.338365,0.609001,0.0,0.0,0.0,1.0,1.0,0.0,0.41078,0.079876,0.949701,0.725828,3,lonely,random,,,
0.022866,0.952197,0.042576,0.972654,1.0,0.0,1.0,0.0,0.0,0.0,0.514031,0.979117,0.256635,0.306319,2,strange,random,,,
0.742182,0.434503,0.389476,0.887149,0.0,0.0,0.0,1.0,1.0,0.0,0.287347,0.159132,0.157238,0.290059,3,lonely,random,,,
0.469458,0.471258,0.26532,0.823323,0.0,0.0,0.0,1.0,1.0,0.0,0.059577,0.945527,0.737022,0.245227,3,lonely,random,,,
0.507849,0.277774,0.058806,0.190225,1,0,0,0,0,0,0.888382,0.214959,0.179488,0.213979,0,quiet,controlled_contrast,neutral_weather,neutral_weather_058,calm_high
0.719381,0.522224,0.009444,0.433693,1.0,0.0,0.0,0.0,0.0,0.0,0.260834,0.169059,0.49176,0.705949,1,warm,random,,,
0.970851,0.294739,0.022162,0.097406,1.0,1.0,0.0,0.0,0.0,0.0,0.543375,0.146255,0.237741,0.376733,1,warm,random,,,
0.23942,0.72696,0.328856,0.394238,1.0,0.0,0.0,1.0,1.0,0.0,0.888035,0.307471,0.258653,0.09345,0,quiet,random,,,
0.929574,0.518823,0.675657,0.487077,1.0,1.0,0.0,1.0,1.0,1.0,0.633384,0.368082,0.325639,0.322118,0,quiet,random,,,
0.580841,0.309957,0.17231,0.081006,1.0,0.0,0.0,0.0,1.0,0.0,0.110751,0.222276,0.277651,0.749506,3,lonely,random,,,
0.87379,0.042471,0.019781,0.150602,0.0,1.0,0.0,0.0,0.0,0.0,0.426245,0.081271,0.924342,0.44789,1,warm,random,,,
0.849289,0.605777,0.133483,0.870862,0.0,1.0,0.0,0.0,1.0,0.0,0.090389,0.459189,0.702259,0.52602,3,lonely,random,,,
0.104691,0.525059,0.942822,0.094371,0.0,0.0,0.0,1.0,1.0,0.0,0.320208,0.358594,0.804767,0.083225,3,lonely,random,,,
0.511729,0.813583,0.096243,0.115479,0,0,1,0,1,0,0.89624,0.207235,0.202106,0.196245,0,quiet,controlled_contrast,humid_night,humid_night_046,calm_high
0.269166,0.4908,0.714795,0.873149,1.0,0.0,0.0,1.0,1.0,1.0,0.270354,0.711684,0.691674,0.831248,2,strange,random,,,
0.614378,0.658453,0.180337,0.69986,1.0,0.0,0.0,0.0,1.0,0.0,0.563546,0.339343,0.493266,0.439718,1,warm,random,,,
0.328143,0.588944,0.990748,0.942982,1.0,0.0,0.0,1.0,1.0,1.0,0.616462,0.589221,0.288973,0.080786,2,strange,random,,,
0.691476,0.013071,0.104013,0.298241,0.0,0.0,0.0,0.0,1.0,0.0,0.682004,0.181956,0.613355,0.060689,3,lonely,random,,,
0.140428,0.026763,0.1135,0.829698,1.0,0.0,0.0,0.0,1.0,0.0,0.504828,0.165303,0.061055,0.08603,1,warm,random,,,
0.188187,0.037412,0.275485,0.07836,1.0,0.0,0.0,1.0,1.0,0.0,0.721987,0.702025,0.251114,0.260609,0,quiet,random,,,
0.764745,0.255151,0.003222,0.144768,1,0,0,0,0,0,0.196564,0.189083,0.222118,0.887587,3,lonely,controlled_contrast,clear_day,clear_day_048,lonely_high
0.490378,0.281281,0.054686,0.213294,1,0,0,0,0,0,0.887725,0.191142,0.198642,0.194288,0,quiet,controlled_contrast,neutral_weather,neutral_weather_000,calm_high
0.693663,0.706286,0.002301,0.464935,1.0,0.0,0.0,0.0,0.0,0.0,0.121331,0.298874,0.250484,0.25435,1,warm,random,,,
0.673403,0.270467,0.0,0.147069,1,0,0,0,0,0,0.207655,0.208766,0.907135,0.209036,1,warm,controlled_contrast,clear_day,clear_day_014,warm_high
0.793829,0.223062,0.468465,0.818093,1.0,1.0,0.0,1.0,1.0,0.0,0.640692,0.169179,0.972281,0.734673,1,warm,random,,,
0.517733,0.229921,0.05537,0.193543,1,0,0,0,0,0,0.195784,0.880411,0.21407,0.217687,2,strange,controlled_contrast,neutral_weather,neutral_weather_072,weird_high
0.124634,0.280966,0.685981,0.409748,1.0,0.0,0.0,1.0,1.0,0.0,0.790924,0.589481,0.272446,0.385964,0,quiet,random,,,
0.815532,0.8475,0.011238,0.797989,0.0,1.0,1.0,0.0,1.0,0.0,0.654691,0.543778,0.221804,0.477741,3,lonely,random,,,
0.699937,0.253324,0.008887,0.156802,1,0,0,0,0,0,0.213612,0.20326,0.203352,0.868059,3,lonely,controlled_contrast,clear_day,clear_day_042,lonely_high
0.350586,0.381032,0.260832,0.8786,0.0,0.0,0.0,1.0,1.0,0.0,0.131121,0.321793,0.784038,0.731051,3,lonely,random,,,
0.376659,0.758956,0.448325,0.163615,0,0,1,1,1,0,0.188861,0.195192,0.902511,0.195119,3,lonely,controlled_contrast,rainy_room,rainy_room_031,warm_high
0.153791,0.25879,0.263993,0.076611,0.0,0.0,0.0,1.0,1.0,0.0,0.487089,0.390811,0.619668,0.449871,3,lonely,random,,,
0.491426,0.806794,0.074683,0.150234,0,0,1,0,1,0,0.192831,0.208321,0.208926,0.888255,3,lonely,controlled_contrast,humid_night,humid_night_057,lonely_high
0.093958,0.983582,0.340059,0.938845,1.0,0.0,1.0,1.0,1.0,0.0,0.854114,0.524345,0.202051,0.422726,0,quiet,random,,,
0.008796,0.753548,0.076393,0.717056,0.0,0.0,1.0,0.0,1.0,0.0,0.35983,0.239293,0.72772,0.497047,3,lonely,random,,,
0.932931,0.694811,0.307591,0.793134,1.0,1.0,0.0,1.0,1.0,0.0,0.735571,0.23633,0.442118,0.596583,1,warm,random,,,
0.432116,0.793295,0.459928,0.170249,0,0,1,1,1,0,0.895299,0.200535,0.207995,0.198937,0,quiet,controlled_contrast,rainy_room,rainy_room_039,calm_high
0.396598,0.614202,0.032552,0.159048,0.0,0.0,0.0,0.0,0.0,0.0,0.188463,0.543473,0.52705,0.32891,3,lonely,random,,,
0.198134,0.948029,0.068693,0.376992,1.0,0.0,1.0,0.0,1.0,0.0,0.66101,0.61463,0.639787,0.418827,1,warm,random,,,
0.482992,0.809134,0.941652,0.605757,1.0,0.0,1.0,1.0,1.0,1.0,0.113438,0.556423,0.165778,0.735453,2,strange,random,,,
0.503155,0.839109,0.100749,0.101831,0,0,1,0,1,0,0.188259,0.903648,0.209976,0.215677,3,lonely,controlled_contrast,humid_night,humid_night_041,weird_high
0.019229,0.097401,0.141907,0.952279,0.0,0.0,0.0,0.0,1.0,0.0,0.256648,0.492149,0.05029,0.164716,3,lonely,random,,,
0.182008,0.57383,0.310814,0.24656,1.0,0.0,0.0,1.0,1.0,0.0,0.441213,0.673585,0.348457,0.578289,0,quiet,random,,,
0.491426,0.806794,0.074683,0.150234,0,0,1,0,1,0,0.213806,0.904349,0.207912,0.183078,3,lonely,controlled_contrast,humid_night,humid_night_057,weird_high
0.974359,0.205333,0.045516,0.208529,1.0,1.0,0.0,0.0,0.0,0.0,0.637162,0.353437,0.745161,0.320081,1,warm,random,,,
0.704177,0.156767,0.069731,0.822259,1.0,0.0,0.0,0.0,0.0,0.0,0.468519,0.821034,0.575564,0.700184,1,warm,random,,,
0.381874,0.247576,0.310002,0.622636,0.0,0.0,0.0,1.0,1.0,0.0,0.536077,0.237675,0.353398,0.169837,0,quiet,random,,,
0.713974,0.627161,0.23845,0.665893,1.0,0.0,0.0,1.0,1.0,0.0,0.612075,0.338022,0.254655,0.271526,0,quiet,random,,,
0.443621,0.443907,0.657701,0.836443,0.0,0.0,0.0,1.0,1.0,1.0,0.404942,0.111754,0.437219,0.328145,3,lonely,random,,,
0.484091,0.21782,0.031997,0.396524,1.0,0.0,0.0,0.0,0.0,0.0,0.555247,0.735132,0.438792,0.631594,1,warm,random,,,
0.15507,0.632109,0.008943,0.00275,0.0,0.0,0.0,0.0,0.0,0.0,0.725008,0.386625,0.636063,0.638107,3,lonely,random,,,
0.079719,0.507738,0.405559,0.011814,0.0,0.0,0.0,1.0,1.0,0.0,0.447109,0.382941,0.092473,0.743147,3,lonely,random,,,
0.038053,0.950833,0.680785,0.531633,1.0,0.0,1.0,1.0,1.0,1.0,0.125034,0.668625,0.305853,0.858695,2,strange,random,,,
0.680281,0.234507,0.647739,0.419903,0.0,0.0,0.0,1.0,1.0,0.0,0.855857,0.133191,0.611011,0.421354,0,quiet,random,,,
0.878473,0.034352,0.004222,0.977224,1.0,1.0,0.0,0.0,0.0,0.0,0.277416,0.20738,0.463596,0.471017,1,warm,random,,,
0.498015,0.248596,0.682982,0.645971,0.0,0.0,0.0,1.0,1.0,1.0,0.490659,0.308372,0.802765,0.191954,2,strange,random,,,
0.646471,0.796787,0.017086,0.437932,0.0,0.0,1.0,0.0,1.0,0.0,0.243547,0.389348,0.441893,0.582671,3,lonely,random,,,
0.851019,0.042091,0.017525,0.278339,0.0,1.0,0.0,0.0,0.0,0.0,0.27297,0.981274,0.178875,0.120926,2,strange,random,,,
0.541227,0.076792,0.000111,0.003225,1.0,0.0,0.0,0.0,0.0,0.0,0.152809,0.175581,0.199872,0.391856,1,warm,random,,,
0.367846,0.886337,0.942196,0.913245,1.0,0.0,1.0,1.0,1.0,1.0,0.657569,0.807345,0.212179,0.244231,2,strange,random,,,
0.435537,0.570107,0.749915,0.084922,1.0,0.0,0.0,1.0,1.0,0.0,0.140469,0.750142,0.440789,0.073249,1,warm,random,,,
0.008199,0.2865,0.686606,0.614238,0.0,0.0,0.0,1.0,1.0,1.0,0.839587,0.123299,0.260803,0.218903,0,quiet,random,,,
0.426718,0.813981,0.701738,0.725874,0,0,1,1,1,1,0.894776,0.19444,0.195633,0.202976,0,quiet,controlled_contrast,stormy_weather,stormy_weather_019,calm_high
0.931899,0.475688,0.000884,0.100114,1.0,1.0,0.0,0.0,0.0,0.0,0.310062,0.16932,0.89336,0.55583,1,warm,random,,,
0.68474,0.239408,0.004469,0.153591,1,0,0,0,0,0,0.192296,0.897454,0.211712,0.181399,2,strange,controlled_contrast,clear_day,clear_day_030,weird_high
0.757945,0.8193,0.843055,0.618619,1.0,1.0,1.0,1.0,1.0,1.0,0.609459,0.469185,0.270743,0.119836,0,quiet,random,,,
0.641503,0.922758,0.480918,0.378438,1.0,0.0,1.0,1.0,1.0,0.0,0.469999,0.586381,0.49718,0.472235,0,quiet,random,,,
0.506907,0.268731,0.066313,0.216348,1,0,0,0,0,0,0.223028,0.192024,0.193127,0.910851,3,lonely,controlled_contrast,neutral_weather,neutral_weather_075,lonely_high
0.627545,0.128789,0.070245,0.29231,1.0,0.0,0.0,0.0,0.0,0.0,0.244745,0.97539,0.26658,0.412986,2,strange,random,,,
0.47579,0.272103,0.052638,0.267267,1,0,0,0,0,0,0.214622,0.894997,0.194311,0.217316,2,strange,controlled_contrast,neutral_weather,neutral_weather_043,weird_high
0.45504,0.78367,0.723868,0.744972,0,0,1,1,1,1,0.881037,0.192905,0.196893,0.201856,0,quiet,controlled_contrast,stormy_weather,stormy_weather_075,calm_high
0.498905,0.461973,0.361631,0.099459,1.0,0.0,0.0,1.0,1.0,0.0,0.906905,0.402855,0.09219,0.685978,0,quiet,random,,,
0.677591,0.093023,0.918188,0.891693,1.0,0.0,0.0,1.0,1.0,1.0,0.063617,0.725528,0.37109,0.67791,2,strange,random,,,
0.379711,0.629022,0.028014,0.476178,1.0,0.0,0.0,0.0,0.0,0.0,0.329547,0.733318,0.14494,0.361589,1,warm,random,,,
0.021277,0.879628,0.241533,0.333193,0.0,0.0,1.0,1.0,1.0,0.0,0.514234,0.191755,0.52525,0.731842,3,lonely,random,,,
0.783373,0.623353,0.739375,0.708234,1.0,1.0,0.0,1.0,1.0,1.0,0.315955,0.685733,0.439361,0.112697,2,strange,random,,,
0.441558,0.805518,0.713125,0.675702,0,0,1,1,1,1,0.210459,0.895729,0.218436,0.189152,2,strange,controlled_contrast,stormy_weather,stormy_weather_046,weird_high
0.610225,0.242222,0.082572,0.577369,1.0,0.0,0.0,0.0,1.0,0.0,0.665408,0.51944,0.175132,0.587467,3,lonely,random,,,
0.445376,0.338956,0.50675,0.165565,0.0,0.0,0.0,1.0,1.0,0.0,0.62542,0.538678,0.27557,0.341101,0,quiet,random,,,
0.908739,0.942109,0.020813,0.784342,0.0,1.0,1.0,0.0,1.0,0.0,0.202228,0.395848,0.666228,0.538251,3,lonely,random,,,
0.307324,0.418821,0.005248,0.932854,0.0,0.0,0.0,0.0,0.0,0.0,0.85597,0.682575,0.131032,0.15945,2,strange,random,,,
0.454452,0.158645,0.024076,0.4156,0.0,0.0,0.0,0.0,0.0,0.0,0.516081,0.464814,0.479159,0.471808,3,lonely,random,,,
0.737595,0.519427,0.486719,0.0958,0.0,0.0,0.0,1.0,1.0,0.0,0.508955,0.533711,0.621234,0.931032,3,lonely,random,,,
0.155054,0.063078,0.966496,0.634235,1.0,0.0,0.0,1.0,1.0,1.0,0.666815,0.084479,0.648689,0.692735,0,quiet,random,,,
0.89095,0.380686,0.711196,0.095045,1.0,1.0,0.0,1.0,1.0,0.0,0.638345,0.725093,0.11293,0.585823,0,quiet,random,,,
0.055496,0.681756,0.000577,0.773054,1.0,0.0,0.0,0.0,1.0,0.0,0.941174,0.450214,0.088567,0.591066,3,lonely,random,,,
0.612821,0.657844,0.977647,0.344554,0.0,0.0,0.0,1.0,1.0,0.0,0.573924,0.489834,0.627262,0.154241,0,quiet,random,,,
0.284011,0.049577,0.025357,0.396386,0.0,0.0,0.0,0.0,0.0,0.0,0.281717,0.811763,0.650745,0.505716,3,lonely,random,,,
0.759101,0.361497,0.534094,0.635812,0.0,1.0,0.0,1.0,1.0,0.0,0.859128,0.573365,0.689398,0.334155,0,quiet,random,,,
0.69237,0.62402,0.003258,0.90105,1.0,0.0,0.0,0.0,0.0,0.0,0.404644,0.87705,0.31091,0.067989,2,strange,random,,,
0.221272,0.407212,0.049469,0.156162,1.0,0.0,0.0,0.0,0.0,0.0,0.387463,0.262208,0.146747,0.495459,1,warm,random,,,
0.453906,0.753298,0.453886,0.207679,0,0,1,1,1,0,0.193888,0.205106,0.897774,0.193189,3,lonely,controlled_contrast,rainy_room,rainy_room_040,warm_high
0.333679,0.692601,0.503815,0.002137,0.0,0.0,0.0,1.0,1.0,0.0,0.415144,0.753891,0.242893,0.20758,3,lonely,random,,,
0.918689,0.884462,0.413675,0.902436,0.0,1.0,1.0,1.0,1.0,0.0,0.295933,0.261737,0.740828,0.387259,3,lonely,random,,,
0.530504,0.264819,0.002281,0.185629,1,0,0,0,0,0,0.897533,0.196185,0.165537,0.207696,0,quiet,controlled_contrast,neutral_weather,neutral_weather_037,calm_high
0.496125,0.400528,0.662658,0.631099,1.0,0.0,0.0,1.0,1.0,1.0,0.370679,0.132382,0.188864,0.564835,2,strange,random,,,
0.51681,0.249674,0.068931,0.231384,1,0,0,0,0,0,0.195944,0.918884,0.190455,0.175888,2,strange,controlled_contrast,neutral_weather,neutral_weather_018,weird_high
0.426466,0.777419,0.458461,0.137524,0,0,1,1,1,0,0.19464,0.899613,0.204211,0.21935,3,lonely,controlled_contrast,rainy_room,rainy_room_065,weird_high
0.431149,0.832323,0.045564,0.136277,0,0,1,0,1,0,0.194367,0.198195,0.905502,0.209243,3,lonely,controlled_contrast,humid_night,humid_night_017,warm_high
0.862004,0.376346,0.01165,0.002224,1.0,1.0,0.0,0.0,0.0,0.0,0.689914,0.479962,0.535939,0.717912,1,warm,random,,,
0.737,0.270922,0.0,0.152224,1,0,0,0,0,0,0.209674,0.196468,0.224349,0.902424,3,lonely,controlled_contrast,clear_day,clear_day_036,lonely_high
0.623665,0.211799,0.19037,0.160344,1.0,0.0,0.0,0.0,1.0,0.0,0.903088,0.163345,0.197145,0.265026,0,quiet,random,,,
0.644098,0.519823,0.524634,0.417755,0.0,0.0,0.0,1.0,1.0,0.0,0.103759,0.970254,0.25365,0.443613,3,lonely,random,,,
0.732055,0.370324,0.42696,0.48594,1.0,0.0,0.0,1.0,1.0,0.0,0.724709,0.092762,0.579626,0.069416,0,quiet,random,,,
0.962953,0.907903,0.111094,0.36202,0.0,1.0,1.0,0.0,1.0,0.0,0.541299,0.717019,0.72989,0.067928,1,warm,random,,,
0.916472,0.318324,0.033513,0.465822,1.0,1.0,0.0,0.0,0.0,0.0,0.308083,0.323605,0.261682,0.165186,1,warm,random,,,
0.334002,0.273757,0.871422,0.308941,0.0,0.0,0.0,1.0,1.0,0.0,0.655757,0.281978,0.260616,0.771228,3,lonely,random,,,
0.457626,0.784821,0.755688,0.711132,0,0,1,1,1,1,0.920321,0.218953,0.19953,0.207223,0,quiet,controlled_contrast,stormy_weather,stormy_weather_024,calm_high
0.487814,0.808132,0.047376,0.146347,0,0,1,0,1,0,0.203988,0.883779,0.188293,0.187708,3,lonely,controlled_contrast,humid_night,humid_night_021,weird_high
0.252278,0.336467,0.562719,0.232797,1.0,0.0,0.0,1.0,1.0,0.0,0.843693,0.285641,0.587575,0.078196,0,quiet,random,,,
0.456485,0.480374,0.407408,0.451676,0.0,0.0,0.0,1.0,1.0,0.0,0.866133,0.455835,0.403142,0.485311,0,quiet,random,,,
0.487139,0.265078,0.036201,0.172238,1,0,0,0,0,0,0.90149,0.199517,0.191744,0.18315,0,quiet,controlled_contrast,neutral_weather,neutral_weather_013,calm_high
0.665302,0.067349,0.028657,0.007094,1.0,0.0,0.0,0.0,0.0,0.0,0.607768,0.947422,0.055802,0.736045,2,strange,random,,,
0.144037,0.042304,0.267742,0.686883,1.0,0.0,0.0,1.0,1.0,0.0,0.089918,0.620716,0.154935,0.395531,2,strange,random,,,
0.475651,0.839036,0.737475,0.744564,0,0,1,1,1,1,0.221629,0.191541,0.186784,0.903947,3,lonely,controlled_contrast,stormy_weather,stormy_weather_045,lonely_high
0.0183,0.159588,0.187252,0.418044,1.0,0.0,0.0,0.0,1.0,0.0,0.590311,0.05877,0.724379,0.090091,1,warm,random,,,
0.569717,0.203062,0.683727,0.865681,1.0,0.0,0.0,1.0,1.0,1.0,0.496511,0.600586,0.134238,0.539363,2,strange,random,,,
0.080116,0.259777,0.104496,0.193219,1.0,0.0,0.0,0.0,1.0,0.0,0.648934,0.847696,0.664235,0.110051,1,warm,random,,,
0.8228,0.787261,0.013743,0.474298,1.0,1.0,1.0,0.0,1.0,0.0,0.529995,0.421304,0.259155,0.115314,1,warm,random,,,
0.522545,0.520726,0.149229,0.441961,0.0,0.0,0.0,0.0,1.0,0.0,0.93405,0.316213,0.529416,0.074556,0,quiet,random,,,
0.616718,0.34511,0.617786,0.708543,0.0,0.0,0.0,1.0,1.0,0.0,0.258609,0.600022,0.776879,0.556167,3,lonely,random,,,
0.867008,0.803596,0.814997,0.419225,1.0,1.0,1.0,1.0,1.0,0.0,0.833923,0.312673,0.380737,0.582179,0,quiet,random,,,
0.165147,0.586741,0.09965,0.146916,0.0,0.0,0.0,0.0,1.0,0.0,0.335756,0.403035,0.505934,0.629692,3,lonely,random,,,
0.400858,0.373731,0.792033,0.643569,1.0,0.0,0.0,1.0,1.0,1.0,0.072801,0.434667,0.29251,0.812864,2,strange,random,,,
0.731234,0.805833,0.15116,0.593467,1.0,0.0,1.0,0.0,1.0,0.0,0.148972,0.310745,0.262999,0.760164,3,lonely,random,,,
0.468492,0.259228,0.022206,0.216323,1,0,0,0,0,0,0.214761,0.882689,0.211151,0.184008,2,strange,controlled_contrast,neutral_weather,neutral_weather_011,weird_high
0.265149,0.58746,0.000122,0.352438,1.0,0.0,0.0,0.0,0.0,0.0,0.543875,0.768589,0.133087,0.543405,1,warm,random,,,
0.253115,0.641028,0.003524,0.056811,1.0,0.0,0.0,0.0,0.0,0.0,0.957369,0.536263,0.554567,0.649266,1,warm,random,,,
0.396593,0.788419,0.441875,0.199488,0,0,1,1,1,0,0.903414,0.214602,0.215534,0.201448,0,quiet,controlled_contrast,rainy_room,rainy_room_051,calm_high
0.448168,0.150439,0.538176,0.602237,1.0,0.0,0.0,1.0,1.0,0.0,0.651078,0.085816,0.448852,0.872896,0,quiet,random,,,
0.416292,0.712592,0.822535,0.723913,1.0,0.0,0.0,1.0,1.0,1.0,0.546629,0.550144,0.477414,0.747741,2,strange,random,,,
0.020299,0.478636,0.886495,0.460601,0.0,0.0,0.0,1.0,1.0,1.0,0.513959,0.883227,0.440054,0.1252,2,strange,random,,,
0.841319,0.615617,0.117947,0.362011,1.0,1.0,0.0,0.0,1.0,0.0,0.24587,0.856124,0.534713,0.195275,1,warm,random,,,
0.07613,0.783743,0.760092,0.526073,1.0,0.0,1.0,1.0,1.0,1.0,0.305524,0.06466,0.082476,0.118944,0,quiet,random,,,
0.00033,0.963165,0.820191,0.502025,1.0,0.0,1.0,1.0,1.0,1.0,0.63312,0.311958,0.206842,0.64014,0,quiet,random,,,
0.435937,0.376479,0.493057,0.93286,1.0,0.0,0.0,1.0,1.0,0.0,0.672602,0.939981,0.06902,0.5869,0,quiet,random,,,
0.97817,0.754333,0.680961,0.789146,1.0,1.0,1.0,1.0,1.0,1.0,0.234722,0.692113,0.430096,0.748446,2,strange,random,,,
0.081593,0.49985,0.224373,0.033388,0.0,0.0,0.0,1.0,1.0,0.0,0.249734,0.566411,0.632989,0.421941,3,lonely,random,,,
0.204672,0.777292,0.255112,0.846838,1.0,0.0,1.0,1.0,1.0,0.0,0.076601,0.940413,0.260169,0.519083,2,strange,random,,,
0.551866,0.8658,0.399542,0.741473,0.0,0.0,1.0,1.0,1.0,0.0,0.516012,0.437647,0.85711,0.199981,0,quiet,random,,,
0.545764,0.635978,0.792639,0.726459,1.0,0.0,0.0,1.0,1.0,1.0,0.138383,0.489818,0.098132,0.374687,2,strange,random,,,
0.425231,0.889015,0.403521,0.049832,1.0,0.0,1.0,1.0,1.0,0.0,0.140534,0.968703,0.451687,0.267923,0,quiet,random,,,
0.743914,0.030101,0.043889,0.591674,1.0,0.0,0.0,0.0,0.0,0.0,0.2365,0.487985,0.418851,0.904575,1,warm,random,,,
0.861047,0.624058,0.040157,0.72812,1.0,1.0,0.0,0.0,0.0,0.0,0.727515,0.35843,0.612613,0.820773,1,warm,random,,,
0.470735,0.840353,0.056846,0.079983,0,0,1,0,1,0,0.219315,0.171729,0.932083,0.207911,3,lonely,controlled_contrast,humid_night,humid_night_003,warm_high
0.169895,0.676989,0.017338,0.385212,0.0,0.0,0.0,0.0,0.0,0.0,0.694121,0.08914,0.238189,0.743463,3,lonely,random,,,
0.167633,0.768649,0.110712,0.104847,0.0,0.0,1.0,0.0,1.0,0.0,0.176264,0.349505,0.636189,0.492495,3,lonely,random,,,
0.261398,0.447972,0.561081,0.525013,1.0,0.0,0.0,1.0,1.0,0.0,0.100969,0.158915,0.270161,0.235034,1,warm,random,,,
0.606318,0.240916,0.015897,0.338893,1.0,0.0,0.0,0.0,0.0,0.0,0.452282,0.77734,0.530759,0.618076,1,warm,random,,,
0.840725,0.80348,0.28029,0.252607,0.0,1.0,1.0,1.0,1.0,0.0,0.478316,0.920776,0.294409,0.326248,0,quiet,random,,,
0.130081,0.96309,0.037049,0.296728,1.0,0.0,1.0,0.0,1.0,0.0,0.85271,0.253806,0.059201,0.663636,0,quiet,random,,,
0.145653,0.292901,0.993599,0.680099,1.0,0.0,0.0,1.0,1.0,1.0,0.51357,0.912303,0.495429,0.179785,2,strange,random,,,
0.248425,0.339888,0.702632,0.064271,1.0,0.0,0.0,1.0,1.0,0.0,0.810217,0.521001,0.132217,0.235196,0,quiet,random,,,
0.454771,0.030503,0.102151,0.596166,1.0,0.0,0.0,0.0,1.0,0.0,0.747924,0.437109,0.334837,0.445491,1,warm,random,,,
0.527065,0.109886,0.34467,0.495503,1.0,0.0,0.0,1.0,1.0,0.0,0.407747,0.479983,0.168379,0.759276,3,lonely,random,,,
0.436463,0.817114,0.740738,0.675204,0,0,1,1,1,1,0.2169,0.216341,0.907391,0.203065,3,lonely,controlled_contrast,stormy_weather,stormy_weather_034,warm_high
0.999428,0.691794,0.276137,0.187402,0.0,1.0,0.0,1.0,1.0,0.0,0.154781,0.585907,0.741493,0.132115,1,warm,random,,,
0.725826,0.87272,0.818532,0.113679,1.0,0.0,1.0,1.0,1.0,0.0,0.211241,0.30285,0.470595,0.251218,0,quiet,random,,,
0.448388,0.187318,0.881849,0.852531,0.0,0.0,0.0,1.0,1.0,1.0,0.301856,0.440409,0.480767,0.126033,2,strange,random,,,
0.41167,0.771666,0.029463,0.374913,0.0,0.0,1.0,0.0,0.0,0.0,0.522442,0.484969,0.282865,0.96331,3,lonely,random,,,
0.468492,0.259228,0.022206,0.216323,1,0,0,0,0,0,0.215976,0.202957,0.190542,0.908234,3,lonely,controlled_contrast,neutral_weather,neutral_weather_011,lonely_high
0.554202,0.856144,0.990345,0.472838,1.0,0.0,1.0,1.0,1.0,1.0,0.126529,0.345548,0.161705,0.534104,2,strange,random,,,
0.13356,0.187235,0.006492,0.047967,1.0,0.0,0.0,0.0,0.0,0.0,0.34948,0.289839,0.206882,0.736937,1,warm,random,,,
0.839948,0.514705,0.0028,0.025481,0.0,1.0,0.0,0.0,0.0,0.0,0.58069,0.267744,0.320386,0.455859,3,lonely,random,,,
0.351039,0.209873,0.877744,0.124496,1.0,0.0,0.0,1.0,1.0,0.0,0.673044,0.092463,0.084452,0.411314,0,quiet,random,,,
0.667142,0.225227,0.008974,0.14074,1,0,0,0,0,0,0.186001,0.190636,0.879732,0.189853,1,warm,controlled_contrast,clear_day,clear_day_032,warm_high
0.878602,0.097568,0.22974,0.013746,0.0,1.0,0.0,1.0,1.0,0.0,0.791765,0.177525,0.159238,0.054892,0,quiet,random,,,
0.414921,0.775622,0.437493,0.197193,0,0,1,1,1,0,0.185993,0.197014,0.920659,0.197737,0,quiet,controlled_contrast,rainy_room,rainy_room_066,warm_high
0.685538,0.281908,0.0,0.154791,1,0,0,0,0,0,0.227832,0.19628,0.912717,0.214023,1,warm,controlled_contrast,clear_day,clear_day_023,warm_high
0.184485,0.954765,0.787965,0.808655,0.0,0.0,1.0,1.0,1.0,1.0,0.708208,0.817341,0.707264,0.089041,2,strange,random,,,
0.227062,0.679164,0.455952,0.44288,0.0,0.0,0.0,1.0,1.0,0.0,0.257962,0.974419,0.322909,0.140495,3,lonely,random,,,
0.825309,0.955794,0.481582,0.264554,1.0,1.0,1.0,1.0,1.0,0.0,0.299152,0.746933,0.699956,0.473211,1,warm,random,,,
0.720754,0.997248,0.000537,0.488968,1.0,0.0,1.0,0.0,1.0,0.0,0.151231,0.531255,0.599197,0.846581,3,lonely,random,,,
0.120507,0.011022,0.153618,0.207825,1.0,0.0,0.0,0.0,1.0,0.0,0.586773,0.213427,0.46663,0.555003,1,warm,random,,,
0.810565,0.830056,0.232544,0.124093,0.0,1.0,1.0,1.0,1.0,0.0,0.944416,0.321818,0.559517,0.718083,0,quiet,random,,,
0.431211,0.764225,0.741804,0.746938,0,0,1,1,1,1,0.195611,0.193683,0.892861,0.207353,3,lonely,controlled_contrast,stormy_weather,stormy_weather_077,warm_high
0.331746,0.296443,0.19529,0.685282,1.0,0.0,0.0,0.0,1.0,0.0,0.496306,0.155307,0.438999,0.312563,1,warm,random,,,
0.411922,0.281807,0.020203,0.053583,1.0,0.0,0.0,0.0,0.0,0.0,0.485736,0.088124,0.624581,0.77843,1,warm,random,,,
0.377181,0.745689,3.6e-05,0.024059,1.0,0.0,0.0,0.0,1.0,0.0,0.106423,0.955753,0.599484,0.256689,1,warm,random,,,
0.526218,0.245458,0.042,0.206506,1,0,0,0,0,0,0.195737,0.195007,0.89598,0.18693,1,warm,controlled_contrast,neutral_weather,neutral_weather_048,warm_high
0.753982,0.09179,0.799704,0.107134,1.0,1.0,0.0,1.0,1.0,0.0,0.543981,0.104767,0.301507,0.226791,0,quiet,random,,,
0.486634,0.887458,0.996512,0.106818,1.0,0.0,1.0,1.0,1.0,0.0,0.191235,0.066857,0.690785,0.239317,0,quiet,random,,,
0.279723,0.70639,0.992311,0.696916,1.0,0.0,0.0,1.0,1.0,1.0,0.266564,0.759311,0.233103,0.38958,2,strange,random,,,
0.274749,0.113257,0.175623,0.626948,1.0,0.0,0.0,0.0,1.0,0.0,0.431577,0.625583,0.322791,0.627961,1,warm,random,,,
0.212543,0.239984,0.018016,0.540985,0.0,0.0,0.0,0.0,0.0,0.0,0.376543,0.657037,0.580174,0.216992,1,warm,random,,,
0.753158,0.950647,0.862138,0.959065,1.0,1.0,1.0,1.0,1.0,1.0,0.061893,0.350221,0.125528,0.807728,3,lonely,random,,,
0.493214,0.859481,0.026252,0.732201,1.0,0.0,1.0,0.0,0.0,0.0,0.375494,0.737076,0.103643,0.523637,2,strange,random,,,
0.372035,0.38571,0.249567,0.115055,0.0,0.0,0.0,1.0,1.0,0.0,0.132701,0.690433,0.251153,0.465272,3,lonely,random,,,
0.984099,0.037674,0.356579,0.00541,0.0,1.0,0.0,1.0,1.0,0.0,0.952672,0.064044,0.668726,0.454091,0,quiet,random,,,
0.358329,0.397564,0.717321,0.635832,1.0,0.0,0.0,1.0,1.0,1.0,0.557701,0.306047,0.599108,0.176159,2,strange,random,,,
0.236501,0.515077,0.773824,0.60251,1.0,0.0,0.0,1.0,1.0,1.0,0.362986,0.302672,0.594074,0.677016,2,strange,random,,,
0.684685,0.898211,0.467501,0.596281,0.0,0.0,1.0,1.0,1.0,0.0,0.633472,0.699464,0.775645,0.167855,0,quiet,random,,,
0.403787,0.773168,0.458253,0.19176,0,0,1,1,1,0,0.915526,0.183266,0.181446,0.204063,0,quiet,controlled_contrast,rainy_room,rainy_room_022,calm_high
0.067953,0.310383,0.056241,0.525121,1.0,0.0,0.0,0.0,0.0,0.0,0.652145,0.145007,0.538028,0.792638,1,warm,random,,,
0.295001,0.564279,0.495352,0.460347,1.0,0.0,0.0,1.0,1.0,0.0,0.29782,0.525668,0.243568,0.725404,3,lonely,random,,,
0.325501,0.083402,0.180665,0.028455,1.0,0.0,0.0,0.0,1.0,0.0,0.629335,0.740011,0.650717,0.092684,1,warm,random,,,
0.550204,0.021599,0.647349,0.005941,0.0,0.0,0.0,1.0,1.0,0.0,0.117632,0.208528,0.746314,0.830988,3,lonely,random,,,
0.241088,0.895263,0.11942,0.441348,0.0,0.0,1.0,0.0,1.0,0.0,0.397126,0.36035,0.933994,0.248446,3,lonely,random,,,
0.678442,0.525502,0.322892,0.040304,1.0,0.0,0.0,1.0,1.0,0.0,0.224352,0.95585,0.156423,0.325795,2,strange,random,,,
0.796227,0.756019,0.00832,0.099186,1.0,1.0,1.0,0.0,1.0,0.0,0.736296,0.072296,0.204887,0.685645,0,quiet,random,,,
0.544843,0.959861,0.019161,0.11051,1.0,0.0,1.0,0.0,1.0,0.0,0.091491,0.235082,0.121503,0.282557,3,lonely,random,,,
0.289726,0.649332,0.403502,0.417926,1.0,0.0,0.0,1.0,1.0,0.0,0.795388,0.149084,0.439994,0.358715,0,quiet,random,,,
0.390272,0.773291,0.481402,0.139045,0,0,1,1,1,0,0.233751,0.204889,0.892348,0.20351,0,quiet,controlled_contrast,rainy_room,rainy_room_047,warm_high
0.480019,0.374,0.006102,0.581174,1.0,0.0,0.0,0.0,0.0,0.0,0.283175,0.727281,0.795225,0.584595,1,warm,random,,,
0.843256,0.743406,0.501741,0.632766,1.0,1.0,0.0,1.0,1.0,0.0,0.30353,0.836225,0.425641,0.487255,1,warm,random,,,
0.364703,0.144103,0.784037,0.17163,0.0,0.0,0.0,1.0,1.0,0.0,0.299152,0.402109,0.289601,0.394088,3,lonely,random,,,
0.511398,0.261095,0.678515,0.955038,1.0,0.0,0.0,1.0,1.0,1.0,0.151255,0.661201,0.741987,0.68516,2,strange,random,,,
0.244075,0.274326,0.652844,0.022138,1.0,0.0,0.0,1.0,1.0,0.0,0.522439,0.543616,0.519041,0.494339,0,quiet,random,,,
0.450257,0.803023,0.472434,0.211046,0,0,1,1,1,0,0.19222,0.186428,0.883387,0.203235,3,lonely,controlled_contrast,rainy_room,rainy_room_036,warm_high
0.220174,0.704564,0.600071,0.528921,0.0,0.0,0.0,1.0,1.0,0.0,0.538548,0.703062,0.546972,0.38086,3,lonely,random,,,
0.841914,0.152325,0.011537,0.548281,1.0,1.0,0.0,0.0,0.0,0.0,0.409685,0.46033,0.161999,0.952162,1,warm,random,,,
0.1222,0.058899,0.702583,0.527693,1.0,0.0,0.0,1.0,1.0,1.0,0.724657,0.956701,0.733617,0.185935,2,strange,random,,,
0.464031,0.775893,0.732915,0.735028,0,0,1,1,1,1,0.197974,0.901087,0.185875,0.187818,2,strange,controlled_contrast,stormy_weather,stormy_weather_005,weird_high
0.6348,0.330088,0.025666,0.000241,1.0,0.0,0.0,0.0,0.0,0.0,0.087751,0.216284,0.735397,0.562654,1,warm,random,,,
0.366627,0.76286,0.490121,0.195175,0,0,1,1,1,0,0.20436,0.214157,0.915419,0.204701,3,lonely,controlled_contrast,rainy_room,rainy_room_071,warm_high
0.898869,0.500535,0.6233,0.654336,0.0,1.0,0.0,1.0,1.0,0.0,0.162476,0.220658,0.569132,0.7853,3,lonely,random,,,
0.250692,0.723182,0.90592,0.606715,1.0,0.0,0.0,1.0,1.0,1.0,0.134533,0.209148,0.237873,0.433016,2,strange,random,,,
0.948973,0.305296,0.082113,0.625313,0.0,1.0,0.0,0.0,1.0,0.0,0.386701,0.697617,0.484723,0.294376,3,lonely,random,,,
0.70412,0.268628,0.015835,0.184795,1,0,0,0,0,0,0.185992,0.197196,0.21299,0.917477,3,lonely,controlled_contrast,clear_day,clear_day_045,lonely_high
0.601168,0.531558,0.118042,0.89867,1.0,0.0,0.0,0.0,1.0,0.0,0.439678,0.731006,0.099276,0.276832,2,strange,random,,,
0.19434,0.397366,0.134098,0.333304,0.0,0.0,0.0,0.0,1.0,0.0,0.315195,0.647234,0.221496,0.241298,3,lonely,random,,,
0.355802,0.465924,0.061694,0.000386,1.0,0.0,0.0,0.0,0.0,0.0,0.114809,0.944974,0.670578,0.379759,1,warm,random,,,
0.052056,0.842913,0.567597,0.420011,0.0,0.0,1.0,1.0,1.0,0.0,0.211599,0.620214,0.660374,0.307791,3,lonely,random,,,
0.381194,0.025046,0.00167,0.791375,0.0,0.0,0.0,0.0,0.0,0.0,0.133116,0.708061,0.941607,0.247864,1,warm,random,,,
0.107776,0.458592,0.005587,0.110711,0.0,0.0,0.0,0.0,0.0,0.0,0.446122,0.994453,0.176747,0.07664,2,strange,random,,,
0.384616,0.892673,0.995124,0.328064,1.0,0.0,1.0,1.0,1.0,0.0,0.791133,0.123723,0.660382,0.697794,0,quiet,random,,,
0.215174,0.000609,0.51019,0.024345,1.0,0.0,0.0,1.0,1.0,0.0,0.323706,0.173119,0.447374,0.090225,1,warm,random,,,
0.619797,0.496194,0.753078,0.760706,0.0,0.0,0.0,1.0,1.0,1.0,0.647667,0.627531,0.561095,0.194578,2,strange,random,,,
0.124549,0.101901,0.826915,0.88723,0.0,0.0,0.0,1.0,1.0,1.0,0.596741,0.391801,0.346177,0.350242,2,strange,random,,,
0.605025,0.590831,0.001055,0.034496,1.0,0.0,0.0,0.0,0.0,0.0,0.722628,0.518861,0.580049,0.498084,1,warm,random,,,
0.413827,0.789132,0.449986,0.209663,0,0,1,1,1,0,0.198416,0.198046,0.909315,0.21149,3,lonely,controlled_contrast,rainy_room,rainy_room_026,warm_high
0.486082,0.240775,0.014886,0.215854,1,0,0,0,0,0,0.897936,0.218292,0.20236,0.181829,0,quiet,controlled_contrast,neutral_weather,neutral_weather_049,calm_high
0.981042,0.255209,0.012007,0.819024,0.0,1.0,0.0,0.0,0.0,0.0,0.072437,0.140848,0.749592,0.614205,1,warm,random,,,
0.500285,0.76458,0.742341,0.727005,0,0,1,1,1,1,0.200068,0.901237,0.193256,0.217938,2,strange,controlled_contrast,stormy_weather,stormy_weather_078,weird_high
0.339201,0.115898,0.408295,0.99485,1.0,0.0,0.0,1.0,1.0,0.0,0.142206,0.656746,0.115657,0.081804,2,strange,random,,,
0.281814,0.627831,0.21438,0.893442,0.0,0.0,0.0,1.0,1.0,0.0,0.61242,0.873409,0.510147,0.442546,3,lonely,random,,,
0.141121,0.948981,0.165127,0.414691,1.0,0.0,1.0,0.0,1.0,0.0,0.696184,0.063466,0.232309,0.083253,0,quiet,random,,,
0.730912,0.137233,0.713351,0.183367,1.0,0.0,0.0,1.0,1.0,0.0,0.118518,0.474873,0.412082,0.480518,1,warm,random,,,
0.440165,0.752407,0.486747,0.18134,0,0,1,1,1,0,0.202059,0.188046,0.901675,0.175903,0,quiet,controlled_contrast,rainy_room,rainy_room_001,warm_high
0.45504,0.78367,0.723868,0.744972,0,0,1,1,1,1,0.20378,0.190458,0.178278,0.893164,3,lonely,controlled_contrast,stormy_weather,stormy_weather_075,lonely_high
0.578791,0.945414,0.635055,0.927681,1.0,0.0,1.0,1.0,1.0,0.0,0.861831,0.169578,0.489815,0.41448,0,quiet,random,,,
0.661972,0.583468,0.575182,0.18303,1.0,0.0,0.0,1.0,1.0,0.0,0.166054,0.723803,0.220918,0.842955,3,lonely,random,,,
0.55643,0.127443,0.013399,0.041609,0.0,0.0,0.0,0.0,0.0,0.0,0.249294,0.741183,0.532201,0.246178,1,warm,random,,,
0.310431,0.40618,0.063669,0.406575,1.0,0.0,0.0,0.0,0.0,0.0,0.360983,0.156817,0.533813,0.964104,1,warm,random,,,
0.61173,0.441503,0.122645,0.357293,1.0,0.0,0.0,0.0,1.0,0.0,0.13005,0.380154,0.69388,0.705827,1,warm,random,,,
0.374301,0.444663,0.98031,0.046768,0.0,0.0,0.0,1.0,1.0,0.0,0.599548,0.596622,0.661492,0.221379,0,quiet,random,,,
0.112016,0.053193,0.642776,0.022573,1.0,0.0,0.0,1.0,1.0,0.0,0.473052,0.954718,0.335177,0.73593,0,quiet,random,,,
0.955402,0.236672,0.989929,0.711034,0.0,1.0,0.0,1.0,1.0,1.0,0.471852,0.438002,0.98895,0.440624,2,strange,random,,,
0.702295,0.248502,0.0,0.162723,1,0,0,0,0,0,0.202338,0.902645,0.208552,0.186854,2,strange,controlled_contrast,clear_day,clear_day_057,weird_high
0.263074,0.357453,0.767057,0.920825,0.0,0.0,0.0,1.0,1.0,1.0,0.898404,0.667077,0.446532,0.49549,2,strange,random,,,
0.693344,0.312658,0.453989,0.277982,1.0,0.0,0.0,1.0,1.0,0.0,0.180481,0.382205,0.747993,0.679828,1,warm,random,,,
0.709123,0.19781,0.0,0.162289,1,0,0,0,0,0,0.20268,0.202257,0.217512,0.910819,3,lonely,controlled_contrast,clear_day,clear_day_051,lonely_high
0.65787,0.697336,0.375134,0.003098,1.0,0.0,0.0,1.0,1.0,0.0,0.092678,0.450439,0.506025,0.968044,3,lonely,random,,,
0.037894,0.735352,0.327102,0.617818,0.0,0.0,0.0,1.0,1.0,0.0,0.964715,0.556577,0.183902,0.213367,0,quiet,random,,,
0.421757,0.964893,0.595065,0.901796,1.0,0.0,1.0,1.0,1.0,0.0,0.769084,0.330963,0.601886,0.503888,0,quiet,random,,,
0.301286,0.577355,0.160595,0.017517,1.0,0.0,0.0,0.0,1.0,0.0,0.557865,0.718522,0.07352,0.521184,3,lonely,random,,,
0.134934,0.497604,0.239637,0.263973,1.0,0.0,0.0,1.0,1.0,0.0,0.837967,0.642065,0.214927,0.514548,0,quiet,random,,,
0.711774,0.277146,0.0,0.094904,1,0,0,0,0,0,0.206301,0.912375,0.2057,0.184539,2,strange,controlled_contrast,clear_day,clear_day_026,weird_high
0.772065,0.040299,0.707158,0.113155,0.0,1.0,0.0,1.0,1.0,0.0,0.250134,0.444493,0.635695,0.552722,3,lonely,random,,,
0.166714,0.537731,0.095486,0.75096,1.0,0.0,0.0,0.0,1.0,0.0,0.203869,0.643828,0.522453,0.414521,1,warm,random,,,
0.400459,0.776188,0.440042,0.21102,0,0,1,1,1,0,0.873026,0.199771,0.231471,0.192655,0,quiet,controlled_contrast,rainy_room,rainy_room_003,calm_high
0.56339,0.71418,0.752594,0.978709,1.0,0.0,0.0,1.0,1.0,1.0,0.102621,0.954998,0.598345,0.162803,2,strange,random,,,
0.665419,0.194328,0.292059,0.335699,1.0,0.0,0.0,1.0,1.0,0.0,0.621411,0.741767,0.40066,0.62132,0,quiet,random,,,
0.458036,0.80419,0.708569,0.731029,0,0,1,1,1,1,0.203076,0.227209,0.917113,0.203199,3,lonely,controlled_contrast,stormy_weather,stormy_weather_063,warm_high
0.493636,0.212882,0.020486,0.183015,1,0,0,0,0,0,0.195732,0.203018,0.902189,0.19949,1,warm,controlled_contrast,neutral_weather,neutral_weather_060,warm_high
0.5075,0.259645,0.043628,0.211202,1,0,0,0,0,0,0.202002,0.207604,0.902809,0.201941,1,warm,controlled_contrast,neutral_weather,neutral_weather_063,warm_high
0.515863,0.256474,0.06358,0.23684,1,0,0,0,0,0,0.917323,0.209705,0.215272,0.199936,0,quiet,controlled_contrast,neutral_weather,neutral_weather_062,calm_high
0.514585,0.869504,0.753504,0.523989,1.0,0.0,1.0,1.0,1.0,1.0,0.720003,0.917043,0.168461,0.424515,2,strange,random,,,
0.482733,0.268402,0.061335,0.176731,1,0,0,0,0,0,0.200019,0.905357,0.192879,0.168929,2,strange,controlled_contrast,neutral_weather,neutral_weather_046,weird_high
0.713645,0.241532,0.0,0.135386,1,0,0,0,0,0,0.195575,0.196733,0.206758,0.895354,3,lonely,controlled_contrast,clear_day,clear_day_070,lonely_high
0.725349,0.271179,0.0,0.114892,1,0,0,0,0,0,0.189733,0.204753,0.908901,0.189116,1,warm,controlled_contrast,clear_day,clear_day_060,warm_high
0.704761,0.627489,0.100655,0.000292,1.0,0.0,0.0,0.0,1.0,0.0,0.450892,0.412004,0.575447,0.657909,1,warm,random,,,
0.436283,0.764656,0.46533,0.145394,0,0,1,1,1,0,0.899776,0.186979,0.205208,0.207129,0,quiet,controlled_contrast,rainy_room,rainy_room_035,calm_high
0.725951,0.268081,0.0,0.114973,1,0,0,0,0,0,0.204112,0.202681,0.198254,0.917669,3,lonely,controlled_contrast,clear_day,clear_day_019,lonely_high
0.425655,0.818968,0.482917,0.200169,0,0,1,1,1,0,0.190062,0.191906,0.21025,0.902614,3,lonely,controlled_contrast,rainy_room,rainy_room_021,lonely_high
0.726194,0.996502,0.067187,0.065639,1.0,0.0,1.0,0.0,1.0,0.0,0.5943,0.340841,0.111755,0.225112,0,quiet,random,,,
0.255941,0.666273,0.614756,0.17485,0.0,0.0,0.0,1.0,1.0,0.0,0.146195,0.12077,0.144603,0.609189,3,lonely,random,,,
0.010497,0.161248,0.158706,0.075774,0.0,0.0,0.0,0.0,1.0,0.0,0.05609,0.253503,0.158906,0.525715,3,lonely,random,,,
0.591259,0.132851,0.004809,0.519231,0.0,0.0,0.0,0.0,0.0,0.0,0.266209,0.709035,0.647232,0.607418,3,lonely,random,,,
0.816255,0.348726,0.586163,0.012407,1.0,1.0,0.0,1.0,1.0,0.0,0.125008,0.317148,0.899363,0.631156,1,warm,random,,,
0.205942,0.278974,0.17205,0.869274,1.0,0.0,0.0,0.0,1.0,0.0,0.613465,0.699625,0.936371,0.26371,1,warm,random,,,
0.366625,0.301632,0.727257,0.949773,0.0,0.0,0.0,1.0,1.0,1.0,0.900459,0.619219,0.430846,0.221056,2,strange,random,,,
0.68847,0.281304,0.0,0.196472,1,0,0,0,0,0,0.22373,0.215812,0.891783,0.195069,1,warm,controlled_contrast,clear_day,clear_day_054,warm_high
0.789609,0.964451,0.351875,0.682287,1.0,1.0,1.0,1.0,1.0,0.0,0.268018,0.44413,0.368433,0.724634,1,warm,random,,,
0.552881,0.568101,0.03579,0.460627,0.0,0.0,0.0,0.0,0.0,0.0,0.739715,0.358271,0.70064,0.057958,1,warm,random,,,
0.743309,0.707082,0.256338,0.992224,0.0,0.0,0.0,1.0,1.0,0.0,0.17805,0.303725,0.819332,0.373115,3,lonely,random,,,
0.069384,0.415369,0.523854,0.067405,0.0,0.0,0.0,1.0,1.0,0.0,0.416319,0.406803,0.220038,0.427549,3,lonely,random,,,
0.533668,0.856942,0.061665,0.116499,0,0,1,0,1,0,0.912978,0.217183,0.182484,0.192774,0,quiet,controlled_contrast,humid_night,humid_night_034,calm_high
0.356234,0.538682,0.062886,0.312991,0.0,0.0,0.0,0.0,0.0,0.0,0.702918,0.334722,0.288692,0.492808,3,lonely,random,,,
0.920656,0.119878,0.004295,0.68695,1.0,1.0,0.0,0.0,0.0,0.0,0.563939,0.621949,0.257522,0.722726,1,warm,random,,,
0.541032,0.19082,0.008084,0.034239,0.0,0.0,0.0,0.0,0.0,0.0,0.719095,0.647354,0.452694,0.175059,0,quiet,random,,,
0.268998,0.24144,0.973188,0.800585,1.0,0.0,0.0,1.0,1.0,1.0,0.587917,0.746377,0.561976,0.44934,2,strange,random,,,
0.867629,0.101189,0.227174,0.066037,0.0,1.0,0.0,1.0,1.0,0.0,0.621331,0.932347,0.591018,0.223742,0,quiet,random,,,
0.513581,0.851107,0.069373,0.168077,0,0,1,0,1,0,0.902197,0.175153,0.195667,0.196366,0,quiet,controlled_contrast,humid_night,humid_night_047,calm_high
0.486678,0.587417,0.675238,0.926065,1.0,0.0,0.0,1.0,1.0,1.0,0.926585,0.73696,0.634498,0.552968,2,strange,random,,,
0.222841,0.045867,0.683318,0.890739,1.0,0.0,0.0,1.0,1.0,1.0,0.737806,0.49286,0.433778,0.885381,2,strange,random,,,
0.709024,0.23868,0.0,0.144236,1,0,0,0,0,0,0.187679,0.912293,0.224965,0.181137,1,warm,controlled_contrast,clear_day,clear_day_011,weird_high
0.693365,0.652834,0.909027,0.993024,1.0,0.0,0.0,1.0,1.0,1.0,0.637518,0.37177,0.421733,0.303153,2,strange,random,,,
0.690393,0.448763,2.3e-05,0.820391,0.0,0.0,0.0,0.0,0.0,0.0,0.66942,0.120707,0.401217,0.720838,3,lonely,random,,,
0.330588,0.056983,0.888136,0.250919,1.0,0.0,0.0,1.0,1.0,0.0,0.186674,0.660219,0.694136,0.598756,1,warm,random,,,
0.537632,0.981488,0.019251,0.00353,1.0,0.0,1.0,0.0,1.0,0.0,0.993523,0.689095,0.646054,0.442923,0,quiet,random,,,
0.470752,0.819737,0.106268,0.150886,0,0,1,0,1,0,0.188935,0.198265,0.89862,0.184076,3,lonely,controlled_contrast,humid_night,humid_night_039,warm_high
0.99028,0.20845,0.472842,0.038688,1.0,1.0,0.0,1.0,1.0,0.0,0.187721,0.347065,0.772698,0.652119,1,warm,random,,,
0.371499,0.808359,0.43389,0.193671,0,0,1,1,1,0,0.910685,0.198378,0.211617,0.185583,0,quiet,controlled_contrast,rainy_room,rainy_room_017,calm_high
0.412162,0.807751,0.768984,0.755181,0,0,1,1,1,1,0.1983,0.214228,0.197719,0.897373,3,lonely,controlled_contrast,stormy_weather,stormy_weather_041,lonely_high
0.319932,0.392507,0.142642,0.772276,0.0,0.0,0.0,0.0,1.0,0.0,0.682732,0.255764,0.240733,0.896533,3,lonely,random,,,
0.643213,0.444683,0.122635,0.837552,1.0,0.0,0.0,0.0,1.0,0.0,0.62495,0.968423,0.224694,0.676086,2,strange,random,,,
0.077668,0.393388,0.065464,0.057775,0.0,0.0,0.0,0.0,0.0,0.0,0.563446,0.449671,0.540846,0.722758,3,lonely,random,,,
0.151144,0.201812,0.69511,0.877698,1.0,0.0,0.0,1.0,1.0,1.0,0.342926,0.615836,0.797207,0.496674,2,strange,random,,,
0.412099,0.783001,0.68509,0.72673,0,0,1,1,1,1,0.893049,0.199573,0.209134,0.188505,0,quiet,controlled_contrast,stormy_weather,stormy_weather_072,calm_high
0.777727,0.086206,0.557647,0.065039,0.0,1.0,0.0,1.0,1.0,0.0,0.642386,0.92943,0.576282,0.439159,0,quiet,random,,,
0.165106,0.134535,0.332655,0.910569,0.0,0.0,0.0,1.0,1.0,0.0,0.448558,0.84962,0.489271,0.126154,2,strange,random,,,
0.212923,0.610618,0.517449,0.007308,0.0,0.0,0.0,1.0,1.0,0.0,0.9864,0.728447,0.301307,0.352351,0,quiet,random,,,
0.668625,0.947689,0.618966,0.408555,1.0,0.0,1.0,1.0,1.0,0.0,0.331151,0.832129,0.716744,0.250359,0,quiet,random,,,
0.875036,0.279472,0.354626,0.066758,0.0,1.0,0.0,1.0,1.0,0.0,0.812811,0.084982,0.084865,0.636446,3,lonely,random,,,
0.459863,0.957922,0.870777,0.322293,1.0,0.0,1.0,1.0,1.0,0.0,0.732519,0.622901,0.085357,0.373511,0,quiet,random,,,
0.310067,0.958325,0.728495,0.978332,1.0,0.0,1.0,1.0,1.0,1.0,0.747892,0.497367,0.2524,0.611361,0,quiet,random,,,
0.385439,0.418337,0.033211,0.197165,1.0,0.0,0.0,0.0,0.0,0.0,0.65316,0.089384,0.102607,0.583606,0,quiet,random,,,
0.992142,0.531495,0.864115,0.780496,0.0,1.0,0.0,1.0,1.0,1.0,0.791439,0.267706,0.491861,0.341665,0,quiet,random,,,
0.9005,0.54905,0.66219,0.186489,1.0,1.0,0.0,1.0,1.0,0.0,0.647426,0.217083,0.281234,0.105377,0,quiet,random,,,
0.503834,0.862312,0.130386,0.134107,0,0,1,0,1,0,0.203569,0.882585,0.215869,0.202282,3,lonely,controlled_contrast,humid_night,humid_night_031,weird_high
0.412287,0.503502,0.673798,0.480596,1.0,0.0,0.0,1.0,1.0,1.0,0.382982,0.760132,0.190525,0.258136,2,strange,random,,,
0.987871,0.690471,0.119087,0.903156,1.0,1.0,0.0,0.0,1.0,0.0,0.605138,0.051687,0.962161,0.392303,1,warm,random,,,
0.657544,0.162403,0.678543,0.693147,1.0,0.0,0.0,1.0,1.0,1.0,0.533976,0.820565,0.674662,0.207468,2,strange,random,,,
0.640139,0.427447,0.73888,0.867156,1.0,0.0,0.0,1.0,1.0,1.0,0.179443,0.275642,0.080855,0.18541,2,strange,random,,,
0.676882,0.623026,0.193943,0.492525,1.0,0.0,0.0,0.0,1.0,0.0,0.613822,0.657004,0.88687,0.567139,1,warm,random,,,
0.890651,0.696148,0.687809,0.587322,1.0,1.0,0.0,1.0,1.0,1.0,0.19582,0.63,0.561533,0.70514,2,strange,random,,,
0.707244,0.286615,0.0,0.133347,1,0,0,0,0,0,0.215683,0.897476,0.192797,0.192665,2,strange,controlled_contrast,clear_day,clear_day_071,weird_high
0.659932,0.793039,0.198591,0.027052,1.0,0.0,1.0,0.0,1.0,0.0,0.281584,0.428413,0.522454,0.351129,1,warm,random,,,
0.054041,0.088462,0.033159,0.493094,1.0,0.0,0.0,0.0,0.0,0.0,0.219671,0.617327,0.313446,0.534533,1,warm,random,,,
0.496625,0.298095,0.0507,0.149252,1,0,0,0,0,0,0.200595,0.192216,0.879586,0.211919,1,warm,controlled_contrast,neutral_weather,neutral_weather_079,warm_high
0.250171,0.488467,0.002235,0.550992,1.0,0.0,0.0,0.0,0.0,0.0,0.486348,0.794407,0.207867,0.299044,2,strange,random,,,
0.652882,0.707001,0.888755,0.173313,1.0,0.0,0.0,1.0,1.0,0.0,0.313139,0.462401,0.106188,0.70665,3,lonely,random,,,
0.631449,0.059044,0.742784,0.536679,1.0,0.0,0.0,1.0,1.0,1.0,0.464421,0.461984,0.103106,0.382102,2,strange,random,,,
0.673759,0.334684,0.073892,0.315353,0.0,0.0,0.0,0.0,0.0,0.0,0.084762,0.99122,0.620147,0.23645,2,strange,random,,,
0.434668,0.050694,0.00011,0.491489,0.0,0.0,0.0,0.0,0.0,0.0,0.590667,0.389284,0.80333,0.450897,1,warm,random,,,
0.006585,0.867492,0.976452,0.857297,1.0,0.0,1.0,1.0,1.0,1.0,0.418892,0.568986,0.202698,0.763189,2,strange,random,,,
0.467056,0.915449,0.955918,0.141283,1.0,0.0,1.0,1.0,1.0,0.0,0.325865,0.341039,0.133017,0.216639,0,quiet,random,,,
0.152823,0.926446,0.958712,0.59243,1.0,0.0,1.0,1.0,1.0,1.0,0.290096,0.650741,0.215412,0.381733,2,strange,random,,,
0.595796,0.613598,0.083756,0.205313,1.0,0.0,0.0,0.0,1.0,0.0,0.419689,0.342168,0.050779,0.640007,3,lonely,random,,,
0.586569,0.653927,0.906695,0.157343,0.0,0.0,0.0,1.0,1.0,0.0,0.427373,0.130756,0.644872,0.711264,3,lonely,random,,,
0.701652,0.263011,0.0,0.111952,1,0,0,0,0,0,0.187898,0.895631,0.188894,0.195256,2,strange,controlled_contrast,clear_day,clear_day_005,weird_high
0.196249,0.2345,0.039978,0.781413,0.0,0.0,0.0,0.0,0.0,0.0,0.740812,0.463341,0.391634,0.129646,0,quiet,random,,,
0.82567,0.804962,0.206565,0.168321,1.0,1.0,1.0,1.0,1.0,0.0,0.116837,0.078204,0.064807,0.642828,3,lonely,random,,,
0.470735,0.840353,0.056846,0.079983,0,0,1,0,1,0,0.919847,0.206018,0.208353,0.19698,0,quiet,controlled_contrast,humid_night,humid_night_003,calm_high
0.494598,0.815122,0.070217,0.141331,0,0,1,0,1,0,0.906269,0.204929,0.199298,0.195517,0,quiet,controlled_contrast,humid_night,humid_night_063,calm_high
0.722891,0.450843,0.512556,0.532075,1.0,0.0,0.0,1.0,1.0,0.0,0.436141,0.804497,0.432576,0.300754,0,quiet,random,,,
0.181841,0.167089,0.000132,0.106173,0.0,0.0,0.0,0.0,0.0,0.0,0.1883,0.694369,0.183268,0.058007,2,strange,random,,,
0.017894,0.610479,0.773259,0.964012,1.0,0.0,0.0,1.0,1.0,1.0,0.448788,0.664273,0.664755,0.60965,2,strange,random,,,
0.828176,0.941951,0.862658,0.609598,1.0,1.0,1.0,1.0,1.0,1.0,0.380484,0.694814,0.338623,0.523281,2,strange,random,,,
0.962741,0.753945,0.834357,0.964126,1.0,1.0,1.0,1.0,1.0,1.0,0.793886,0.079067,0.313345,0.149452,0,quiet,random,,,
0.692322,0.4788,0.285494,0.160437,1.0,0.0,0.0,1.0,1.0,0.0,0.732633,0.797351,0.607581,0.492775,0,quiet,random,,,
0.902982,0.144734,0.023867,0.91444,1.0,1.0,0.0,0.0,0.0,0.0,0.362516,0.800245,0.696641,0.384272,1,warm,random,,,
0.484624,0.825698,0.090672,0.139599,0,0,1,0,1,0,0.224854,0.196129,0.908063,0.212513,3,lonely,controlled_contrast,humid_night,humid_night_037,warm_high
0.030115,0.383299,0.116179,0.090906,1.0,0.0,0.0,0.0,1.0,0.0,0.388237,0.915801,0.229531,0.505714,3,lonely,random,,,
0.536909,0.871229,0.40284,0.500067,1.0,0.0,1.0,1.0,1.0,0.0,0.514484,0.676291,0.991212,0.582018,1,warm,random,,,
0.483969,0.234557,0.788675,0.62517,1.0,0.0,0.0,1.0,1.0,1.0,0.066407,0.24949,0.109084,0.542161,2,strange,random,,,
0.847015,0.259699,3e-06,0.818242,0.0,1.0,0.0,0.0,0.0,0.0,0.816285,0.124867,0.073548,0.146215,0,quiet,random,,,
0.384775,0.221756,0.336364,0.027611,1.0,0.0,0.0,1.0,1.0,0.0,0.432934,0.137899,0.407809,0.066662,0,quiet,random,,,
0.209989,0.475759,0.647775,0.628599,1.0,0.0,0.0,1.0,1.0,0.0,0.467405,0.267461,0.530106,0.139598,1,warm,random,,,
0.761347,0.264513,0.048145,0.169051,1,0,0,0,0,0,0.210015,0.200353,0.895127,0.197827,1,warm,controlled_contrast,clear_day,clear_day_059,warm_high
0.11035,0.044338,0.052777,0.302256,0.0,0.0,0.0,0.0,0.0,0.0,0.065627,0.759614,0.465362,0.300778,2,strange,random,,,
0.069069,0.314468,0.452317,0.665578,1.0,0.0,0.0,1.0,1.0,0.0,0.65041,0.130462,0.547462,0.073445,0,quiet,random,,,
0.423416,0.819785,0.057776,0.13356,0,0,1,0,1,0,0.208326,0.200679,0.201324,0.877992,3,lonely,controlled_contrast,humid_night,humid_night_029,lonely_high
0.422902,0.672982,0.387979,0.269369,1.0,0.0,0.0,1.0,1.0,0.0,0.753609,0.072731,0.499273,0.52666,0,quiet,random,,,
0.589333,0.019764,0.813739,0.810966,1.0,0.0,0.0,1.0,1.0,1.0,0.209605,0.06666,0.220915,0.589028,2,strange,random,,,
0.953985,0.039838,0.006743,0.08308,0.0,1.0,0.0,0.0,0.0,0.0,0.106476,0.929508,0.230371,0.265599,2,strange,random,,,
0.28462,0.12763,0.953369,0.909859,1.0,0.0,0.0,1.0,1.0,1.0,0.647327,0.710596,0.538563,0.222242,2,strange,random,,,
0.246003,0.486863,0.00523,0.823714,0.0,0.0,0.0,0.0,0.0,0.0,0.423204,0.157737,0.370368,0.525397,3,lonely,random,,,
0.530918,0.931229,0.813948,0.922636,1.0,0.0,1.0,1.0,1.0,1.0,0.251601,0.893127,0.640082,0.416038,2,strange,random,,,
0.435284,0.263148,0.053735,0.220091,1,0,0,0,0,0,0.184094,0.202015,0.882468,0.200967,1,warm,controlled_contrast,neutral_weather,neutral_weather_026,warm_high
0.502421,0.975478,0.937358,0.583824,1.0,0.0,1.0,1.0,1.0,1.0,0.249786,0.590907,0.130071,0.39093,2,strange,random,,,
0.684916,0.776923,0.307663,0.873925,1.0,0.0,1.0,1.0,1.0,0.0,0.202848,0.601115,0.421597,0.354537,0,quiet,random,,,
0.982326,0.929018,0.32176,0.676469,0.0,1.0,1.0,1.0,1.0,0.0,0.535165,0.512258,0.22155,0.734433,3,lonely,random,,,
0.169915,0.290981,0.354149,0.189904,0.0,0.0,0.0,1.0,1.0,0.0,0.789235,0.369314,0.269233,0.293212,0,quiet,random,,,
0.041627,0.07369,0.018723,0.032891,0.0,0.0,0.0,0.0,0.0,0.0,0.670388,0.732168,0.467518,0.182735,0,quiet,random,,,
0.451931,0.264526,0.0,0.20531,1,0,0,0,0,0,0.191076,0.202435,0.199946,0.907213,3,lonely,controlled_contrast,neutral_weather,neutral_weather_002,lonely_high
0.602859,0.214884,0.61602,0.610534,1.0,0.0,0.0,1.0,1.0,0.0,0.739461,0.621863,0.746368,0.33642,0,quiet,random,,,
0.154346,0.092851,0.31622,0.760466,0.0,0.0,0.0,1.0,1.0,0.0,0.482662,0.663591,0.318621,0.462783,3,lonely,random,,,
0.224664,0.493594,0.420409,0.842117,1.0,0.0,0.0,1.0,1.0,0.0,0.505678,0.605745,0.42385,0.075146,0,quiet,random,,,
0.83674,0.616858,0.059428,0.285062,1.0,1.0,0.0,0.0,0.0,0.0,0.570642,0.181839,0.351622,0.09222,1,warm,random,,,
0.54309,0.024607,0.0,0.068914,0.0,0.0,0.0,0.0,0.0,0.0,0.920435,0.216218,0.085118,0.203929,0,quiet,random,,,
0.941507,0.218301,0.926177,0.552594,1.0,1.0,0.0,1.0,1.0,1.0,0.758259,0.535595,0.225845,0.357801,2,strange,random,,,
0.474064,0.222754,0.049796,0.203775,1,0,0,0,0,0,0.179875,0.204243,0.192751,0.894438,3,lonely,controlled_contrast,neutral_weather,neutral_weather_021,lonely_high
0.148563,0.133892,0.719833,0.894534,1.0,0.0,0.0,1.0,1.0,1.0,0.839565,0.445656,0.119212,0.476728,2,strange,random,,,
0.25227,0.743619,0.622748,0.495397,1.0,0.0,0.0,1.0,1.0,0.0,0.736987,0.792757,0.374005,0.314346,0,quiet,random,,,
0.900899,0.654729,0.768925,0.011173,1.0,1.0,0.0,1.0,1.0,0.0,0.092169,0.931623,0.680609,0.416739,1,warm,random,,,
0.744488,0.271266,0.059862,0.099788,1,0,0,0,0,0,0.897436,0.21012,0.213449,0.205856,0,quiet,controlled_contrast,clear_day,clear_day_044,calm_high
0.464257,0.79933,0.737517,0.713493,0,0,1,1,1,1,0.882954,0.184039,0.209147,0.21131,0,quiet,controlled_contrast,stormy_weather,stormy_weather_001,calm_high
0.604197,0.592952,0.292951,0.665402,1.0,0.0,0.0,1.0,1.0,0.0,0.270807,0.443163,0.960137,0.67135,1,warm,random,,,
0.353851,0.763716,0.477143,0.158254,0,0,1,1,1,0,0.197354,0.198703,0.211744,0.888422,3,lonely,controlled_contrast,rainy_room,rainy_room_016,lonely_high
0.299634,0.545643,0.232986,0.749319,0.0,0.0,0.0,1.0,1.0,0.0,0.230492,0.52592,0.062095,0.094643,3,lonely,random,,,
0.756382,0.267416,0.002126,0.170955,1,0,0,0,0,0,0.192412,0.200195,0.911548,0.195677,1,warm,controlled_contrast,clear_day,clear_day_053,warm_high
0.489365,0.775133,0.735368,0.715609,0,0,1,1,1,1,0.210522,0.208528,0.194744,0.915764,3,lonely,controlled_contrast,stormy_weather,stormy_weather_068,lonely_high
0.989328,0.714201,0.15606,0.007156,0.0,1.0,0.0,0.0,1.0,0.0,0.090104,0.506414,0.279637,0.27703,3,lonely,random,,,
0.369385,0.301941,0.266761,0.170217,1.0,0.0,0.0,1.0,1.0,0.0,0.609006,0.686279,0.199397,0.185479,0,quiet,random,,,
0.036542,0.046943,0.494174,0.749747,0.0,0.0,0.0,1.0,1.0,0.0,0.489812,0.620361,0.735783,0.55469,3,lonely,random,,,
0.674584,0.224987,0.003632,0.150768,1,0,0,0,0,0,0.893211,0.201002,0.210461,0.217663,0,quiet,controlled_contrast,clear_day,clear_day_034,calm_high
0.657385,0.22358,0.189991,0.369639,1.0,0.0,0.0,0.0,1.0,0.0,0.150254,0.217277,0.517769,0.750997,1,warm,random,,,
0.940443,0.470353,0.225314,0.479819,0.0,1.0,0.0,1.0,1.0,0.0,0.747576,0.573351,0.352525,0.351918,0,quiet,random,,,
0.954947,0.449322,0.717072,0.370197,0.0,1.0,0.0,1.0,1.0,0.0,0.192934,0.706962,0.824615,0.273652,1,warm,random,,,
0.673403,0.270467,0.0,0.147069,1,0,0,0,0,0,0.198764,0.909411,0.210656,0.207814,2,strange,controlled_contrast,clear_day,clear_day_014,weird_high
0.519445,0.157605,0.526184,0.209513,1.0,0.0,0.0,1.0,1.0,0.0,0.746832,0.062683,0.383332,0.577028,0,quiet,random,,,
0.699667,0.185119,0.001511,0.585243,0.0,0.0,0.0,0.0,0.0,0.0,0.415648,0.967699,0.137275,0.698311,3,lonely,random,,,
0.986012,0.981545,0.236885,0.71349,0.0,1.0,1.0,1.0,1.0,0.0,0.104797,0.130156,0.942173,0.677757,3,lonely,random,,,
0.58751,0.110001,0.727621,0.66961,0.0,0.0,0.0,1.0,1.0,1.0,0.964719,0.680619,0.554411,0.735291,2,strange,random,,,
0.517733,0.229921,0.05537,0.193543,1,0,0,0,0,0,0.195887,0.198622,0.888243,0.202392,1,warm,controlled_contrast,neutral_weather,neutral_weather_072,warm_high
0.940268,0.769982,0.903851,0.965883,0.0,1.0,1.0,1.0,1.0,1.0,0.499448,0.733378,0.641212,0.665882,2,strange,random,,,
0.317025,0.67983,0.659874,0.467522,0.0,0.0,0.0,1.0,1.0,1.0,0.078299,0.411437,0.57081,0.403168,3,lonely,random,,,
0.8711,0.793056,0.99579,0.029498,1.0,1.0,1.0,1.0,1.0,0.0,0.653052,0.236034,0.872352,0.37892,0,quiet,random,,,
0.895347,0.192132,0.622623,0.147009,0.0,1.0,0.0,1.0,1.0,0.0,0.636342,0.873977,0.187349,0.2448,0,quiet,random,,,
0.434239,0.834316,0.668491,0.723938,0,0,1,1,1,1,0.20666,0.189057,0.902281,0.182422,3,lonely,controlled_contrast,stormy_weather,stormy_weather_054,warm_high
0.450257,0.803023,0.472434,0.211046,0,0,1,1,1,0,0.92616,0.194903,0.194456,0.204837,0,quiet,controlled_contrast,rainy_room,rainy_room_036,calm_high
0.089857,0.545144,0.011455,0.520337,1.0,0.0,0.0,0.0,0.0,0.0,0.858157,0.297169,0.65516,0.191056,1,warm,random,,,
0.517771,0.819327,0.07495,0.101074,0,0,1,0,1,0,0.213943,0.907806,0.190727,0.204014,3,lonely,controlled_contrast,humid_night,humid_night_061,weird_high
0.481665,0.241498,0.021996,0.219141,1,0,0,0,0,0,0.197285,0.905924,0.189415,0.187341,2,strange,controlled_contrast,neutral_weather,neutral_weather_057,weird_high
0.112087,0.912937,0.967556,0.22459,0.0,0.0,1.0,1.0,1.0,0.0,0.73248,0.717371,0.315344,0.659329,3,lonely,random,,,
0.342698,0.154748,0.002336,0.189088,0.0,0.0,0.0,0.0,0.0,0.0,0.257352,0.235134,0.82754,0.134669,1,warm,random,,,
0.489782,0.845374,0.058039,0.131533,0,0,1,0,1,0,0.209162,0.199296,0.220602,0.911683,3,lonely,controlled_contrast,humid_night,humid_night_044,lonely_high
0.286747,0.626276,0.617859,0.087724,1.0,0.0,0.0,1.0,1.0,0.0,0.278927,0.53521,0.948374,0.415448,1,warm,random,,,
0.213229,0.599737,0.907649,0.920505,0.0,0.0,0.0,1.0,1.0,1.0,0.686229,0.555662,0.27369,0.500317,2,strange,random,,,
0.355777,0.72849,0.176728,0.210088,0.0,0.0,0.0,0.0,1.0,0.0,0.303231,0.347818,0.12103,0.807522,3,lonely,random,,,
0.681148,0.303922,0.004755,0.768409,0.0,0.0,0.0,0.0,0.0,0.0,0.153775,0.117784,0.128901,0.175123,3,lonely,random,,,
0.795319,0.356713,0.021287,0.830456,1.0,1.0,0.0,0.0,0.0,0.0,0.340004,0.504325,0.520876,0.580203,1,warm,random,,,
0.920151,0.21996,0.702314,0.985651,1.0,1.0,0.0,1.0,1.0,1.0,0.745105,0.468889,0.49713,0.321481,2,strange,random,,,
0.309515,0.321663,0.05186,0.193393,1.0,0.0,0.0,0.0,0.0,0.0,0.166048,0.138824,0.156087,0.160156,1,warm,random,,,
0.5842,0.315081,0.035652,0.727043,1.0,0.0,0.0,0.0,0.0,0.0,0.429317,0.73714,0.1261,0.464266,2,strange,random,,,
0.622619,0.497943,0.016907,0.130125,0.0,0.0,0.0,0.0,0.0,0.0,0.430064,0.370291,0.454064,0.417087,3,lonely,random,,,
0.082043,0.285766,0.114175,0.202797,1.0,0.0,0.0,0.0,1.0,0.0,0.306275,0.199425,0.571754,0.124897,1,warm,random,,,
0.145515,0.879221,0.014703,0.209191,0.0,0.0,1.0,0.0,1.0,0.0,0.654486,0.698921,0.276205,0.756907,3,lonely,random,,,
0.202631,0.562854,0.334742,0.708107,1.0,0.0,0.0,1.0,1.0,0.0,0.610549,0.698598,0.614366,0.747961,1,warm,random,,,
0.978805,0.220812,0.031495,0.64089,1.0,1.0,0.0,0.0,0.0,0.0,0.363057,0.246842,0.728202,0.198605,1,warm,random,,,
0.294069,0.456173,0.008731,0.450106,1.0,0.0,0.0,0.0,0.0,0.0,0.981685,0.263927,0.427848,0.124461,1,warm,random,,,
0.840472,0.594287,0.110896,0.004137,1.0,1.0,0.0,0.0,1.0,0.0,0.516335,0.322208,0.1817,0.079845,1,warm,random,,,
0.062359,0.904848,0.034258,0.56097,1.0,0.0,1.0,0.0,0.0,0.0,0.729349,0.369496,0.228085,0.708965,0,quiet,random,,,
0.177907,0.472709,0.799505,0.897448,1.0,0.0,0.0,1.0,1.0,1.0,0.294745,0.726874,0.244919,0.53702,2,strange,random,,,
0.398291,0.779289,0.498305,0.174375,0,0,1,1,1,0,0.202209,0.88689,0.199619,0.199447,3,lonely,controlled_contrast,rainy_room,rainy_room_014,weird_high
0.777792,0.078357,0.912927,0.595466,1.0,1.0,0.0,1.0,1.0,1.0,0.901051,0.705153,0.376493,0.520098,2,strange,random,,,
0.758623,0.510568,0.007177,0.934665,0.0,1.0,0.0,0.0,0.0,0.0,0.436352,0.249721,0.666112,0.463186,1,warm,random,,,
0.306239,0.771336,0.002341,0.078739,1.0,0.0,1.0,0.0,1.0,0.0,0.314832,0.478767,0.327808,0.403336,1,warm,random,,,
0.424144,0.799289,0.768797,0.696829,0,0,1,1,1,1,0.900215,0.187118,0.196006,0.223665,0,quiet,controlled_contrast,stormy_weather,stormy_weather_076,calm_high
0.667502,0.498689,0.027019,0.288335,0.0,0.0,0.0,0.0,0.0,0.0,0.487595,0.867057,0.326791,0.173567,2,strange,random,,,
0.638938,0.395162,0.860538,0.887335,0.0,0.0,0.0,1.0,1.0,1.0,0.490524,0.089108,0.289194,0.120053,2,strange,random,,,
0.365161,0.597617,0.868715,0.731097,0.0,0.0,0.0,1.0,1.0,1.0,0.594114,0.778131,0.632309,0.249656,2,strange,random,,,
0.224681,0.848217,0.782194,0.081072,1.0,0.0,1.0,1.0,1.0,0.0,0.639833,0.79115,0.545609,0.424363,0,quiet,random,,,
0.285877,0.890256,0.158201,0.008133,0.0,0.0,1.0,0.0,1.0,0.0,0.273232,0.128319,0.309009,0.284946,3,lonely,random,,,
0.430898,0.771708,0.480983,0.191125,0,0,1,1,1,0,0.178813,0.215015,0.910584,0.182813,3,lonely,controlled_contrast,rainy_room,rainy_room_042,warm_high
0.554774,0.036527,0.045755,0.521695,0.0,0.0,0.0,0.0,0.0,0.0,0.520296,0.691997,0.106138,0.577055,3,lonely,random,,,
0.736665,0.540133,0.000383,0.55664,1.0,0.0,0.0,0.0,0.0,0.0,0.429086,0.262959,0.428607,0.122818,1,warm,random,,,
0.487009,0.582567,0.580381,0.615129,1.0,0.0,0.0,1.0,1.0,0.0,0.602367,0.373432,0.522585,0.61716,0,quiet,random,,,
0.691871,0.976237,0.599453,0.072999,0.0,0.0,1.0,1.0,1.0,0.0,0.456208,0.204763,0.773099,0.241945,0,quiet,random,,,
0.596555,0.212974,0.874594,0.386987,0.0,0.0,0.0,1.0,1.0,0.0,0.741229,0.34593,0.858057,0.503325,0,quiet,random,,,
0.809159,0.12149,0.987054,0.273491,0.0,1.0,0.0,1.0,1.0,0.0,0.291683,0.398199,0.825516,0.303101,1,warm,random,,,
0.610878,0.617379,0.21548,0.720047,1.0,0.0,0.0,1.0,1.0,0.0,0.57027,0.997814,0.381131,0.599612,2,strange,random,,,
0.363821,0.448512,0.083002,0.045613,0.0,0.0,0.0,0.0,1.0,0.0,0.795145,0.1445,0.672312,0.461349,3,lonely,random,,,
0.977216,0.519016,0.717325,0.818241,1.0,1.0,0.0,1.0,1.0,1.0,0.588986,0.404503,0.382889,0.518472,2,strange,random,,,
0.260571,0.087911,0.805778,0.630369,1.0,0.0,0.0,1.0,1.0,1.0,0.200402,0.475519,0.461196,0.638547,2,strange,random,,,
0.598267,0.435019,0.823973,0.941656,1.0,0.0,0.0,1.0,1.0,1.0,0.179604,0.693799,0.6293,0.186898,2,strange,random,,,
0.801345,0.015654,0.824074,0.224243,1.0,1.0,0.0,1.0,1.0,0.0,0.305102,0.669583,0.441974,0.370356,1,warm,random,,,
0.272236,0.365507,0.082031,0.426708,1.0,0.0,0.0,0.0,1.0,0.0,0.61682,0.425101,0.11746,0.563611,3,lonely,random,,,
0.376527,0.231607,0.401226,0.910642,0.0,0.0,0.0,1.0,1.0,0.0,0.219575,0.685618,0.518026,0.709577,3,lonely,random,,,
0.27255,0.082899,0.804886,0.180779,0.0,0.0,0.0,1.0,1.0,0.0,0.297252,0.547849,0.245672,0.823623,3,lonely,random,,,
0.735159,0.379752,0.766426,0.653335,0.0,0.0,0.0,1.0,1.0,1.0,0.130362,0.155421,0.324227,0.089312,2,strange,random,,,
0.725537,0.15536,0.723096,0.645878,0.0,0.0,0.0,1.0,1.0,1.0,0.457078,0.571537,0.121504,0.132696,2,strange,random,,,
0.856419,0.495045,0.853135,0.68272,0.0,1.0,0.0,1.0,1.0,1.0,0.601413,0.985542,0.097049,0.455126,2,strange,random,,,
0.848898,0.110821,0.195765,0.739287,1.0,1.0,0.0,0.0,1.0,0.0,0.316026,0.817154,0.299684,0.689223,1,warm,random,,,
0.538305,0.415537,0.247874,0.744837,0.0,0.0,0.0,1.0,1.0,0.0,0.696877,0.389775,0.342771,0.172128,0,quiet,random,,,
0.392426,0.18699,0.889932,0.587907,1.0,0.0,0.0,1.0,1.0,1.0,0.090121,0.684905,0.700917,0.919729,2,strange,random,,,
0.505224,0.284184,0.078797,0.189166,1,0,0,0,0,0,0.17689,0.180578,0.904417,0.187075,1,warm,controlled_contrast,neutral_weather,neutral_weather_014,warm_high
0.778496,0.006793,0.31377,0.398416,1.0,1.0,0.0,1.0,1.0,0.0,0.39125,0.573922,0.446345,0.511266,1,warm,random,,,
0.568388,0.875558,0.389882,0.488957,1.0,0.0,1.0,1.0,1.0,0.0,0.687172,0.997151,0.228373,0.43579,0,quiet,random,,,
0.866701,0.0161,0.318929,0.503928,0.0,1.0,0.0,1.0,1.0,0.0,0.083737,0.199351,0.549541,0.946953,3,lonely,random,,,
0.225274,0.105377,0.0167,0.038548,0.0,0.0,0.0,0.0,0.0,0.0,0.226718,0.926438,0.344613,0.211354,2,strange,random,,,
0.444417,0.767875,0.679867,0.747214,0,0,1,1,1,1,0.205917,0.184151,0.87988,0.210294,3,lonely,controlled_contrast,stormy_weather,stormy_weather_028,warm_high
0.478682,0.253479,0.015593,0.187928,1,0,0,0,0,0,0.194445,0.201578,0.220099,0.903189,3,lonely,controlled_contrast,neutral_weather,neutral_weather_025,lonely_high
0.531019,0.268757,0.073058,0.223145,1,0,0,0,0,0,0.890304,0.201702,0.20359,0.227361,0,quiet,controlled_contrast,neutral_weather,neutral_weather_074,calm_high
0.394109,0.589531,0.71972,0.069206,0.0,0.0,0.0,1.0,1.0,0.0,0.718039,0.093278,0.117071,0.522841,3,lonely,random,,,
0.675524,0.325831,0.0,0.138338,1,0,0,0,0,0,0.191292,0.899726,0.213166,0.176463,1,warm,controlled_contrast,clear_day,clear_day_013,weird_high
0.481095,0.874282,0.055512,0.133995,0,0,1,0,1,0,0.200707,0.191862,0.904627,0.193486,3,lonely,controlled_contrast,humid_night,humid_night_079,warm_high
0.546063,0.850126,0.283776,0.19074,0.0,0.0,1.0,1.0,1.0,0.0,0.524811,0.626449,0.691109,0.409488,0,quiet,random,,,
0.698079,0.392637,0.645928,0.348436,1.0,0.0,0.0,1.0,1.0,0.0,0.25845,0.298954,0.856901,0.247522,1,warm,random,,,
0.231978,0.158237,0.798397,0.28422,1.0,0.0,0.0,1.0,1.0,0.0,0.583155,0.41915,0.708837,0.210667,0,quiet,random,,,
0.980925,0.532359,0.077219,0.094546,0.0,1.0,0.0,0.0,0.0,0.0,0.505421,0.696651,0.255122,0.317835,3,lonely,random,,,
0.434589,0.815336,0.07522,0.097036,0,0,1,0,1,0,0.195555,0.888758,0.191267,0.22296,3,lonely,controlled_contrast,humid_night,humid_night_072,weird_high
0.474633,0.840555,0.03555,0.100491,0,0,1,0,1,0,0.211717,0.184091,0.214456,0.900111,3,lonely,controlled_contrast,humid_night,humid_night_006,lonely_high
0.101187,0.06756,0.022238,0.080622,0.0,0.0,0.0,0.0,0.0,0.0,0.534079,0.958578,0.695788,0.382834,2,strange,random,,,
0.423416,0.819785,0.057776,0.13356,0,0,1,0,1,0,0.189088,0.199588,0.870811,0.2005,3,lonely,controlled_contrast,humid_night,humid_night_029,warm_high
0.874002,0.596665,0.127218,0.004132,0.0,1.0,0.0,0.0,1.0,0.0,0.221793,0.300813,0.174321,0.607022,3,lonely,random,,,
0.313883,0.393718,0.066675,0.568354,0.0,0.0,0.0,0.0,0.0,0.0,0.838506,0.362936,0.498383,0.111419,0,quiet,random,,,
0.433152,0.783172,0.473817,0.18463,0,0,1,1,1,0,0.195703,0.198219,0.183667,0.89323,3,lonely,controlled_contrast,rainy_room,rainy_room_015,lonely_high
0.416672,0.789172,0.447781,0.172596,0,0,1,1,1,0,0.209159,0.9217,0.191313,0.202414,3,lonely,controlled_contrast,rainy_room,rainy_room_027,weird_high
0.480821,0.172919,0.536009,0.908934,1.0,0.0,0.0,1.0,1.0,0.0,0.192077,0.812646,0.132185,0.261122,2,strange,random,,,
0.667289,0.117309,0.665552,0.975079,0.0,0.0,0.0,1.0,1.0,1.0,0.247708,0.166182,0.572587,0.244489,2,strange,random,,,
0.616194,0.258718,0.358552,0.985815,1.0,0.0,0.0,1.0,1.0,0.0,0.486092,0.155164,0.378989,0.148103,0,quiet,random,,,
0.818313,0.346719,0.04937,0.252333,0.0,1.0,0.0,0.0,0.0,0.0,0.38664,0.080582,0.795128,0.276099,1,warm,random,,,
0.496347,0.342426,0.009107,0.159567,1.0,0.0,0.0,0.0,0.0,0.0,0.667907,0.092419,0.535315,0.71403,1,warm,random,,,
0.201435,0.700813,0.036538,0.550219,1.0,0.0,0.0,0.0,1.0,0.0,0.418558,0.378314,0.114855,0.558068,3,lonely,random,,,
0.018353,0.348385,0.387437,0.739811,1.0,0.0,0.0,1.0,1.0,0.0,0.087334,0.683824,0.080492,0.060237,2,strange,random,,,
0.24448,0.761504,0.205165,0.036235,1.0,0.0,1.0,1.0,1.0,0.0,0.585485,0.425815,0.429581,0.523496,0,quiet,random,,,
0.194452,0.582523,0.167469,3.6e-05,1.0,0.0,0.0,0.0,1.0,0.0,0.217959,0.164088,0.257348,0.736911,3,lonely,random,,,
0.699281,0.709235,0.097879,0.563098,0.0,0.0,0.0,0.0,1.0,0.0,0.547254,0.738368,0.056322,0.560172,3,lonely,random,,,
0.485183,0.812857,0.714474,0.73985,0,0,1,1,1,1,0.190401,0.218107,0.205399,0.897397,3,lonely,controlled_contrast,stormy_weather,stormy_weather_032,lonely_high
0.451241,0.747714,0.449132,0.199429,0,0,1,1,1,0,0.214574,0.910036,0.18863,0.20665,3,lonely,controlled_contrast,rainy_room,rainy_room_053,weird_high
0.601858,0.522743,0.321909,0.196455,1.0,0.0,0.0,1.0,1.0,0.0,0.908831,0.289361,0.375711,0.132877,0,quiet,random,,,
0.571467,0.782883,0.561518,0.026017,0.0,0.0,1.0,1.0,1.0,0.0,0.725773,0.735439,0.591577,0.665421,0,quiet,random,,,
0.006344,0.763239,0.2087,0.324944,0.0,0.0,1.0,1.0,1.0,0.0,0.585414,0.822942,0.228258,0.578162,3,lonely,random,,,
0.82891,0.539048,0.689984,0.51499,0.0,1.0,0.0,1.0,1.0,1.0,0.172577,0.62006,0.501725,0.31924,2,strange,random,,,
0.686211,0.149605,0.065291,0.00875,1.0,0.0,0.0,0.0,0.0,0.0,0.105401,0.925764,0.194891,0.458486,2,strange,random,,,
0.528954,0.25937,0.047011,0.200406,1,0,0,0,0,0,0.188208,0.2102,0.879893,0.193485,1,warm,controlled_contrast,neutral_weather,neutral_weather_004,warm_high
0.116411,0.198004,0.760621,0.708505,1.0,0.0,0.0,1.0,1.0,1.0,0.078057,0.905187,0.354084,0.535051,2,strange,random,,,
0.847051,0.005123,0.93921,0.498957,1.0,1.0,0.0,1.0,1.0,1.0,0.266575,0.736695,0.332719,0.857274,2,strange,random,,,
0.662521,0.374268,0.914676,0.854209,0.0,0.0,0.0,1.0,1.0,1.0,0.503018,0.564569,0.338268,0.069028,2,strange,random,,,
0.429515,0.812149,0.733926,0.719681,0,0,1,1,1,1,0.224665,0.902241,0.196712,0.192304,2,strange,controlled_contrast,stormy_weather,stormy_weather_002,weird_high
0.559015,0.739364,0.853912,0.045592,0.0,0.0,0.0,1.0,1.0,0.0,0.718099,0.706242,0.13901,0.728007,3,lonely,random,,,
0.856841,0.091667,0.009074,0.668132,1.0,1.0,0.0,0.0,0.0,0.0,0.144866,0.492665,0.597558,0.978945,1,warm,random,,,
0.530715,0.812227,0.133906,0.403298,1.0,0.0,1.0,0.0,1.0,0.0,0.489781,0.642701,0.050729,0.275132,0,quiet,random,,,
0.656992,0.346311,0.88412,0.388461,0.0,0.0,0.0,1.0,1.0,0.0,0.561796,0.550042,0.210889,0.590259,3,lonely,random,,,
0.412162,0.807751,0.768984,0.755181,0,0,1,1,1,1,0.891853,0.189005,0.201594,0.200028,0,quiet,controlled_contrast,stormy_weather,stormy_weather_041,calm_high
0.485207,0.24125,0.790812,0.996068,0.0,0.0,0.0,1.0,1.0,1.0,0.628519,0.160834,0.44063,0.210277,2,strange,random,,,
0.713925,0.577474,0.00044,0.562874,1.0,0.0,0.0,0.0,0.0,0.0,0.742628,0.215714,0.389203,0.18245,1,warm,random,,,
0.327616,0.796044,0.77787,6e-06,0.0,0.0,1.0,1.0,1.0,0.0,0.647521,0.501824,0.496116,0.112473,0,quiet,random,,,
0.046685,0.765878,0.978967,0.058692,1.0,0.0,1.0,1.0,1.0,0.0,0.698304,0.847469,0.612575,0.189381,0,quiet,random,,,
0.2332,0.026173,0.761823,0.50527,1.0,0.0,0.0,1.0,1.0,1.0,0.505449,0.715839,0.201656,0.831111,2,strange,random,,,
0.956575,0.032461,0.002849,0.860849,0.0,1.0,0.0,0.0,0.0,0.0,0.068879,0.847862,0.083671,0.244663,2,strange,random,,,
0.705591,0.214716,0.981257,0.001433,0.0,0.0,0.0,1.0,1.0,0.0,0.701848,0.55034,0.648628,0.056664,0,quiet,random,,,
0.143512,0.616889,0.907714,0.490894,1.0,0.0,0.0,1.0,1.0,1.0,0.202774,0.677041,0.093086,0.615945,2,strange,random,,,
0.28766,0.795274,0.335955,0.736464,1.0,0.0,1.0,1.0,1.0,0.0,0.10903,0.936107,0.079716,0.107831,2,strange,random,,,
0.454906,0.320745,0.043069,0.853111,0.0,0.0,0.0,0.0,0.0,0.0,0.464252,0.731472,0.271865,0.119143,2,strange,random,,,
0.758025,0.525434,0.005325,0.60152,0.0,1.0,0.0,0.0,0.0,0.0,0.716928,0.839174,0.488541,0.297326,1,warm,random,,,
0.360776,0.953234,0.243136,0.15898,1.0,0.0,1.0,1.0,1.0,0.0,0.432346,0.652913,0.312679,0.063638,0,quiet,random,,,
0.707244,0.286615,0.0,0.133347,1,0,0,0,0,0,0.90907,0.177905,0.220556,0.194442,0,quiet,controlled_contrast,clear_day,clear_day_071,calm_high
0.95884,0.602933,0.146412,0.964945,1.0,1.0,0.0,0.0,1.0,0.0,0.297074,0.647558,0.171188,0.409489,1,warm,random,,,
0.599232,0.66811,0.487158,0.043084,1.0,0.0,0.0,1.0,1.0,0.0,0.304291,0.973555,0.160739,0.231725,0,quiet,random,,,
0.505362,0.854863,0.068636,0.094238,0,0,1,0,1,0,0.208061,0.902942,0.195073,0.211937,3,lonely,controlled_contrast,humid_night,humid_night_048,weird_high
0.346756,0.313694,0.000176,0.693784,0.0,0.0,0.0,0.0,0.0,0.0,0.669335,0.94174,0.305765,0.380363,2,strange,random,,,
0.991319,0.711892,0.350813,0.874236,0.0,1.0,0.0,1.0,1.0,0.0,0.631551,0.672882,0.654568,0.685658,3,lonely,random,,,
0.135911,0.557539,0.085724,0.970205,1.0,0.0,0.0,0.0,1.0,0.0,0.12936,0.445154,0.995772,0.364172,1,warm,random,,,
0.590663,0.656006,0.391759,0.627754,0.0,0.0,0.0,1.0,1.0,0.0,0.690769,0.457087,0.683231,0.302044,3,lonely,random,,,
0.388726,0.756018,0.744251,0.450046,1.0,0.0,1.0,1.0,1.0,1.0,0.063231,0.477861,0.42746,0.657866,2,strange,random,,,
0.608234,0.036404,0.954058,0.491377,1.0,0.0,0.0,1.0,1.0,1.0,0.210853,0.73282,0.206546,0.773826,2,strange,random,,,
0.737482,0.29492,0.0,0.184097,1,0,0,0,0,0,0.204433,0.220477,0.915324,0.180406,1,warm,controlled_contrast,clear_day,clear_day_047,warm_high
0.727092,0.584524,0.141288,0.722752,1.0,0.0,0.0,0.0,1.0,0.0,0.754516,0.050072,0.142239,0.404831,3,lonely,random,,,
0.154376,0.902539,0.82317,0.748458,1.0,0.0,1.0,1.0,1.0,1.0,0.108094,0.402543,0.74596,0.51888,2,strange,random,,,
0.487179,0.826521,0.100412,0.11233,0,0,1,0,1,0,0.180909,0.191988,0.209051,0.899752,3,lonely,controlled_contrast,humid_night,humid_night_076,lonely_high
0.859636,0.187535,0.624282,0.001269,1.0,1.0,0.0,1.0,1.0,0.0,0.737388,0.259637,0.742415,0.618567,1,warm,random,,,
0.188018,0.404065,0.693265,0.804969,1.0,0.0,0.0,1.0,1.0,1.0,0.87403,0.62543,0.702835,0.329911,2,strange,random,,,
0.380956,0.813142,0.349539,0.36378,0.0,0.0,1.0,1.0,1.0,0.0,0.731694,0.347971,0.316089,0.388662,0,quiet,random,,,
0.064018,0.464711,0.917913,0.864082,1.0,0.0,0.0,1.0,1.0,1.0,0.40905,0.484306,0.270265,0.623183,2,strange,random,,,
0.451224,0.230682,0.881775,0.0011,1.0,0.0,0.0,1.0,1.0,0.0,0.661112,0.487731,0.736925,0.55338,0,quiet,random,,,
0.690396,0.240073,0.865702,0.610541,1.0,0.0,0.0,1.0,1.0,1.0,0.057709,0.383155,0.551334,0.282229,2,strange,random,,,
0.743931,0.442829,0.682519,0.994946,1.0,0.0,0.0,1.0,1.0,1.0,0.145929,0.636338,0.187174,0.961729,2,strange,random,,,
0.955621,0.731023,0.139623,0.204959,1.0,1.0,0.0,0.0,1.0,0.0,0.412738,0.733237,0.725773,0.621579,1,warm,random,,,
0.054871,0.187155,0.003349,0.031193,1.0,0.0,0.0,0.0,0.0,0.0,0.113479,0.449177,0.576608,0.708627,1,warm,random,,,
0.683921,0.289106,0.569112,0.39749,1.0,0.0,0.0,1.0,1.0,0.0,0.328924,0.958256,0.1121,0.518766,2,strange,random,,,
0.963068,0.072607,0.103967,0.046037,0.0,1.0,0.0,0.0,1.0,0.0,0.286869,0.601478,0.197071,0.806144,3,lonely,random,,,
0.138554,0.2715,0.00034,0.872553,0.0,0.0,0.0,0.0,0.0,0.0,0.069862,0.828544,0.431202,0.333473,2,strange,random,,,
0.247317,0.499631,0.717469,0.604881,1.0,0.0,0.0,1.0,1.0,1.0,0.671884,0.387123,0.363419,0.402048,2,strange,random,,,
0.260447,0.1333,0.090552,0.520174,1.0,0.0,0.0,0.0,1.0,0.0,0.989371,0.667642,0.682106,0.497097,1,warm,random,,,
0.305593,0.678186,0.010696,0.663065,1.0,0.0,0.0,0.0,0.0,0.0,0.084342,0.10635,0.336549,0.433092,1,warm,random,,,
0.735824,0.207574,0.0,0.168404,1,0,0,0,0,0,0.214057,0.189219,0.887384,0.196493,1,warm,controlled_contrast,clear_day,clear_day_066,warm_high
0.41587,0.728563,0.724365,0.745234,0,0,1,1,1,1,0.205014,0.19012,0.898132,0.203898,3,lonely,controlled_contrast,stormy_weather,stormy_weather_003,warm_high
0.067717,0.407266,0.758076,0.720708,0.0,0.0,0.0,1.0,1.0,1.0,0.634606,0.524466,0.801738,0.33219,2,strange,random,,,
0.413827,0.789132,0.449986,0.209663,0,0,1,1,1,0,0.212247,0.207273,0.209286,0.898292,3,lonely,controlled_contrast,rainy_room,rainy_room_026,lonely_high
0.576443,0.169538,0.851783,0.848867,1.0,0.0,0.0,1.0,1.0,1.0,0.381876,0.433711,0.897453,0.628126,2,strange,random,,,
0.014283,0.873163,0.093835,0.051253,0.0,0.0,1.0,0.0,1.0,0.0,0.69224,0.641557,0.298405,0.853569,3,lonely,random,,,
0.219253,0.541894,0.006605,0.127558,0.0,0.0,0.0,0.0,0.0,0.0,0.99156,0.50308,0.407711,0.572633,3,lonely,random,,,
0.46868,0.796066,0.073938,0.108911,0,0,1,0,1,0,0.209405,0.887709,0.198376,0.182431,3,lonely,controlled_contrast,humid_night,humid_night_018,weird_high
0.745917,0.276578,0.017468,0.156137,1,0,0,0,0,0,0.204864,0.201004,0.912293,0.22496,1,warm,controlled_contrast,clear_day,clear_day_052,warm_high
0.157693,0.551031,0.016388,0.936357,0.0,0.0,0.0,0.0,0.0,0.0,0.446849,0.721734,0.276666,0.057551,2,strange,random,,,
0.442901,0.576647,0.012585,0.946601,1.0,0.0,0.0,0.0,0.0,0.0,0.350083,0.763106,0.369039,0.578144,1,warm,random,,,
0.46896,0.338425,0.000152,0.30396,0.0,0.0,0.0,0.0,0.0,0.0,0.413253,0.277798,0.551933,0.560853,3,lonely,random,,,
0.851208,0.484659,0.992124,0.29774,1.0,1.0,0.0,1.0,1.0,0.0,0.712688,0.167217,0.475717,0.298718,0,quiet,random,,,
0.184905,0.009645,0.01258,0.829522,1.0,0.0,0.0,0.0,0.0,0.0,0.509256,0.733807,0.504726,0.263886,1,warm,random,,,
0.416672,0.789172,0.447781,0.172596,0,0,1,1,1,0,0.192396,0.211709,0.902942,0.207806,3,lonely,controlled_contrast,rainy_room,rainy_room_027,warm_high
0.378961,0.473703,0.676259,0.765094,0.0,0.0,0.0,1.0,1.0,1.0,0.143647,0.077388,0.101581,0.576871,3,lonely,random,,,
0.510958,0.349214,0.964274,0.48931,1.0,0.0,0.0,1.0,1.0,1.0,0.189334,0.502847,0.64256,0.435402,2,strange,random,,,
0.789937,0.286061,0.467868,0.810897,0.0,1.0,0.0,1.0,1.0,0.0,0.498268,0.133318,0.057526,0.168882,3,lonely,random,,,
0.533668,0.856942,0.061665,0.116499,0,0,1,0,1,0,0.202099,0.214124,0.913647,0.216861,3,lonely,controlled_contrast,humid_night,humid_night_034,warm_high
0.518546,0.258433,0.056851,0.168323,1,0,0,0,0,0,0.210141,0.206638,0.885818,0.194428,1,warm,controlled_contrast,neutral_weather,neutral_weather_051,warm_high
0.390272,0.773291,0.481402,0.139045,0,0,1,1,1,0,0.174585,0.907167,0.199534,0.192447,3,lonely,controlled_contrast,rainy_room,rainy_room_047,weird_high
0.572659,0.691829,0.034518,0.65407,1.0,0.0,0.0,0.0,0.0,0.0,0.065854,0.222923,0.322162,0.535437,1,warm,random,,,
0.47864,0.702618,0.053621,0.101862,1.0,0.0,0.0,0.0,0.0,0.0,0.419094,0.888751,0.340075,0.67076,1,warm,random,,,
0.287921,0.64152,0.287082,0.023908,0.0,0.0,0.0,1.0,1.0,0.0,0.754176,0.151339,0.524187,0.139256,0,quiet,random,,,
0.325618,0.882485,0.521142,0.008343,1.0,0.0,1.0,1.0,1.0,0.0,0.784946,0.441317,0.142251,0.329125,0,quiet,random,,,
0.856554,0.67721,0.41853,0.047396,1.0,1.0,0.0,1.0,1.0,0.0,0.104878,0.464913,0.653491,0.840788,1,warm,random,,,
0.45178,0.783866,0.701239,0.72033,0,0,1,1,1,1,0.900443,0.221671,0.185843,0.205836,0,quiet,controlled_contrast,stormy_weather,stormy_weather_036,calm_high
0.704912,0.275323,0.982686,0.526969,0.0,0.0,0.0,1.0,1.0,1.0,0.571036,0.709957,0.120707,0.098512,2,strange,random,,,
0.472549,0.810324,0.731222,0.715807,0,0,1,1,1,1,0.19868,0.190759,0.199098,0.898399,3,lonely,controlled_contrast,stormy_weather,stormy_weather_040,lonely_high
0.61391,0.19546,0.108351,0.159636,0.0,0.0,0.0,0.0,1.0,0.0,0.244647,0.230182,0.518075,0.440324,3,lonely,random,,,
0.408032,0.768698,0.470256,0.171535,0,0,1,1,1,0,0.903215,0.183552,0.242573,0.180139,0,quiet,controlled_contrast,rainy_room,rainy_room_069,calm_high
0.497361,0.248492,0.038952,0.16642,1,0,0,0,0,0,0.897098,0.189439,0.196114,0.187303,0,quiet,controlled_contrast,neutral_weather,neutral_weather_061,calm_high
0.164036,0.865739,0.327572,0.573906,0.0,0.0,1.0,1.0,1.0,0.0,0.484518,0.302247,0.11172,0.05319,0,quiet,random,,,
0.452341,0.81282,0.45624,0.198754,0,0,1,1,1,0,0.199831,0.200613,0.891437,0.179369,3,lonely,controlled_contrast,rainy_room,rainy_room_038,warm_high
0.165883,0.910535,0.768457,0.672943,1.0,0.0,1.0,1.0,1.0,1.0,0.459717,0.756777,0.74395,0.11186,2,strange,random,,,
0.904425,0.144749,0.16335,0.136009,1.0,1.0,0.0,0.0,1.0,0.0,0.288001,0.477793,0.500336,0.194915,1,warm,random,,,
0.674584,0.224987,0.003632,0.150768,1,0,0,0,0,0,0.20803,0.205808,0.220237,0.873077,3,lonely,controlled_contrast,clear_day,clear_day_034,lonely_high
0.386159,0.319515,0.003536,0.911018,0.0,0.0,0.0,0.0,0.0,0.0,0.691075,0.290692,0.243154,0.727613,3,lonely,random,,,
0.386065,0.176788,0.63699,0.485762,1.0,0.0,0.0,1.0,1.0,0.0,0.570906,0.944486,0.517822,0.177003,0,quiet,random,,,
0.687763,0.746418,0.006861,0.070055,0.0,0.0,0.0,0.0,0.0,0.0,0.714196,0.36303,0.634268,0.972106,3,lonely,random,,,
0.490348,0.367014,0.028891,0.152522,1.0,0.0,0.0,0.0,0.0,0.0,0.759816,0.728666,0.11981,0.212372,0,quiet,random,,,
0.444928,0.739905,0.716906,0.699962,0,0,1,1,1,1,0.888882,0.213833,0.187405,0.199795,0,quiet,controlled_contrast,stormy_weather,stormy_weather_052,calm_high
0.462918,0.764942,0.692495,0.750929,0,0,1,1,1,1,0.183606,0.908769,0.176067,0.235171,2,strange,controlled_contrast,stormy_weather,stormy_weather_008,weird_high
0.283381,0.433324,0.121678,0.246689,0.0,0.0,0.0,0.0,1.0,0.0,0.29705,0.5211,0.202792,0.20358,3,lonely,random,,,
0.675524,0.325831,0.0,0.138338,1,0,0,0,0,0,0.204901,0.223971,0.887728,0.208744,1,warm,controlled_contrast,clear_day,clear_day_013,warm_high
0.865668,0.319744,0.590146,0.160596,0.0,1.0,0.0,1.0,1.0,0.0,0.262222,0.767575,0.230272,0.160103,3,lonely,random,,,
0.230905,0.07612,0.114619,0.671038,0.0,0.0,0.0,0.0,1.0,0.0,0.609433,0.553772,0.733572,0.58788,3,lonely,random,,,
0.512885,0.007992,0.34411,0.660045,0.0,0.0,0.0,1.0,1.0,0.0,0.721165,0.744255,0.511174,0.081249,0,quiet,random,,,
0.069029,0.462256,0.994573,0.142872,1.0,0.0,0.0,1.0,1.0,0.0,0.635013,0.518458,0.243684,0.646066,0,quiet,random,,,
0.690319,0.493898,0.019936,0.3634,1.0,0.0,0.0,0.0,0.0,0.0,0.623637,0.913822,0.340087,0.575927,1,warm,random,,,
0.869512,0.558165,0.512547,0.164392,1.0,1.0,0.0,1.0,1.0,0.0,0.348263,0.288842,0.097238,0.474032,1,warm,random,,,
0.038089,0.729556,0.588948,0.281428,1.0,0.0,0.0,1.0,1.0,0.0,0.545161,0.562407,0.314453,0.304506,0,quiet,random,,,
0.780171,0.240706,0.0,0.144051,1,0,0,0,0,0,0.194825,0.897397,0.195608,0.21748,2,strange,controlled_contrast,clear_day,clear_day_076,weird_high
0.467464,0.732174,0.721654,0.735485,0,0,1,1,1,1,0.197854,0.183046,0.914139,0.19622,3,lonely,controlled_contrast,stormy_weather,stormy_weather_033,warm_high
0.329377,0.344796,7e-06,0.530805,1.0,0.0,0.0,0.0,0.0,0.0,0.355951,0.207386,0.05292,0.059875,1,warm,random,,,
0.689245,0.423675,0.457184,0.144687,1.0,0.0,0.0,1.0,1.0,0.0,0.400819,0.40133,0.135366,0.319296,0,quiet,random,,,
0.663128,0.20664,0.037933,0.289228,1.0,0.0,0.0,0.0,0.0,0.0,0.64605,0.279205,0.161509,0.247416,1,warm,random,,,
0.620789,0.345346,0.004489,0.263957,0.0,0.0,0.0,0.0,0.0,0.0,0.1604,0.276572,0.855551,0.210752,1,warm,random,,,
0.54642,0.937567,0.000107,0.294714,1.0,0.0,1.0,0.0,1.0,0.0,0.661347,0.154808,0.157952,0.972129,3,lonely,random,,,
0.004751,0.96648,0.16878,0.446884,1.0,0.0,1.0,0.0,1.0,0.0,0.81838,0.488089,0.288207,0.452657,0,quiet,random,,,
0.397296,0.323126,0.38439,0.898543,1.0,0.0,0.0,1.0,1.0,0.0,0.701674,0.999091,0.491514,0.380157,0,quiet,random,,,
0.503155,0.839109,0.100749,0.101831,0,0,1,0,1,0,0.199104,0.188409,0.879546,0.204541,3,lonely,controlled_contrast,humid_night,humid_night_041,warm_high
0.658553,0.618852,0.677926,0.925417,1.0,0.0,0.0,1.0,1.0,1.0,0.642619,0.562917,0.742676,0.403547,2,strange,random,,,
0.063188,0.156986,0.511446,0.972779,0.0,0.0,0.0,1.0,1.0,0.0,0.608895,0.6106,0.783894,0.139374,0,quiet,random,,,
0.484933,0.829232,0.086345,0.152587,0,0,1,0,1,0,0.175955,0.88652,0.202295,0.212128,3,lonely,controlled_contrast,humid_night,humid_night_010,weird_high
0.889195,0.516925,0.867988,0.213938,0.0,1.0,0.0,1.0,1.0,0.0,0.603039,0.595594,0.376255,0.536162,3,lonely,random,,,
0.710015,0.966473,0.190568,0.16858,1.0,0.0,1.0,0.0,1.0,0.0,0.399507,0.341826,0.93281,0.338798,1,warm,random,,,
0.015809,0.995165,0.084734,0.000895,1.0,0.0,1.0,0.0,1.0,0.0,0.443493,0.512659,0.365601,0.195578,1,warm,random,,,
0.889667,0.504584,0.240452,0.832424,1.0,1.0,0.0,1.0,1.0,0.0,0.591105,0.859227,0.581484,0.610659,1,warm,random,,,
0.379148,0.164793,0.27311,0.633717,0.0,0.0,0.0,1.0,1.0,0.0,0.216331,0.623122,0.646209,0.582072,3,lonely,random,,,
0.467464,0.732174,0.721654,0.735485,0,0,1,1,1,1,0.897872,0.20484,0.202438,0.196549,0,quiet,controlled_contrast,stormy_weather,stormy_weather_033,calm_high
0.499222,0.529342,0.410201,0.555068,1.0,0.0,0.0,1.0,1.0,0.0,0.468098,0.066135,0.290715,0.073456,0,quiet,random,,,
0.043579,0.21444,0.669651,0.17314,0.0,0.0,0.0,1.0,1.0,0.0,0.222504,0.232035,0.891898,0.279606,3,lonely,random,,,
0.801669,0.506521,0.223038,0.466047,1.0,1.0,0.0,1.0,1.0,0.0,0.780966,0.40304,0.16104,0.63001,0,quiet,random,,,
0.392058,0.74951,0.482807,0.108556,0,0,1,1,1,0,0.196719,0.9053,0.216285,0.224729,3,lonely,controlled_contrast,rainy_room,rainy_room_077,weird_high
0.541218,0.797346,0.001874,0.669894,0.0,0.0,1.0,0.0,1.0,0.0,0.528546,0.159129,0.368201,0.722827,3,lonely,random,,,
0.899812,0.212881,0.892256,0.142165,1.0,1.0,0.0,1.0,1.0,0.0,0.309201,0.11718,0.360187,0.393716,1,warm,random,,,
0.253332,0.457046,0.074907,0.462814,0.0,0.0,0.0,0.0,0.0,0.0,0.212478,0.41447,0.110676,0.377986,3,lonely,random,,,
0.270846,0.055507,0.011267,0.707421,0.0,0.0,0.0,0.0,0.0,0.0,0.68209,0.414575,0.302993,0.344409,3,lonely,random,,,
0.022732,0.473678,0.95566,0.543003,1.0,0.0,0.0,1.0,1.0,1.0,0.788233,0.21881,0.14729,0.423468,0,quiet,random,,,
0.724441,0.289421,0.0,0.143672,1,0,0,0,0,0,0.883694,0.19209,0.204167,0.181602,0,quiet,controlled_contrast,clear_day,clear_day_069,calm_high
0.012472,0.186049,0.494547,0.000851,0.0,0.0,0.0,1.0,1.0,0.0,0.339897,0.267792,0.250807,0.272193,3,lonely,random,,,
0.481976,0.913688,0.078437,0.229914,1.0,0.0,1.0,0.0,1.0,0.0,0.367176,0.84772,0.260484,0.644634,3,lonely,random,,,
0.869836,0.31193,0.010011,0.773619,1.0,1.0,0.0,0.0,0.0,0.0,0.056133,0.684794,0.748361,0.090349,1,warm,random,,,
0.334124,0.824512,0.577448,0.151318,0.0,0.0,1.0,1.0,1.0,0.0,0.28933,0.983744,0.705637,0.387775,3,lonely,random,,,
0.628204,0.074751,0.001502,0.257646,0.0,0.0,0.0,0.0,0.0,0.0,0.393164,0.762451,0.336627,0.181974,2,strange,random,,,
0.589119,0.633157,0.147022,0.172999,1.0,0.0,0.0,0.0,1.0,0.0,0.96946,0.09648,0.295775,0.63409,0,quiet,random,,,
0.457871,0.211359,0.050248,0.207994,1,0,0,0,0,0,0.877875,0.203604,0.183142,0.205904,0,quiet,controlled_contrast,neutral_weather,neutral_weather_054,calm_high
0.807866,0.124548,0.687226,0.678385,1.0,1.0,0.0,1.0,1.0,1.0,0.499149,0.104145,0.986104,0.058473,1,warm,random,,,
0.162338,0.046343,0.013609,0.01604,0.0,0.0,0.0,0.0,0.0,0.0,0.10451,0.846037,0.41349,0.589798,3,lonely,random,,,
0.104056,0.932248,0.139444,0.460513,0.0,0.0,1.0,0.0,1.0,0.0,0.059771,0.519254,0.652608,0.331348,3,lonely,random,,,
0.1926,0.371262,0.630637,0.059779,0.0,0.0,0.0,1.0,1.0,0.0,0.591993,0.976643,0.40096,0.187105,0,quiet,random,,,
0.846924,0.741015,0.091568,0.018211,0.0,1.0,0.0,0.0,1.0,0.0,0.365019,0.21432,0.625522,0.91131,3,lonely,random,,,
0.407735,0.094651,0.378849,0.081284,1.0,0.0,0.0,1.0,1.0,0.0,0.345954,0.251287,0.225045,0.773804,3,lonely,random,,,
0.456056,0.803002,0.696627,0.685679,0,0,1,1,1,1,0.196872,0.176458,0.20236,0.906496,3,lonely,controlled_contrast,stormy_weather,stormy_weather_043,lonely_high
0.871349,0.736768,0.915667,0.259971,0.0,1.0,0.0,1.0,1.0,0.0,0.959977,0.340662,0.21051,0.121364,0,quiet,random,,,
0.729913,0.264799,0.0,0.12909,1,0,0,0,0,0,0.206125,0.220083,0.91169,0.200251,1,warm,controlled_contrast,clear_day,clear_day_061,warm_high
0.905568,0.183814,0.014633,0.085145,0.0,1.0,0.0,0.0,0.0,0.0,0.592056,0.598907,0.202838,0.178446,1,warm,random,,,
0.482244,0.375495,0.156138,0.007094,0.0,0.0,0.0,0.0,1.0,0.0,0.627928,0.622313,0.403376,0.747319,3,lonely,random,,,
0.986549,0.7104,0.314416,0.009961,1.0,1.0,0.0,1.0,1.0,0.0,0.724168,0.323005,0.49715,0.209119,1,warm,random,,,
0.185562,0.426554,0.735164,0.709541,0.0,0.0,0.0,1.0,1.0,1.0,0.192568,0.484231,0.705463,0.378642,2,strange,random,,,
0.401684,0.484659,0.830971,0.301205,0.0,0.0,0.0,1.0,1.0,0.0,0.734837,0.529152,0.530346,0.499988,3,lonely,random,,,
0.428484,0.756601,0.727773,0.733211,0,0,1,1,1,1,0.19678,0.920631,0.212044,0.210992,2,strange,controlled_contrast,stormy_weather,stormy_weather_030,weird_high
0.375825,0.253429,0.003778,0.372614,1.0,0.0,0.0,0.0,0.0,0.0,0.542979,0.269191,0.531163,0.07627,1,warm,random,,,
0.48989,0.755098,0.700222,0.730814,0,0,1,1,1,1,0.201445,0.211429,0.917042,0.202128,3,lonely,controlled_contrast,stormy_weather,stormy_weather_031,warm_high
0.478158,0.913425,0.89289,0.257857,0.0,0.0,1.0,1.0,1.0,0.0,0.658007,0.091684,0.921227,0.350801,0,quiet,random,,,
0.870819,0.424493,0.975959,0.080658,0.0,1.0,0.0,1.0,1.0,0.0,0.155548,0.499126,0.50077,0.868188,3,lonely,random,,,
0.230775,0.926712,0.019413,0.958482,0.0,0.0,1.0,0.0,1.0,0.0,0.639458,0.33557,0.420177,0.606088,3,lonely,random,,,
0.086352,0.813144,0.688958,0.545768,1.0,0.0,1.0,1.0,1.0,1.0,0.462308,0.730999,0.70329,0.708175,2,strange,random,,,
0.236671,0.129366,0.030018,0.00258,1.0,0.0,0.0,0.0,0.0,0.0,0.44849,0.341642,0.307372,0.151798,1,warm,random,,,
0.031891,0.234874,0.530959,0.639222,1.0,0.0,0.0,1.0,1.0,0.0,0.517902,0.224302,0.185691,0.179422,0,quiet,random,,,
0.97436,0.823397,0.115922,0.429426,0.0,1.0,1.0,0.0,1.0,0.0,0.205174,0.127088,0.816908,0.289903,1,warm,random,,,
0.956597,0.719637,0.049702,0.237082,1.0,1.0,0.0,0.0,1.0,0.0,0.328048,0.279314,0.337523,0.476684,1,warm,random,,,
0.550208,0.313842,0.699041,0.945266,1.0,0.0,0.0,1.0,1.0,1.0,0.872314,0.223791,0.527234,0.547446,0,quiet,random,,,
0.63732,0.728859,0.121873,0.746375,1.0,0.0,0.0,0.0,1.0,0.0,0.22489,0.890518,0.289683,0.103847,2,strange,random,,,
0.711774,0.277146,0.0,0.094904,1,0,0,0,0,0,0.1967,0.212282,0.200875,0.887738,3,lonely,controlled_contrast,clear_day,clear_day_026,lonely_high
0.839504,0.494567,0.016067,0.266305,0.0,1.0,0.0,0.0,0.0,0.0,0.897153,0.473659,0.05223,0.334706,0,quiet,random,,,
0.472296,0.272498,0.053261,0.193919,1,0,0,0,0,0,0.897753,0.217813,0.210779,0.207986,0,quiet,controlled_contrast,neutral_weather,neutral_weather_044,calm_high
0.444138,0.773741,0.742988,0.729012,0,0,1,1,1,1,0.905574,0.179397,0.202745,0.194321,0,quiet,controlled_contrast,stormy_weather,stormy_weather_067,calm_high
0.67612,0.735231,0.749878,0.505204,1.0,0.0,0.0,1.0,1.0,1.0,0.235007,0.685689,0.875898,0.561703,2,strange,random,,,
0.275453,0.140754,0.069826,0.167946,1.0,0.0,0.0,0.0,0.0,0.0,0.457229,0.656555,0.886866,0.387897,1,warm,random,,,
0.591797,0.92625,0.618646,0.062008,1.0,0.0,1.0,1.0,1.0,0.0,0.547963,0.470791,0.125438,0.266246,0,quiet,random,,,
0.513701,0.20888,0.040221,0.20312,1,0,0,0,0,0,0.198664,0.887284,0.191565,0.226749,2,strange,controlled_contrast,neutral_weather,neutral_weather_031,weird_high
0.892798,0.023389,0.359612,0.675133,1.0,1.0,0.0,1.0,1.0,0.0,0.385406,0.560379,0.319984,0.105178,1,warm,random,,,
0.786379,0.087107,0.373248,0.960348,0.0,1.0,0.0,1.0,1.0,0.0,0.152428,0.187957,0.254859,0.210406,3,lonely,random,,,
0.399494,0.761678,0.458769,0.146855,0,0,1,1,1,0,0.192781,0.207664,0.897151,0.20611,3,lonely,controlled_contrast,rainy_room,rainy_room_063,warm_high
0.691506,0.724677,0.895803,0.514801,1.0,0.0,0.0,1.0,1.0,1.0,0.272814,0.652031,0.125196,0.592582,2,strange,random,,,
0.67121,0.491516,0.802779,0.709349,0.0,0.0,0.0,1.0,1.0,1.0,0.492491,0.400775,0.104441,0.099067,2,strange,random,,,
0.241987,0.526985,0.54869,0.947081,1.0,0.0,0.0,1.0,1.0,0.0,0.124921,0.501978,0.186575,0.191787,1,warm,random,,,
0.426466,0.777419,0.458461,0.137524,0,0,1,1,1,0,0.893019,0.224988,0.186812,0.19902,0,quiet,controlled_contrast,rainy_room,rainy_room_065,calm_high
0.478677,0.768601,0.774682,0.663509,1.0,0.0,1.0,1.0,1.0,1.0,0.166443,0.496132,0.139985,0.553967,2,strange,random,,,
0.938762,0.252591,0.721261,0.450172,1.0,1.0,0.0,1.0,1.0,1.0,0.072109,0.723356,0.340613,0.473291,2,strange,random,,,
0.866174,0.185264,0.067867,0.464516,1.0,1.0,0.0,0.0,0.0,0.0,0.10375,0.409274,0.904051,0.251049,1,warm,random,,,
0.342009,0.545641,0.065077,0.41525,1.0,0.0,0.0,0.0,0.0,0.0,0.593075,0.087889,0.540933,0.169977,1,warm,random,,,
0.438045,0.92139,0.91739,0.575079,0.0,0.0,1.0,1.0,1.0,1.0,0.856935,0.115543,0.636336,0.064491,0,quiet,random,,,
0.197651,0.22506,0.0317,0.108243,1.0,0.0,0.0,0.0,0.0,0.0,0.084653,0.581378,0.141775,0.638027,1,warm,random,,,
0.087576,0.744736,0.846651,0.782705,1.0,0.0,0.0,1.0,1.0,1.0,0.071545,0.190962,0.647373,0.773748,3,lonely,random,,,
0.25715,0.622617,0.577174,0.248451,1.0,0.0,0.0,1.0,1.0,0.0,0.836447,0.063461,0.722411,0.52419,0,quiet,random,,,
0.638936,0.340383,0.221277,0.161416,0.0,0.0,0.0,1.0,1.0,0.0,0.246465,0.12432,0.208564,0.203603,3,lonely,random,,,
0.72751,0.376518,0.023668,0.56987,0.0,0.0,0.0,0.0,0.0,0.0,0.409143,0.063245,0.738932,0.218756,1,warm,random,,,
0.453906,0.753298,0.453886,0.207679,0,0,1,1,1,0,0.893177,0.200925,0.217812,0.210829,0,quiet,controlled_contrast,rainy_room,rainy_room_040,calm_high
0.757141,0.456386,0.03283,0.328888,0.0,1.0,0.0,0.0,0.0,0.0,0.729909,0.594089,0.529863,0.314481,1,warm,random,,,
0.81958,0.942388,0.630376,0.03914,1.0,1.0,1.0,1.0,1.0,0.0,0.574685,0.990226,0.641343,0.727971,0,quiet,random,,,
0.452962,0.791547,0.058286,0.055722,0,0,1,0,1,0,0.193671,0.194044,0.198175,0.908667,3,lonely,controlled_contrast,humid_night,humid_night_011,lonely_high
0.419904,0.761661,0.481716,0.133523,0,0,1,1,1,0,0.207977,0.194216,0.897281,0.202684,3,lonely,controlled_contrast,rainy_room,rainy_room_037,warm_high
0.690278,0.063218,0.760757,0.000496,1.0,0.0,0.0,1.0,1.0,0.0,0.740955,0.694353,0.365324,0.397172,0,quiet,random,,,
0.151628,0.522776,0.781672,0.141176,1.0,0.0,0.0,1.0,1.0,0.0,0.599419,0.628863,0.161211,0.677212,0,quiet,random,,,
0.468416,0.79541,0.726572,0.699467,0,0,1,1,1,1,0.220381,0.218593,0.899544,0.21012,3,lonely,controlled_contrast,stormy_weather,stormy_weather_079,warm_high
0.227254,0.650417,0.717921,0.452428,0.0,0.0,0.0,1.0,1.0,1.0,0.354691,0.572547,0.733311,0.276232,2,strange,random,,,
0.583449,0.735152,0.330291,0.828358,1.0,0.0,0.0,1.0,1.0,0.0,0.051363,0.745572,0.541034,0.218715,1,warm,random,,,
0.130439,0.376973,0.981737,0.523991,1.0,0.0,0.0,1.0,1.0,1.0,0.760038,0.66067,0.692501,0.442287,2,strange,random,,,
0.503408,0.783587,0.035463,0.331333,0.0,0.0,1.0,0.0,1.0,0.0,0.517647,0.102722,0.963758,0.621578,3,lonely,random,,,
0.825809,0.167738,0.361775,0.592021,1.0,1.0,0.0,1.0,1.0,0.0,0.178305,0.188066,0.720269,0.1335,1,warm,random,,,
0.708566,0.402936,0.002865,0.997704,1.0,0.0,0.0,0.0,0.0,0.0,0.585333,0.760542,0.257435,0.075016,2,strange,random,,,
0.363209,0.115681,0.030887,0.188529,1.0,0.0,0.0,0.0,0.0,0.0,0.603992,0.960941,0.084163,0.282242,2,strange,random,,,
0.75403,0.408914,0.077404,0.789002,1.0,1.0,0.0,0.0,0.0,0.0,0.676002,0.25701,0.318958,0.757849,1,warm,random,,,
0.892826,0.366908,0.285037,0.404175,0.0,1.0,0.0,1.0,1.0,0.0,0.720519,0.500565,0.186355,0.256874,0,quiet,random,,,
0.358533,0.731736,0.003595,0.938016,1.0,0.0,0.0,0.0,1.0,0.0,0.468481,0.140105,0.129481,0.125517,1,warm,random,,,
0.203362,0.87925,0.045982,0.434536,0.0,0.0,1.0,0.0,1.0,0.0,0.236797,0.160617,0.405696,0.938532,3,lonely,random,,,
0.576679,0.01229,0.027885,0.7693,1.0,0.0,0.0,0.0,0.0,0.0,0.348931,0.059757,0.508781,0.306626,1,warm,random,,,
0.853887,0.60411,0.004214,0.369898,0.0,1.0,0.0,0.0,0.0,0.0,0.081514,0.340593,0.810681,0.142591,1,warm,random,,,
0.786113,0.877782,0.059048,0.734786,1.0,1.0,1.0,0.0,1.0,0.0,0.234142,0.089438,0.714388,0.487678,1,warm,random,,,
0.275179,0.618789,0.850115,0.684971,1.0,0.0,0.0,1.0,1.0,1.0,0.25585,0.485534,0.50255,0.670337,2,strange,random,,,
0.146491,0.956038,0.956041,0.874308,1.0,0.0,1.0,1.0,1.0,1.0,0.394435,0.50091,0.843515,0.056308,2,strange,random,,,
0.502629,0.235654,0.067484,0.230244,1,0,0,0,0,0,0.219588,0.19201,0.211401,0.935019,3,lonely,controlled_contrast,neutral_weather,neutral_weather_027,lonely_high
0.780081,0.58041,0.000839,0.265877,1.0,1.0,0.0,0.0,0.0,0.0,0.311316,0.425939,0.644695,0.988097,1,warm,random,,,
0.542996,0.828161,0.102602,0.76499,0.0,0.0,1.0,0.0,1.0,0.0,0.064107,0.41903,0.905007,0.644323,3,lonely,random,,,
0.839771,0.019914,0.915465,0.826416,1.0,1.0,0.0,1.0,1.0,1.0,0.982361,0.446999,0.370164,0.378996,0,quiet,random,,,
0.502341,0.305346,0.748403,0.330499,0.0,0.0,0.0,1.0,1.0,0.0,0.611401,0.11086,0.558095,0.234203,0,quiet,random,,,
0.431149,0.832323,0.045564,0.136277,0,0,1,0,1,0,0.205285,0.894797,0.206649,0.193479,3,lonely,controlled_contrast,humid_night,humid_night_017,weird_high
0.403142,0.617911,0.016556,0.060486,1.0,0.0,0.0,0.0,0.0,0.0,0.126375,0.08587,0.542546,0.701798,1,warm,random,,,
0.522413,0.631796,0.714375,0.404506,1.0,0.0,0.0,1.0,1.0,0.0,0.177839,0.147241,0.100832,0.390123,3,lonely,random,,,
0.491394,0.120778,0.719636,0.727498,1.0,0.0,0.0,1.0,1.0,1.0,0.254113,0.084667,0.402382,0.167605,2,strange,random,,,
0.537348,0.923962,0.13222,0.237406,0.0,0.0,1.0,0.0,1.0,0.0,0.423634,0.749051,0.677079,0.400245,3,lonely,random,,,
0.736049,0.802746,0.760867,1.4e-05,1.0,0.0,1.0,1.0,1.0,0.0,0.657605,0.59534,0.496485,0.499907,0,quiet,random,,,
0.48267,0.908775,0.000585,0.006782,1.0,0.0,1.0,0.0,1.0,0.0,0.325958,0.138121,0.078342,0.433297,3,lonely,random,,,
0.10831,0.683659,0.175402,0.493434,1.0,0.0,0.0,0.0,1.0,0.0,0.399513,0.319892,0.596941,0.484407,1,warm,random,,,
0.155108,0.403932,0.03262,0.949142,0.0,0.0,0.0,0.0,0.0,0.0,0.15026,0.075385,0.43111,0.869258,3,lonely,random,,,
0.219356,0.397754,0.455081,0.418457,1.0,0.0,0.0,1.0,1.0,0.0,0.72558,0.288918,0.87526,0.694204,1,warm,random,,,
0.720963,0.240485,0.050625,0.13599,1,0,0,0,0,0,0.895875,0.205961,0.212929,0.189945,0,quiet,controlled_contrast,clear_day,clear_day_002,calm_high
0.804409,0.431169,0.002848,0.68672,1.0,1.0,0.0,0.0,0.0,0.0,0.894919,0.580271,0.103626,0.334541,1,warm,random,,,
0.454706,0.057925,0.167559,0.572025,0.0,0.0,0.0,0.0,1.0,0.0,0.521232,0.412253,0.263545,0.679314,3,lonely,random,,,
0.717063,0.250365,0.016877,0.178236,0.0,0.0,0.0,0.0,0.0,0.0,0.54342,0.955619,0.28212,0.210781,2,strange,random,,,
0.007178,0.252268,0.912809,0.667177,1.0,0.0,0.0,1.0,1.0,1.0,0.344067,0.686566,0.458835,0.501651,2,strange,random,,,
0.299135,0.983408,0.076725,0.077659,1.0,0.0,1.0,0.0,1.0,0.0,0.605123,0.573785,0.127839,0.169295,0,quiet,random,,,
0.527747,0.706151,0.071857,0.0027,0.0,0.0,0.0,0.0,1.0,0.0,0.501905,0.713456,0.185652,0.183227,3,lonely,random,,,
0.43448,0.786281,0.755228,0.736375,0,0,1,1,1,1,0.911175,0.206866,0.220129,0.175164,0,quiet,controlled_contrast,stormy_weather,stormy_weather_071,calm_high
0.989183,0.635554,0.124683,0.999849,1.0,1.0,0.0,0.0,1.0,0.0,0.179815,0.748118,0.816649,0.595155,1,warm,random,,,
0.303166,0.382552,0.014316,0.77519,1.0,0.0,0.0,0.0,0.0,0.0,0.088759,0.525816,0.720983,0.153651,1,warm,random,,,
0.311203,0.255775,0.00624,0.953497,0.0,0.0,0.0,0.0,0.0,0.0,0.197839,0.84541,0.089962,0.125133,2,strange,random,,,
0.908736,0.769067,0.072073,0.109039,1.0,1.0,1.0,0.0,1.0,0.0,0.686643,0.307814,0.99071,0.242775,1,warm,random,,,
0.457704,0.802244,0.435652,0.157866,0,0,1,1,1,0,0.191813,0.19784,0.906776,0.201642,3,lonely,controlled_contrast,rainy_room,rainy_room_073,warm_high
0.451241,0.747714,0.449132,0.199429,0,0,1,1,1,0,0.896326,0.192654,0.183257,0.20178,0,quiet,controlled_contrast,rainy_room,rainy_room_053,calm_high
0.424055,0.646931,0.780149,0.601568,1.0,0.0,0.0,1.0,1.0,1.0,0.354691,0.684919,0.32898,0.136682,2,strange,random,,,
0.543538,0.837236,0.013195,0.738579,1.0,0.0,1.0,0.0,0.0,0.0,0.0637,0.971405,0.200354,0.238898,2,strange,random,,,
0.604547,0.529619,0.056224,0.676796,1.0,0.0,0.0,0.0,0.0,0.0,0.440716,0.068088,0.674349,0.19239,1,warm,random,,,
0.448294,0.587955,0.001579,0.06783,1.0,0.0,0.0,0.0,0.0,0.0,0.072896,0.817926,0.553052,0.546197,1,warm,random,,,
0.444717,0.791247,0.768951,0.733029,0,0,1,1,1,1,0.199052,0.181182,0.203931,0.901092,3,lonely,controlled_contrast,stormy_weather,stormy_weather_044,lonely_high
0.764288,0.002451,0.000297,0.773251,0.0,1.0,0.0,0.0,0.0,0.0,0.690844,0.270727,0.157272,0.154103,1,warm,random,,,
0.460898,0.80643,0.070625,0.121185,0,0,1,0,1,0,0.202551,0.912091,0.176703,0.193091,3,lonely,controlled_contrast,humid_night,humid_night_040,weird_high
0.313252,0.307155,0.935252,0.657321,1.0,0.0,0.0,1.0,1.0,1.0,0.670261,0.629989,0.205387,0.723662,2,strange,random,,,
0.325805,0.677486,0.040613,0.339243,1.0,0.0,0.0,0.0,0.0,0.0,0.537127,0.585804,0.511574,0.442161,1,warm,random,,,
0.228206,0.313513,0.058662,0.434396,1.0,0.0,0.0,0.0,0.0,0.0,0.844411,0.454504,0.588252,0.595294,1,warm,random,,,
0.80978,0.766345,0.519188,0.403387,1.0,1.0,1.0,1.0,1.0,0.0,0.488865,0.731883,0.991321,0.311305,1,warm,random,,,
0.85266,0.645238,0.299865,0.196569,1.0,1.0,0.0,1.0,1.0,0.0,0.561197,0.152088,0.624032,0.783221,1,warm,random,,,
0.443538,0.741483,0.153168,0.96793,0.0,0.0,0.0,0.0,1.0,0.0,0.391104,0.091074,0.804313,0.21732,3,lonely,random,,,
0.305743,0.402104,0.483916,0.129111,1.0,0.0,0.0,1.0,1.0,0.0,0.67961,0.47681,0.263072,0.534997,0,quiet,random,,,
0.051381,0.653727,0.804265,0.534353,1.0,0.0,0.0,1.0,1.0,1.0,0.321235,0.496763,0.550279,0.582783,2,strange,random,,,
0.504023,0.315601,0.31673,0.089512,1.0,0.0,0.0,1.0,1.0,0.0,0.262086,0.262055,0.296127,0.433002,0,quiet,random,,,
0.741487,0.69632,0.542925,0.345935,0.0,0.0,0.0,1.0,1.0,0.0,0.461081,0.50102,0.453944,0.14733,3,lonely,random,,,
0.538973,0.190883,0.631762,0.602863,1.0,0.0,0.0,1.0,1.0,0.0,0.683229,0.420744,0.703201,0.384896,0,quiet,random,,,
0.148999,0.772036,0.449777,0.539226,1.0,0.0,1.0,1.0,1.0,0.0,0.689338,0.32074,0.151526,0.133333,0,quiet,random,,,
0.094864,0.140807,0.676011,0.784808,0.0,0.0,0.0,1.0,1.0,1.0,0.106816,0.489463,0.407371,0.231653,2,strange,random,,,
0.43482,0.806969,0.425369,0.16554,0,0,1,1,1,0,0.196711,0.930242,0.211138,0.213495,3,lonely,controlled_contrast,rainy_room,rainy_room_046,weird_high
0.455629,0.780217,0.466423,0.198784,0,0,1,1,1,0,0.184975,0.191577,0.192821,0.875653,3,lonely,controlled_contrast,rainy_room,rainy_room_049,lonely_high
0.499319,0.627074,0.771829,0.001071,0.0,0.0,0.0,1.0,1.0,0.0,0.654741,0.459832,0.888131,0.444325,3,lonely,random,,,
0.258072,0.250902,0.497755,0.468124,1.0,0.0,0.0,1.0,1.0,0.0,0.540831,0.35073,0.403543,0.424064,0,quiet,random,,,
0.635255,0.03325,0.37595,0.336189,1.0,0.0,0.0,1.0,1.0,0.0,0.721093,0.559847,0.517878,0.576677,0,quiet,random,,,
0.161426,0.439664,0.949617,0.541676,1.0,0.0,0.0,1.0,1.0,1.0,0.538136,0.838457,0.32963,0.555074,2,strange,random,,,
0.058721,0.344331,0.066786,0.764212,1.0,0.0,0.0,0.0,0.0,0.0,0.697183,0.733852,0.134177,0.726563,2,strange,random,,,
0.667182,0.11825,0.175308,0.866583,0.0,0.0,0.0,0.0,1.0,0.0,0.6281,0.886736,0.73277,0.121245,2,strange,random,,,
0.325219,0.180071,0.77287,0.059905,1.0,0.0,0.0,1.0,1.0,0.0,0.512564,0.254711,0.683028,0.44865,0,quiet,random,,,
0.63521,0.534392,0.745045,0.779108,1.0,0.0,0.0,1.0,1.0,1.0,0.216152,0.2868,0.333862,0.26037,2,strange,random,,,
0.420931,0.794325,0.437256,0.190844,0,0,1,1,1,0,0.206503,0.207137,0.90431,0.201246,3,lonely,controlled_contrast,rainy_room,rainy_room_004,warm_high
0.584222,0.85037,0.780871,0.262825,0.0,0.0,1.0,1.0,1.0,0.0,0.554206,0.494429,0.741551,0.153939,0,quiet,random,,,
0.801093,0.507299,0.661082,0.780111,1.0,1.0,0.0,1.0,1.0,1.0,0.749645,0.237484,0.479412,0.128111,1,warm,random,,,
0.434131,0.761002,0.440558,0.233316,0,0,1,1,1,0,0.902831,0.2073,0.190763,0.205637,0,quiet,controlled_contrast,rainy_room,rainy_room_060,calm_high
0.991759,0.199003,0.018172,0.45196,1.0,1.0,0.0,0.0,0.0,0.0,0.138373,0.65827,0.502437,0.725785,1,warm,random,,,
0.433152,0.783172,0.473817,0.18463,0,0,1,1,1,0,0.200144,0.889745,0.218085,0.190143,3,lonely,controlled_contrast,rainy_room,rainy_room_015,weird_high
0.37219,0.09655,0.376982,0.455558,1.0,0.0,0.0,1.0,1.0,0.0,0.673311,0.842362,0.236426,0.582252,0,quiet,random,,,
0.802303,0.720959,0.685828,0.495086,1.0,1.0,0.0,1.0,1.0,1.0,0.176692,0.210668,0.165188,0.210701,2,strange,random,,,
0.601489,0.882659,0.017362,0.050861,1.0,0.0,1.0,0.0,0.0,0.0,0.183584,0.688618,0.561576,0.197371,1,warm,random,,,
0.404712,0.775932,0.437675,0.137188,0,0,1,1,1,0,0.211232,0.21092,0.907704,0.208417,0,quiet,controlled_contrast,rainy_room,rainy_room_070,warm_high
0.369343,0.694447,0.432452,0.296008,0.0,0.0,0.0,1.0,1.0,0.0,0.411404,0.605327,0.546554,0.320662,3,lonely,random,,,
0.733971,0.224704,0.020429,0.121149,1,0,0,0,0,0,0.195243,0.908324,0.188777,0.183826,1,warm,controlled_contrast,clear_day,clear_day_008,weird_high
0.111336,0.465721,0.740333,0.376065,1.0,0.0,0.0,1.0,1.0,0.0,0.511996,0.31393,0.060655,0.593832,0,quiet,random,,,
0.469557,0.985242,0.787382,0.801497,1.0,0.0,1.0,1.0,1.0,1.0,0.572507,0.718871,0.902354,0.487239,2,strange,random,,,
0.119141,0.820198,0.770174,0.302709,1.0,0.0,1.0,1.0,1.0,0.0,0.25379,0.505705,0.122964,0.100458,0,quiet,random,,,
0.773443,0.686641,0.107921,0.046727,1.0,1.0,0.0,0.0,1.0,0.0,0.506768,0.560175,0.608121,0.427614,1,warm,random,,,
0.128479,0.917865,0.214891,0.016375,1.0,0.0,1.0,1.0,1.0,0.0,0.256015,0.721152,0.413718,0.167912,0,quiet,random,,,
0.071626,0.963354,0.880784,0.185381,0.0,0.0,1.0,1.0,1.0,0.0,0.619239,0.679869,0.524768,0.72904,3,lonely,random,,,
0.315794,0.331398,0.080946,0.483086,0.0,0.0,0.0,0.0,1.0,0.0,0.4571,0.052732,0.445519,0.776038,3,lonely,random,,,
0.340981,0.827305,0.723111,0.459459,0.0,0.0,1.0,1.0,1.0,1.0,0.639815,0.565754,0.848375,0.668174,3,lonely,random,,,
0.092385,0.978731,0.349517,0.970399,1.0,0.0,1.0,1.0,1.0,0.0,0.873232,0.620315,0.697507,0.354893,0,quiet,random,,,
0.774102,0.81411,0.740788,0.58382,0.0,1.0,1.0,1.0,1.0,1.0,0.312605,0.607755,0.646956,0.124644,2,strange,random,,,
0.725702,0.613378,0.744217,0.488022,0.0,0.0,0.0,1.0,1.0,1.0,0.151865,0.901666,0.050178,0.399835,2,strange,random,,,
0.309105,0.661975,0.055293,0.07316,0.0,0.0,0.0,0.0,0.0,0.0,0.387226,0.073905,0.841269,0.506044,3,lonely,random,,,
0.572995,0.879411,0.598452,0.481153,0.0,0.0,1.0,1.0,1.0,0.0,0.706302,0.353356,0.413772,0.545318,0,quiet,random,,,
0.081571,0.239328,0.885972,0.886463,0.0,0.0,0.0,1.0,1.0,1.0,0.199337,0.499585,0.697812,0.080914,2,strange,random,,,
0.725349,0.271179,0.0,0.114892,1,0,0,0,0,0,0.214794,0.197014,0.213428,0.899377,3,lonely,controlled_contrast,clear_day,clear_day_060,lonely_high
0.213565,0.096048,0.656705,0.936682,1.0,0.0,0.0,1.0,1.0,1.0,0.887203,0.61242,0.274423,0.655708,2,strange,random,,,
0.5377,0.263985,0.137481,0.214255,0.0,0.0,0.0,0.0,1.0,0.0,0.121849,0.285883,0.781491,0.471605,3,lonely,random,,,
0.219832,0.250492,0.5172,0.262715,1.0,0.0,0.0,1.0,1.0,0.0,0.521321,0.378539,0.296202,0.678212,0,quiet,random,,,
0.318976,0.395589,0.155314,0.101577,1.0,0.0,0.0,0.0,1.0,0.0,0.288638,0.688589,0.686234,0.400169,1,warm,random,,,
0.106912,0.52296,0.063037,0.633427,0.0,0.0,0.0,0.0,0.0,0.0,0.894074,0.05084,0.591249,0.238515,0,quiet,random,,,
0.438643,0.809753,0.907104,0.263814,1.0,0.0,1.0,1.0,1.0,0.0,0.494738,0.968596,0.154881,0.397389,0,quiet,random,,,
0.562672,0.627753,0.307727,0.42765,0.0,0.0,0.0,1.0,1.0,0.0,0.292688,0.181018,0.784567,0.068799,3,lonely,random,,,
0.409338,0.760226,0.487325,0.186829,0,0,1,1,1,0,0.21128,0.906597,0.195921,0.191746,0,quiet,controlled_contrast,rainy_room,rainy_room_019,weird_high
0.48566,0.118409,0.47249,0.658413,1.0,0.0,0.0,1.0,1.0,0.0,0.630215,0.500428,0.38002,0.120513,0,quiet,random,,,
0.376137,0.252781,0.729511,0.862954,1.0,0.0,0.0,1.0,1.0,1.0,0.666262,0.459114,0.232951,0.259939,2,strange,random,,,
0.767945,0.014342,0.932389,0.378366,1.0,1.0,0.0,1.0,1.0,0.0,0.704099,0.728622,0.091472,0.497726,0,quiet,random,,,
0.327798,0.09244,0.036481,0.417236,1.0,0.0,0.0,0.0,0.0,0.0,0.482255,0.229302,0.409372,0.685851,1,warm,random,,,
0.46868,0.796066,0.073938,0.108911,0,0,1,0,1,0,0.889765,0.177361,0.203291,0.205091,0,quiet,controlled_contrast,humid_night,humid_night_018,calm_high
0.518646,0.24433,0.059233,0.204622,1,0,0,0,0,0,0.201334,0.193363,0.209905,0.889091,3,lonely,controlled_contrast,neutral_weather,neutral_weather_012,lonely_high
0.46808,0.819583,0.087767,0.134872,0,0,1,0,1,0,0.207591,0.903694,0.206667,0.18453,3,lonely,controlled_contrast,humid_night,humid_night_036,weird_high
0.725951,0.268081,0.0,0.114973,1,0,0,0,0,0,0.171509,0.898228,0.206088,0.198467,1,warm,controlled_contrast,clear_day,clear_day_019,weird_high
0.492583,0.789336,0.752878,0.68052,0,0,1,1,1,1,0.197439,0.192106,0.196721,0.894343,3,lonely,controlled_contrast,stormy_weather,stormy_weather_038,lonely_high
0.227264,0.416544,0.913945,0.22347,0.0,0.0,0.0,1.0,1.0,0.0,0.711433,0.684874,0.34663,0.191937,0,quiet,random,,,
0.166683,0.297514,0.002003,0.916447,0.0,0.0,0.0,0.0,0.0,0.0,0.415971,0.866355,0.727836,0.132698,2,strange,random,,,
0.29904,0.745795,0.843453,0.729465,0.0,0.0,0.0,1.0,1.0,1.0,0.300614,0.593905,0.360911,0.122848,2,strange,random,,,
0.391234,0.775789,0.280436,0.597299,1.0,0.0,1.0,1.0,1.0,0.0,0.195217,0.950868,0.412987,0.220288,0,quiet,random,,,
0.576485,0.969581,0.117358,0.000242,0.0,0.0,1.0,0.0,1.0,0.0,0.101402,0.80993,0.701955,0.314985,3,lonely,random,,,
0.124308,0.623818,0.215588,0.033892,0.0,0.0,0.0,1.0,1.0,0.0,0.100134,0.635089,0.692901,0.800056,3,lonely,random,,,
0.337524,0.397452,0.884852,0.451977,0.0,0.0,0.0,1.0,1.0,1.0,0.691723,0.675216,0.152368,0.580698,2,strange,random,,,
0.333784,0.650249,0.048881,0.215473,1.0,0.0,0.0,0.0,0.0,0.0,0.524795,0.884193,0.120287,0.09426,2,strange,random,,,
0.533985,0.692718,0.908162,0.002957,0.0,0.0,0.0,1.0,1.0,0.0,0.757898,0.619245,0.436491,0.376867,0,quiet,random,,,
0.200747,0.173834,0.039641,0.509618,1.0,0.0,0.0,0.0,0.0,0.0,0.932542,0.713264,0.696776,0.547386,1,warm,random,,,
0.137631,0.922186,0.022577,0.779096,1.0,0.0,1.0,0.0,1.0,0.0,0.622952,0.573947,0.44083,0.227933,1,warm,random,,,
0.074547,0.328459,0.943386,0.703496,1.0,0.0,0.0,1.0,1.0,1.0,0.603708,0.482086,0.307703,0.50629,2,strange,random,,,
0.684236,0.108522,0.183048,0.012876,0.0,0.0,0.0,0.0,1.0,0.0,0.858841,0.294532,0.374029,0.584178,3,lonely,random,,,
0.184155,0.838976,0.665663,0.346419,0.0,0.0,1.0,1.0,1.0,0.0,0.844785,0.244821,0.542148,0.161325,0,quiet,random,,,
0.78461,0.657067,0.565085,0.39915,0.0,1.0,0.0,1.0,1.0,0.0,0.486044,0.671508,0.694695,0.983648,3,lonely,random,,,
0.402272,0.804365,0.710527,0.745143,0,0,1,1,1,1,0.915667,0.213366,0.1993,0.199241,0,quiet,controlled_contrast,stormy_weather,stormy_weather_016,calm_high
0.503834,0.862312,0.130386,0.134107,0,0,1,0,1,0,0.186641,0.203464,0.205653,0.884976,3,lonely,controlled_contrast,humid_night,humid_night_031,lonely_high
0.641916,0.455065,0.019733,0.280972,0.0,0.0,0.0,0.0,0.0,0.0,0.652114,0.221385,0.565215,0.806792,3,lonely,random,,,
0.767998,0.215844,0.176769,0.005572,0.0,1.0,0.0,0.0,1.0,0.0,0.593243,0.520616,0.600492,0.837962,3,lonely,random,,,
0.128434,0.437276,0.656404,0.705249,1.0,0.0,0.0,1.0,1.0,1.0,0.749575,0.438911,0.730103,0.827374,2,strange,random,,,
0.404418,0.803337,0.742406,0.670048,0,0,1,1,1,1,0.202563,0.212365,0.189901,0.908115,3,lonely,controlled_contrast,stormy_weather,stormy_weather_066,lonely_high
0.810978,0.772143,0.163791,0.726584,0.0,1.0,1.0,0.0,1.0,0.0,0.222254,0.490512,0.548652,0.186282,3,lonely,random,,,
0.267078,0.066202,0.511298,0.65218,1.0,0.0,0.0,1.0,1.0,0.0,0.440667,0.140183,0.106884,0.886693,3,lonely,random,,,
0.038056,0.777036,0.002314,0.191835,1.0,0.0,1.0,0.0,1.0,0.0,0.687399,0.524416,0.320514,0.612783,0,quiet,random,,,
0.406873,0.001117,0.134102,0.846842,0.0,0.0,0.0,0.0,1.0,0.0,0.298058,0.222172,0.331329,0.360965,3,lonely,random,,,
0.560348,0.980658,0.8918,0.974145,1.0,0.0,1.0,1.0,1.0,1.0,0.280053,0.4555,0.317596,0.611024,2,strange,random,,,
0.093934,0.715561,0.865561,0.885713,1.0,0.0,0.0,1.0,1.0,1.0,0.503608,0.739493,0.349413,0.675158,2,strange,random,,,
0.716971,0.27038,0.0,0.153066,1,0,0,0,0,0,0.189328,0.205438,0.889583,0.21319,1,warm,controlled_contrast,clear_day,clear_day_033,warm_high
0.052071,0.026577,0.001794,0.957973,0.0,0.0,0.0,0.0,0.0,0.0,0.589801,0.892404,0.058507,0.421427,2,strange,random,,,
0.66411,0.544357,0.038806,0.799544,1.0,0.0,0.0,0.0,0.0,0.0,0.839191,0.13279,0.38488,0.337347,1,warm,random,,,
0.223952,0.135031,4e-06,0.500775,0.0,0.0,0.0,0.0,0.0,0.0,0.472809,0.077682,0.615909,0.396028,3,lonely,random,,,
0.412793,0.684929,0.659833,0.064528,1.0,0.0,0.0,1.0,1.0,0.0,0.720795,0.858494,0.307918,0.292995,0,quiet,random,,,
0.767402,0.658544,0.922899,0.711856,0.0,1.0,0.0,1.0,1.0,1.0,0.432978,0.733137,0.098462,0.618524,2,strange,random,,,
0.100198,0.581562,0.254994,0.276415,0.0,0.0,0.0,1.0,1.0,0.0,0.16564,0.192069,0.284039,0.798883,3,lonely,random,,,
0.450595,0.759854,0.461411,0.142916,0,0,1,1,1,0,0.205904,0.198763,0.92033,0.200883,3,lonely,controlled_contrast,rainy_room,rainy_room_010,warm_high
0.745917,0.276578,0.017468,0.156137,1,0,0,0,0,0,0.225838,0.888537,0.20804,0.200776,2,strange,controlled_contrast,clear_day,clear_day_052,weird_high
0.125031,0.774886,0.684741,0.993202,0.0,0.0,1.0,1.0,1.0,1.0,0.249154,0.84576,0.181652,0.277539,2,strange,random,,,
0.101025,0.766924,0.596143,0.949904,1.0,0.0,1.0,1.0,1.0,0.0,0.827061,0.085354,0.300229,0.694291,0,quiet,random,,,
0.630363,0.015635,0.587586,0.075424,1.0,0.0,0.0,1.0,1.0,0.0,0.146068,0.746397,0.366864,0.546717,1,warm,random,,,
0.128867,0.070312,0.014119,0.106714,1.0,0.0,0.0,0.0,0.0,0.0,0.328667,0.095326,0.299736,0.481564,1,warm,random,,,
0.713304,0.364395,0.102237,0.306123,0.0,0.0,0.0,0.0,1.0,0.0,0.712639,0.576198,0.958494,0.350531,3,lonely,random,,,
0.716126,0.547359,0.554556,0.078493,1.0,0.0,0.0,1.0,1.0,0.0,0.370394,0.229994,0.500114,0.62901,3,lonely,random,,,
0.458036,0.80419,0.708569,0.731029,0,0,1,1,1,1,0.190176,0.890195,0.212608,0.206018,2,strange,controlled_contrast,stormy_weather,stormy_weather_063,weird_high
0.654942,0.730527,0.553305,0.245988,0.0,0.0,0.0,1.0,1.0,0.0,0.174375,0.630152,0.525385,0.691149,3,lonely,random,,,
0.119196,0.457109,0.119479,0.033775,1.0,0.0,0.0,0.0,1.0,0.0,0.147367,0.642597,0.080675,0.887557,3,lonely,random,,,
0.705645,0.123777,0.001804,0.610455,1.0,0.0,0.0,0.0,0.0,0.0,0.476948,0.503928,0.259181,0.722422,1,warm,random,,,
0.057808,0.084674,0.280214,0.051287,0.0,0.0,0.0,1.0,1.0,0.0,0.108663,0.567174,0.242348,0.698106,3,lonely,random,,,
0.481219,0.230432,0.309739,0.351664,1.0,0.0,0.0,1.0,1.0,0.0,0.521941,0.857273,0.596581,0.570608,1,warm,random,,,
0.285469,0.580866,0.065466,0.132536,1.0,0.0,0.0,0.0,0.0,0.0,0.442196,0.83672,0.612583,0.65907,1,warm,random,,,
0.460005,0.819733,0.720939,0.709062,0,0,1,1,1,1,0.206484,0.214686,0.913826,0.206541,3,lonely,controlled_contrast,stormy_weather,stormy_weather_039,warm_high
0.004104,0.468061,0.02536,0.115998,0.0,0.0,0.0,0.0,0.0,0.0,0.334514,0.479831,0.821925,0.412038,1,warm,random,,,
0.067167,0.121775,0.068095,0.125435,1.0,0.0,0.0,0.0,0.0,0.0,0.119553,0.866798,0.173854,0.557974,2,strange,random,,,
0.396076,0.353057,0.008647,0.727575,0.0,0.0,0.0,0.0,0.0,0.0,0.161169,0.412653,0.604517,0.569561,3,lonely,random,,,
0.751313,0.765614,0.007857,0.331823,1.0,1.0,1.0,0.0,0.0,0.0,0.452462,0.513231,0.774773,0.461403,1,warm,random,,,
0.607761,0.109404,0.171587,0.608043,1.0,0.0,0.0,0.0,1.0,0.0,0.204314,0.984653,0.250595,0.50698,2,strange,random,,,
0.515863,0.256474,0.06358,0.23684,1,0,0,0,0,0,0.197345,0.192629,0.186901,0.889892,3,lonely,controlled_contrast,neutral_weather,neutral_weather_062,lonely_high
0.314625,0.377172,0.076,0.431197,1.0,0.0,0.0,0.0,0.0,0.0,0.843268,0.360722,0.476308,0.476905,1,warm,random,,,
0.407814,0.463383,0.767714,0.59286,1.0,0.0,0.0,1.0,1.0,1.0,0.1611,0.421979,0.666098,0.075239,2,strange,random,,,
0.390402,0.081026,0.233144,0.309388,1.0,0.0,0.0,1.0,1.0,0.0,0.328433,0.920965,0.125505,0.083984,2,strange,random,,,
0.435284,0.263148,0.053735,0.220091,1,0,0,0,0,0,0.912969,0.180049,0.212833,0.18645,0,quiet,controlled_contrast,neutral_weather,neutral_weather_026,calm_high
0.464658,0.431534,0.47526,0.715807,0.0,0.0,0.0,1.0,1.0,0.0,0.326482,0.231245,0.24665,0.602051,3,lonely,random,,,
0.479813,0.811181,0.762715,0.715129,0,0,1,1,1,1,0.199172,0.192061,0.193738,0.899062,3,lonely,controlled_contrast,stormy_weather,stormy_weather_022,lonely_high
0.524235,0.833775,0.113502,0.122091,0,0,1,0,1,0,0.199487,0.191864,0.197144,0.891749,3,lonely,controlled_contrast,humid_night,humid_night_020,lonely_high
0.032633,0.896202,0.872568,0.095053,1.0,0.0,1.0,1.0,1.0,0.0,0.169118,0.680582,0.269107,0.122552,0,quiet,random,,,
0.873838,0.113806,0.763797,0.728748,1.0,1.0,0.0,1.0,1.0,1.0,0.699464,0.618656,0.706026,0.219028,2,strange,random,,,
0.787221,0.344085,0.030079,0.662968,0.0,1.0,0.0,0.0,0.0,0.0,0.297573,0.697989,0.051662,0.847699,3,lonely,random,,,
0.481049,0.857944,0.051143,0.130374,0,0,1,0,1,0,0.204075,0.20535,0.910418,0.188547,3,lonely,controlled_contrast,humid_night,humid_night_055,warm_high
0.412099,0.783001,0.68509,0.72673,0,0,1,1,1,1,0.184159,0.901036,0.206532,0.186878,2,strange,controlled_contrast,stormy_weather,stormy_weather_072,weird_high
0.734991,0.902347,0.89521,0.058771,1.0,0.0,1.0,1.0,1.0,0.0,0.733204,0.10252,0.801393,0.531322,0,quiet,random,,,
0.350021,0.695532,0.040741,0.044459,0.0,0.0,0.0,0.0,1.0,0.0,0.276643,0.444192,0.468091,0.440884,3,lonely,random,,,
0.550771,0.042598,0.99444,0.878386,0.0,0.0,0.0,1.0,1.0,1.0,0.678707,0.593812,0.495753,0.077982,2,strange,random,,,
0.572848,0.015368,0.028233,0.359158,0.0,0.0,0.0,0.0,0.0,0.0,0.911078,0.217104,0.741152,0.555581,0,quiet,random,,,
0.415715,0.796697,0.542947,0.013208,1.0,0.0,1.0,1.0,1.0,0.0,0.377771,0.517207,0.656647,0.732476,0,quiet,random,,,
0.782274,0.750861,0.911115,0.659926,0.0,1.0,1.0,1.0,1.0,1.0,0.532706,0.857503,0.37476,0.493122,2,strange,random,,,
0.381907,0.618378,0.883369,0.97465,1.0,0.0,0.0,1.0,1.0,1.0,0.177008,0.403769,0.439784,0.159009,2,strange,random,,,
0.067931,0.361531,0.919885,0.086896,1.0,0.0,0.0,1.0,1.0,0.0,0.539959,0.706189,0.119982,0.151378,0,quiet,random,,,
0.971292,0.317978,0.850969,0.63852,0.0,1.0,0.0,1.0,1.0,1.0,0.639625,0.592508,0.686666,0.287789,2,strange,random,,,
0.67299,0.663629,0.048801,0.975846,1.0,0.0,0.0,0.0,0.0,0.0,0.436129,0.454184,0.068273,0.371111,1,warm,random,,,
0.716246,0.298094,0.94048,0.85492,1.0,0.0,0.0,1.0,1.0,1.0,0.303756,0.246699,0.525978,0.251,2,strange,random,,,
0.075485,0.791582,0.826631,0.119366,1.0,0.0,1.0,1.0,1.0,0.0,0.259516,0.689997,0.449123,0.222434,0,quiet,random,,,
0.847649,0.468807,0.003046,0.030236,0.0,1.0,0.0,0.0,0.0,0.0,0.858114,0.220434,0.45928,0.415247,1,warm,random,,,
0.908534,0.78338,0.261824,0.867337,0.0,1.0,1.0,1.0,1.0,0.0,0.51774,0.176328,0.314972,0.302059,0,quiet,random,,,
0.623668,0.074583,0.42765,0.001602,1.0,0.0,0.0,1.0,1.0,0.0,0.60689,0.905237,0.103391,0.412585,0,quiet,random,,,
0.440725,0.747303,0.007152,0.192106,0.0,0.0,0.0,0.0,1.0,0.0,0.575188,0.622482,0.131997,0.1403,3,lonely,random,,,
0.061671,0.57993,0.692198,0.06271,0.0,0.0,0.0,1.0,1.0,0.0,0.137465,0.641804,0.331747,0.722838,3,lonely,random,,,
0.68474,0.239408,0.004469,0.153591,1,0,0,0,0,0,0.913429,0.193738,0.178523,0.210474,0,quiet,controlled_contrast,clear_day,clear_day_030,calm_high
0.334831,0.036532,0.176593,0.671685,0.0,0.0,0.0,0.0,1.0,0.0,0.3265,0.546221,0.881784,0.317458,1,warm,random,,,
0.510108,0.593709,0.269825,0.0158,0.0,0.0,0.0,1.0,1.0,0.0,0.569849,0.593027,0.333689,0.114874,0,quiet,random,,,
0.041694,0.360186,0.728277,0.506876,1.0,0.0,0.0,1.0,1.0,1.0,0.221354,0.59957,0.247441,0.967007,2,strange,random,,,
0.735824,0.207574,0.0,0.168404,1,0,0,0,0,0,0.205809,0.898892,0.211207,0.201903,2,strange,controlled_contrast,clear_day,clear_day_066,weird_high
0.548855,0.009627,0.022672,0.093258,1.0,0.0,0.0,0.0,0.0,0.0,0.587486,0.951772,0.184811,0.3831,2,strange,random,,,
0.26495,0.327375,0.496515,0.49266,1.0,0.0,0.0,1.0,1.0,0.0,0.148097,0.550799,0.498996,0.16076,1,warm,random,,,
0.06486,0.957664,0.747988,0.291848,1.0,0.0,1.0,1.0,1.0,0.0,0.627311,0.731274,0.472197,0.340899,0,quiet,random,,,
0.382882,0.896431,0.397771,0.169566,0.0,0.0,1.0,1.0,1.0,0.0,0.481372,0.651068,0.373254,0.392202,0,quiet,random,,,
0.402968,0.815805,0.492955,0.23077,0,0,1,1,1,0,0.192248,0.88661,0.174365,0.202609,3,lonely,controlled_contrast,rainy_room,rainy_room_009,weird_high
0.426849,0.140198,0.125954,0.112073,0.0,0.0,0.0,0.0,1.0,0.0,0.51748,0.504021,0.748903,0.314691,3,lonely,random,,,
0.072468,0.824933,0.023181,0.665115,0.0,0.0,1.0,0.0,1.0,0.0,0.35368,0.611108,0.751458,0.350799,3,lonely,random,,,
0.426718,0.813981,0.701738,0.725874,0,0,1,1,1,1,0.201491,0.204497,0.904932,0.202856,3,lonely,controlled_contrast,stormy_weather,stormy_weather_019,warm_high
0.745611,0.817178,0.713394,0.004954,1.0,0.0,1.0,1.0,1.0,0.0,0.376328,0.623747,0.204543,0.290131,0,quiet,random,,,
0.582701,0.536404,0.080109,0.910326,1.0,0.0,0.0,0.0,1.0,0.0,0.388387,0.290932,0.581192,0.419028,1,warm,random,,,
0.424197,0.804148,0.459773,0.207816,0,0,1,1,1,0,0.9077,0.189818,0.183032,0.194583,0,quiet,controlled_contrast,rainy_room,rainy_room_000,calm_high
0.465003,0.822531,0.003702,0.934074,1.0,0.0,1.0,0.0,1.0,0.0,0.220432,0.429977,0.283767,0.055098,1,warm,random,,,
0.314512,0.59043,0.027492,0.491288,1.0,0.0,0.0,0.0,0.0,0.0,0.571944,0.948897,0.180648,0.417176,2,strange,random,,,
0.283507,0.020597,0.183052,0.299501,0.0,0.0,0.0,0.0,1.0,0.0,0.685753,0.603787,0.496066,0.832927,3,lonely,random,,,
0.797427,0.410705,0.745967,0.009917,0.0,1.0,0.0,1.0,1.0,0.0,0.407166,0.287853,0.51939,0.066672,0,quiet,random,,,
0.705738,0.340522,0.377785,0.17729,0.0,0.0,0.0,1.0,1.0,0.0,0.467774,0.842517,0.089181,0.199966,0,quiet,random,,,
0.555181,0.00153,0.395051,0.340723,1.0,0.0,0.0,1.0,1.0,0.0,0.129568,0.11322,0.056254,0.414607,0,quiet,random,,,
0.831953,0.058478,0.581999,0.314411,1.0,1.0,0.0,1.0,1.0,0.0,0.733218,0.803445,0.077352,0.363287,0,quiet,random,,,
0.638401,0.223694,0.582273,0.83975,0.0,0.0,0.0,1.0,1.0,0.0,0.696009,0.538966,0.49259,0.987328,3,lonely,random,,,
0.951042,0.246551,0.748675,0.354674,0.0,1.0,0.0,1.0,1.0,0.0,0.653137,0.691389,0.40261,0.89845,3,lonely,random,,,
0.502934,0.187903,0.003802,0.222728,0.0,0.0,0.0,0.0,0.0,0.0,0.341952,0.560289,0.237983,0.993357,3,lonely,random,,,
0.489498,0.032808,0.579208,0.411162,0.0,0.0,0.0,1.0,1.0,0.0,0.422303,0.198099,0.48419,0.536716,3,lonely,random,,,
0.457626,0.784821,0.755688,0.711132,0,0,1,1,1,1,0.192792,0.203462,0.190394,0.89573,3,lonely,controlled_contrast,stormy_weather,stormy_weather_024,lonely_high
0.035834,0.252296,0.785676,0.876425,1.0,0.0,0.0,1.0,1.0,1.0,0.480965,0.640239,0.998728,0.310255,2,strange,random,,,
0.352427,0.056285,0.074094,0.344792,0.0,0.0,0.0,0.0,0.0,0.0,0.128688,0.471201,0.115,0.914712,3,lonely,random,,,
0.371866,0.826591,0.0,0.148088,0.0,0.0,1.0,0.0,1.0,0.0,0.15836,0.682087,0.650705,0.155387,3,lonely,random,,,
0.570806,0.039448,0.159367,0.700659,1.0,0.0,0.0,0.0,1.0,0.0,0.457732,0.075763,0.245513,0.081211,1,warm,random,,,
0.434131,0.761002,0.440558,0.233316,0,0,1,1,1,0,0.216981,0.904973,0.214419,0.207158,3,lonely,controlled_contrast,rainy_room,rainy_room_060,weird_high
0.453415,0.640794,0.192253,0.429567,0.0,0.0,0.0,0.0,1.0,0.0,0.481942,0.453743,0.140771,0.736828,3,lonely,random,,,
0.552615,0.972364,0.889727,0.085778,0.0,0.0,1.0,1.0,1.0,0.0,0.546468,0.727925,0.265456,0.267661,0,quiet,random,,,
0.460237,0.008343,0.094064,0.01363,0.0,0.0,0.0,0.0,1.0,0.0,0.256575,0.946316,0.471996,0.060808,2,strange,random,,,
0.769901,0.347065,0.827136,0.935284,0.0,1.0,0.0,1.0,1.0,1.0,0.277595,0.979521,0.434329,0.354261,2,strange,random,,,
0.229191,0.542635,0.408577,0.005456,1.0,0.0,0.0,1.0,1.0,0.0,0.466776,0.145202,0.158055,0.430757,0,quiet,random,,,
0.316697,0.31514,0.943683,0.876152,1.0,0.0,0.0,1.0,1.0,1.0,0.960232,0.617613,0.482278,0.547442,2,strange,random,,,
0.904511,0.266246,0.038163,0.384236,1.0,1.0,0.0,0.0,0.0,0.0,0.420825,0.158832,0.24655,0.756145,1,warm,random,,,
0.441274,0.569892,0.035633,0.959405,1.0,0.0,0.0,0.0,0.0,0.0,0.285689,0.814695,0.188289,0.558139,2,strange,random,,,
0.973436,0.224594,0.042368,0.030005,0.0,1.0,0.0,0.0,0.0,0.0,0.295238,0.824549,0.111341,0.602239,3,lonely,random,,,
0.592503,0.152712,0.824536,0.727486,1.0,0.0,0.0,1.0,1.0,1.0,0.476061,0.269523,0.096749,0.723569,2,strange,random,,,
0.501579,0.422931,0.29473,0.181585,1.0,0.0,0.0,1.0,1.0,0.0,0.255246,0.475202,0.324656,0.655786,3,lonely,random,,,
0.128542,0.467802,0.973398,0.543731,0.0,0.0,0.0,1.0,1.0,1.0,0.553571,0.319187,0.881717,0.07427,2,strange,random,,,
0.261613,0.269475,0.803875,0.303256,1.0,0.0,0.0,1.0,1.0,0.0,0.422973,0.129669,0.320578,0.06908,0,quiet,random,,,
0.445282,0.854872,0.084355,0.106715,0,0,1,0,1,0,0.897346,0.209649,0.191603,0.200503,0,quiet,controlled_contrast,humid_night,humid_night_004,calm_high
0.486037,0.263944,0.594351,0.20949,0.0,0.0,0.0,1.0,1.0,0.0,0.607231,0.187133,0.294583,0.5204,3,lonely,random,,,
0.480862,0.935158,0.639462,0.917789,1.0,0.0,1.0,1.0,1.0,0.0,0.952286,0.716422,0.670301,0.358758,0,quiet,random,,,
0.780121,0.974093,0.426945,0.423104,0.0,1.0,1.0,1.0,1.0,0.0,0.49676,0.155808,0.140408,0.674938,3,lonely,random,,,
0.113412,0.610957,0.980874,0.803179,1.0,0.0,0.0,1.0,1.0,1.0,0.535201,0.218941,0.133939,0.477566,2,strange,random,,,
0.703741,0.133659,0.552298,0.000136,0.0,0.0,0.0,1.0,1.0,0.0,0.739516,0.579058,0.36052,0.191299,0,quiet,random,,,
0.083574,0.369265,0.003449,0.951383,0.0,0.0,0.0,0.0,0.0,0.0,0.452255,0.198235,0.321732,0.919356,3,lonely,random,,,
0.732545,0.03265,0.655214,0.655194,1.0,0.0,0.0,1.0,1.0,1.0,0.638003,0.250176,0.434827,0.226941,2,strange,random,,,
0.465653,0.219097,0.091206,0.255484,1,0,0,0,0,0,0.166891,0.203304,0.205305,0.905013,3,lonely,controlled_contrast,neutral_weather,neutral_weather_003,lonely_high
0.294215,0.190608,0.093548,0.140284,1.0,0.0,0.0,0.0,1.0,0.0,0.552663,0.509616,0.135134,0.19128,1,warm,random,,,
0.26794,0.274895,0.040081,0.554791,0.0,0.0,0.0,0.0,0.0,0.0,0.176573,0.672736,0.315996,0.088795,2,strange,random,,,
0.718758,0.355857,0.202458,0.29882,1.0,0.0,0.0,1.0,1.0,0.0,0.43412,0.421852,0.311205,0.277388,0,quiet,random,,,
0.722745,0.638056,0.384749,0.272737,0.0,0.0,0.0,1.0,1.0,0.0,0.641475,0.29372,0.42828,0.177648,0,quiet,random,,,
0.373294,0.070903,0.031021,0.995155,0.0,0.0,0.0,0.0,0.0,0.0,0.308244,0.462734,0.137286,0.199128,3,lonely,random,,,
0.530504,0.264819,0.002281,0.185629,1,0,0,0,0,0,0.206286,0.212237,0.903002,0.188728,1,warm,controlled_contrast,neutral_weather,neutral_weather_037,warm_high
0.354826,0.136291,0.000299,0.035594,0.0,0.0,0.0,0.0,0.0,0.0,0.716777,0.731589,0.198095,0.313999,0,quiet,random,,,
0.317678,0.820618,0.652552,0.385388,1.0,0.0,1.0,1.0,1.0,0.0,0.747558,0.986737,0.332883,0.747208,0,quiet,random,,,
0.300668,0.648854,0.272307,0.089229,1.0,0.0,0.0,1.0,1.0,0.0,0.199484,0.060409,0.486581,0.529131,1,warm,random,,,
0.091305,0.191123,0.26356,0.661479,1.0,0.0,0.0,1.0,1.0,0.0,0.634653,0.296271,0.133452,0.217093,0,quiet,random,,,
0.301194,0.891986,0.294496,0.796968,0.0,0.0,1.0,1.0,1.0,0.0,0.744576,0.409173,0.613221,0.269633,0,quiet,random,,,
0.990222,0.620338,0.111474,0.318976,0.0,1.0,0.0,0.0,1.0,0.0,0.967788,0.508854,0.454407,0.106462,3,lonely,random,,,
0.906993,0.627344,0.873885,0.247791,1.0,1.0,0.0,1.0,1.0,0.0,0.728964,0.921544,0.444562,0.223773,0,quiet,random,,,
0.534886,0.818923,0.083657,0.155276,0,0,1,0,1,0,0.211259,0.170115,0.189835,0.894938,3,lonely,controlled_contrast,humid_night,humid_night_001,lonely_high
0.818135,0.504023,0.702571,0.490163,1.0,1.0,0.0,1.0,1.0,1.0,0.60228,0.735727,0.740369,0.374429,2,strange,random,,,
0.48314,0.971776,0.00103,0.194572,1.0,0.0,1.0,0.0,1.0,0.0,0.67877,0.852167,0.568557,0.429033,1,warm,random,,,
0.798105,0.10311,0.004825,0.363569,1.0,1.0,0.0,0.0,0.0,0.0,0.479627,0.328366,0.208696,0.791536,1,warm,random,,,
0.993641,0.954186,0.742495,0.114107,1.0,1.0,1.0,1.0,1.0,0.0,0.369889,0.582723,0.303431,0.820251,3,lonely,random,,,
0.023695,0.512792,0.763067,0.671325,1.0,0.0,0.0,1.0,1.0,1.0,0.701919,0.849734,0.59358,0.170485,2,strange,random,,,
0.299368,0.772672,0.265908,0.909703,1.0,0.0,1.0,1.0,1.0,0.0,0.854652,0.586203,0.64605,0.411984,0,quiet,random,,,
0.511346,0.850191,0.094933,0.118146,0,0,1,0,1,0,0.911573,0.187714,0.213085,0.214365,0,quiet,controlled_contrast,humid_night,humid_night_038,calm_high
0.98998,0.127484,0.420631,0.155106,1.0,1.0,0.0,1.0,1.0,0.0,0.549361,0.990206,0.406255,0.349104,1,warm,random,,,
0.31867,0.960481,0.000639,0.011197,0.0,0.0,1.0,0.0,1.0,0.0,0.331262,0.745455,0.581102,0.393847,3,lonely,random,,,
0.461201,0.829207,0.098287,0.062909,0,0,1,0,1,0,0.19732,0.196688,0.895452,0.189956,3,lonely,controlled_contrast,humid_night,humid_night_008,warm_high
0.018145,0.695996,0.018789,0.496772,1.0,0.0,0.0,0.0,1.0,0.0,0.274855,0.144332,0.721612,0.508819,1,warm,random,,,
0.501768,0.796877,0.704659,0.687836,0,0,1,1,1,1,0.888472,0.224743,0.201165,0.186433,0,quiet,controlled_contrast,stormy_weather,stormy_weather_012,calm_high
0.796878,0.75958,0.422552,0.031639,1.0,1.0,1.0,1.0,1.0,0.0,0.054422,0.858779,0.691952,0.612384,1,warm,random,,,
0.405324,0.068263,0.12205,0.393683,1.0,0.0,0.0,0.0,1.0,0.0,0.972034,0.554272,0.450694,0.162149,1,warm,random,,,
0.035333,0.572048,0.133283,0.131013,1.0,0.0,0.0,0.0,1.0,0.0,0.703054,0.390071,0.419147,0.108357,1,warm,random,,,
0.57261,0.188281,0.016925,0.518302,0.0,0.0,0.0,0.0,0.0,0.0,0.512593,0.638997,0.396702,0.17025,2,strange,random,,,
0.771921,0.576736,0.002974,0.01067,1.0,1.0,0.0,0.0,0.0,0.0,0.726312,0.457925,0.729262,0.198647,1,warm,random,,,
0.007487,0.489968,0.910294,0.496815,1.0,0.0,0.0,1.0,1.0,1.0,0.324137,0.975061,0.597664,0.140584,2,strange,random,,,
0.490052,0.761905,0.009999,0.281496,1.0,0.0,1.0,0.0,1.0,0.0,0.28579,0.678002,0.206526,0.681499,3,lonely,random,,,
0.182612,0.753812,0.379937,0.784723,0.0,0.0,1.0,1.0,1.0,0.0,0.401365,0.206567,0.967132,0.195948,0,quiet,random,,,
0.021812,0.091057,0.518159,0.542055,1.0,0.0,0.0,1.0,1.0,0.0,0.362928,0.119668,0.912966,0.225667,1,warm,random,,,
0.341455,0.697272,0.559249,0.096895,1.0,0.0,0.0,1.0,1.0,0.0,0.718556,0.847389,0.317549,0.705604,0,quiet,random,,,
0.954944,0.089607,0.066983,0.356897,0.0,1.0,0.0,0.0,0.0,0.0,0.664163,0.727239,0.335008,0.133202,1,warm,random,,,
0.218466,0.44876,0.773538,0.74613,1.0,0.0,0.0,1.0,1.0,1.0,0.540765,0.27927,0.49245,0.509862,2,strange,random,,,
0.021981,0.125785,0.060708,0.005494,1.0,0.0,0.0,0.0,0.0,0.0,0.082996,0.733208,0.065202,0.834161,3,lonely,random,,,
0.47579,0.272103,0.052638,0.267267,1,0,0,0,0,0,0.214244,0.203715,0.199944,0.890394,3,lonely,controlled_contrast,neutral_weather,neutral_weather_043,lonely_high
0.565235,0.877884,0.234362,0.778116,1.0,0.0,1.0,1.0,1.0,0.0,0.719678,0.182719,0.115807,0.884801,0,quiet,random,,,
0.45504,0.78367,0.723868,0.744972,0,0,1,1,1,1,0.206733,0.209296,0.908707,0.197705,3,lonely,controlled_contrast,stormy_weather,stormy_weather_075,warm_high
0.369338,0.802307,0.43594,0.179186,0,0,1,1,1,0,0.893474,0.197924,0.210466,0.193685,0,quiet,controlled_contrast,rainy_room,rainy_room_008,calm_high
0.772188,0.88004,0.686874,0.008374,1.0,1.0,1.0,1.0,1.0,0.0,0.708623,0.361917,0.433369,0.928132,0,quiet,random,,,
0.737,0.270922,0.0,0.152224,1,0,0,0,0,0,0.207091,0.195328,0.908027,0.181913,1,warm,controlled_contrast,clear_day,clear_day_036,warm_high
0.124152,0.292293,0.003897,0.697387,0.0,0.0,0.0,0.0,0.0,0.0,0.515135,0.724873,0.354705,0.242373,2,strange,random,,,
0.47579,0.272103,0.052638,0.267267,1,0,0,0,0,0,0.20101,0.220012,0.897889,0.198755,1,warm,controlled_contrast,neutral_weather,neutral_weather_043,warm_high
0.750239,0.376259,0.040943,0.101276,1.0,1.0,0.0,0.0,0.0,0.0,0.356993,0.095193,0.595705,0.730371,1,warm,random,,,
0.094142,0.849765,0.803641,0.979338,1.0,0.0,1.0,1.0,1.0,1.0,0.272408,0.308458,0.625783,0.568218,2,strange,random,,,
0.851781,0.097504,0.394148,0.351493,1.0,1.0,0.0,1.0,1.0,0.0,0.133459,0.819304,0.291139,0.251356,1,warm,random,,,
0.466415,0.814237,0.730031,0.700797,0,0,1,1,1,1,0.175804,0.206532,0.894254,0.178125,3,lonely,controlled_contrast,stormy_weather,stormy_weather_021,warm_high
0.832927,0.954941,0.038673,0.582963,1.0,1.0,1.0,0.0,1.0,0.0,0.142432,0.424924,0.435906,0.376041,1,warm,random,,,
0.833467,0.728794,0.013583,0.17011,1.0,1.0,0.0,0.0,1.0,0.0,0.168978,0.475907,0.287234,0.681021,1,warm,random,,,
0.374836,0.292011,0.223272,0.481506,1.0,0.0,0.0,1.0,1.0,0.0,0.294681,0.559582,0.393004,0.483326,1,warm,random,,,
0.785492,0.756591,0.951825,0.096545,0.0,1.0,1.0,1.0,1.0,0.0,0.514884,0.356877,0.405314,0.90483,3,lonely,random,,,
0.025359,0.865803,0.263944,0.349424,0.0,0.0,1.0,1.0,1.0,0.0,0.376621,0.567784,0.062472,0.24246,0,quiet,random,,,
0.036488,0.516285,0.482191,0.492015,1.0,0.0,0.0,1.0,1.0,0.0,0.570238,0.178371,0.151894,0.529062,0,quiet,random,,,
0.048449,0.204473,0.476037,0.257985,1.0,0.0,0.0,1.0,1.0,0.0,0.435776,0.253512,0.347788,0.15144,0,quiet,random,,,
0.595353,0.930045,0.478203,0.564952,0.0,0.0,1.0,1.0,1.0,0.0,0.435561,0.27348,0.141915,0.272242,3,lonely,random,,,
0.624617,0.592282,0.294732,0.178842,1.0,0.0,0.0,1.0,1.0,0.0,0.573067,0.530292,0.109281,0.463463,0,quiet,random,,,
0.447395,0.928756,0.004326,0.510231,0.0,0.0,1.0,0.0,0.0,0.0,0.978599,0.701388,0.150405,0.371655,0,quiet,random,,,
0.711774,0.277146,0.0,0.094904,1,0,0,0,0,0,0.188016,0.190705,0.90121,0.204714,1,warm,controlled_contrast,clear_day,clear_day_026,warm_high
0.294068,0.200057,0.011936,0.609246,1.0,0.0,0.0,0.0,0.0,0.0,0.186975,0.331484,0.803934,0.14327,1,warm,random,,,
0.770377,0.081561,0.973246,0.50055,1.0,1.0,0.0,1.0,1.0,1.0,0.58616,0.938131,0.192207,0.748785,2,strange,random,,,
0.362697,0.164761,0.285353,0.022197,0.0,0.0,0.0,1.0,1.0,0.0,0.61521,0.325091,0.728373,0.064411,0,quiet,random,,,
0.486082,0.240775,0.014886,0.215854,1,0,0,0,0,0,0.180961,0.196761,0.903363,0.177875,1,warm,controlled_contrast,neutral_weather,neutral_weather_049,warm_high
0.728339,0.306082,0.040896,0.083033,0.0,0.0,0.0,0.0,0.0,0.0,0.940255,0.590475,0.448076,0.374962,0,quiet,random,,,
0.480589,0.320401,0.990172,0.399961,0.0,0.0,0.0,1.0,1.0,0.0,0.15533,0.112717,0.412112,0.749774,3,lonely,random,,,
0.694021,0.177413,0.000514,0.582697,0.0,0.0,0.0,0.0,0.0,0.0,0.657991,0.559984,0.40208,0.252622,3,lonely,random,,,
0.377194,0.148152,0.459833,0.919302,0.0,0.0,0.0,1.0,1.0,0.0,0.446486,0.347347,0.632115,0.324814,3,lonely,random,,,
0.769347,0.221963,0.003424,0.137983,1,0,0,0,0,0,0.200397,0.911855,0.199154,0.191056,1,warm,controlled_contrast,clear_day,clear_day_004,weird_high
0.724997,0.216459,0.002298,0.15359,1,0,0,0,0,0,0.218472,0.903535,0.188695,0.199249,1,warm,controlled_contrast,clear_day,clear_day_024,weird_high
0.43453,0.782165,0.448649,0.21387,0,0,1,1,1,0,0.900526,0.195518,0.211066,0.19506,0,quiet,controlled_contrast,rainy_room,rainy_room_068,calm_high
0.500636,0.48405,0.715552,0.947788,0.0,0.0,0.0,1.0,1.0,1.0,0.680578,0.658556,0.617903,0.213072,2,strange,random,,,
0.81733,0.900581,0.083444,0.030351,1.0,1.0,1.0,0.0,1.0,0.0,0.158631,0.152653,0.202817,0.516904,1,warm,random,,,
0.049442,0.500957,0.938434,0.922697,1.0,0.0,0.0,1.0,1.0,1.0,0.364371,0.217036,0.676992,0.604602,2,strange,random,,,
0.958344,0.933701,0.954983,0.702899,1.0,1.0,1.0,1.0,1.0,1.0,0.084348,0.674846,0.095958,0.263626,2,strange,random,,,
0.413827,0.789132,0.449986,0.209663,0,0,1,1,1,0,0.205663,0.915988,0.197245,0.204572,3,lonely,controlled_contrast,rainy_room,rainy_room_026,weird_high
0.860215,0.058152,0.270064,0.868661,1.0,1.0,0.0,1.0,1.0,0.0,0.243765,0.592579,0.270864,0.769199,1,warm,random,,,
0.385261,0.92558,0.528336,0.697199,1.0,0.0,1.0,1.0,1.0,0.0,0.504871,0.808158,0.686853,0.247944,0,quiet,random,,,
0.755986,0.798868,0.778259,0.54715,0.0,1.0,1.0,1.0,1.0,1.0,0.090776,0.747411,0.574575,0.087937,2,strange,random,,,
0.501768,0.796877,0.704659,0.687836,0,0,1,1,1,1,0.205795,0.198199,0.207388,0.907283,3,lonely,controlled_contrast,stormy_weather,stormy_weather_012,lonely_high
0.747556,0.636543,0.798035,0.022597,1.0,0.0,0.0,1.0,1.0,0.0,0.380226,0.905339,0.20393,0.102387,0,quiet,random,,,
0.457459,0.261029,0.024628,0.237019,1,0,0,0,0,0,0.889094,0.202713,0.195129,0.211745,0,quiet,controlled_contrast,neutral_weather,neutral_weather_023,calm_high
0.007417,0.693978,0.011296,0.813328,0.0,0.0,0.0,0.0,0.0,0.0,0.88781,0.514425,0.722478,0.319353,3,lonely,random,,,
0.509435,0.822,0.075961,0.134507,0,0,1,0,1,0,0.182346,0.192446,0.189865,0.904879,3,lonely,controlled_contrast,humid_night,humid_night_032,lonely_high
0.39902,0.7404,0.492235,0.182758,0,0,1,1,1,0,0.17508,0.897538,0.193469,0.214168,3,lonely,controlled_contrast,rainy_room,rainy_room_023,weird_high
0.755173,0.717698,0.803406,0.342197,0.0,1.0,0.0,1.0,1.0,0.0,0.439763,0.602782,0.613672,0.728859,3,lonely,random,,,
0.472549,0.810324,0.731222,0.715807,0,0,1,1,1,1,0.190638,0.916155,0.180949,0.194733,2,strange,controlled_contrast,stormy_weather,stormy_weather_040,weird_high
0.797467,0.250013,0.432029,0.025915,1.0,1.0,0.0,1.0,1.0,0.0,0.986909,0.448489,0.539961,0.220341,0,quiet,random,,,
0.421755,0.879685,0.146245,0.610801,1.0,0.0,1.0,0.0,1.0,0.0,0.202562,0.973968,0.607989,0.431795,1,warm,random,,,
0.058561,0.11214,0.340399,0.402064,0.0,0.0,0.0,1.0,1.0,0.0,0.493892,0.655137,0.642933,0.337033,3,lonely,random,,,
0.606093,0.053575,0.011725,0.044041,1.0,0.0,0.0,0.0,0.0,0.0,0.269776,0.163572,0.423783,0.731189,1,warm,random,,,
0.147366,0.060338,0.459678,0.093366,0.0,0.0,0.0,1.0,1.0,0.0,0.174976,0.560665,0.981386,0.271183,1,warm,random,,,
0.372287,0.16241,0.008465,0.621893,1.0,0.0,0.0,0.0,0.0,0.0,0.632438,0.722319,0.371999,0.357807,1,warm,random,,,
0.756581,0.123268,0.61119,0.945597,1.0,1.0,0.0,1.0,1.0,0.0,0.159085,0.894641,0.470499,0.145411,1,warm,random,,,
0.683215,0.860507,0.004549,0.632127,0.0,0.0,1.0,0.0,1.0,0.0,0.582153,0.716392,0.307453,0.564178,3,lonely,random,,,
0.433194,0.197539,0.700258,0.728552,1.0,0.0,0.0,1.0,1.0,1.0,0.156868,0.640943,0.391201,0.228471,2,strange,random,,,
0.799235,0.282241,0.652183,0.244071,1.0,1.0,0.0,1.0,1.0,0.0,0.471159,0.387819,0.384915,0.822109,1,warm,random,,,
0.111653,0.49616,0.004166,0.974933,1.0,0.0,0.0,0.0,0.0,0.0,0.689729,0.9268,0.249456,0.260706,2,strange,random,,,
0.11659,0.915155,0.076172,0.395876,1.0,0.0,1.0,0.0,1.0,0.0,0.710739,0.322178,0.114721,0.490837,0,quiet,random,,,
0.112992,0.73463,0.114478,0.865271,0.0,0.0,0.0,0.0,1.0,0.0,0.349714,0.959967,0.703155,0.403658,3,lonely,random,,,
0.575067,0.581545,0.123017,0.110633,0.0,0.0,0.0,0.0,1.0,0.0,0.366043,0.407531,0.673438,0.744819,3,lonely,random,,,
0.413557,0.799904,0.452945,0.183852,0,0,1,1,1,0,0.198088,0.895936,0.184873,0.194874,3,lonely,controlled_contrast,rainy_room,rainy_room_041,weird_high
0.451429,0.769924,0.498682,0.190523,0,0,1,1,1,0,0.204331,0.188773,0.90003,0.208234,3,lonely,controlled_contrast,rainy_room,rainy_room_013,warm_high
0.43482,0.806969,0.425369,0.16554,0,0,1,1,1,0,0.901175,0.205683,0.225887,0.186243,0,quiet,controlled_contrast,rainy_room,rainy_room_046,calm_high
0.719289,0.257703,0.0,0.135752,1,0,0,0,0,0,0.194454,0.207442,0.905817,0.175224,1,warm,controlled_contrast,clear_day,clear_day_077,warm_high
0.566028,0.788461,4e-06,0.1533,0.0,0.0,1.0,0.0,1.0,0.0,0.064776,0.716595,0.323126,0.365799,3,lonely,random,,,
0.46975,0.827384,0.06911,0.133603,0,0,1,0,1,0,0.191497,0.212291,0.90582,0.20539,3,lonely,controlled_contrast,humid_night,humid_night_042,warm_high
0.061642,0.893085,0.403338,0.430017,1.0,0.0,1.0,1.0,1.0,0.0,0.268281,0.255732,0.083827,0.258855,0,quiet,random,,,
0.561868,0.004894,0.009681,0.187415,0.0,0.0,0.0,0.0,0.0,0.0,0.800433,0.574792,0.735845,0.358792,1,warm,random,,,
0.732113,0.271958,0.0,0.137966,1,0,0,0,0,0,0.92385,0.203967,0.200513,0.204385,0,quiet,controlled_contrast,clear_day,clear_day_072,calm_high
0.415038,0.888503,0.002089,0.293951,0.0,0.0,1.0,0.0,1.0,0.0,0.321023,0.225154,0.376349,0.817453,3,lonely,random,,,
0.71688,0.019667,0.574375,0.983724,1.0,0.0,0.0,1.0,1.0,0.0,0.217347,0.247422,0.666741,0.348968,1,warm,random,,,
0.381233,0.585446,0.232632,0.773565,0.0,0.0,0.0,1.0,1.0,0.0,0.647357,0.195729,0.176938,0.146115,0,quiet,random,,,
0.446425,0.789636,0.768671,0.741157,0,0,1,1,1,1,0.213923,0.898987,0.216752,0.180934,2,strange,controlled_contrast,stormy_weather,stormy_weather_064,weird_high
0.707487,0.264731,0.760687,0.704944,1.0,0.0,0.0,1.0,1.0,1.0,0.533947,0.618284,0.569588,0.704088,2,strange,random,,,
0.383186,0.023807,0.004803,0.432936,1.0,0.0,0.0,0.0,0.0,0.0,0.486939,0.655877,0.560498,0.748388,1,warm,random,,,
0.475255,0.819495,0.716322,0.716754,0,0,1,1,1,1,0.182021,0.210573,0.888123,0.218846,3,lonely,controlled_contrast,stormy_weather,stormy_weather_062,warm_high
0.933449,0.228737,0.347332,0.058728,0.0,1.0,0.0,1.0,1.0,0.0,0.739723,0.673651,0.460645,0.339502,0,quiet,random,,,
0.12463,0.185899,0.054242,0.773496,0.0,0.0,0.0,0.0,0.0,0.0,0.612321,0.554577,0.660235,0.068034,1,warm,random,,,
0.334481,0.086866,0.233995,0.47975,1.0,0.0,0.0,1.0,1.0,0.0,0.702978,0.549136,0.448226,0.627739,0,quiet,random,,,
0.707244,0.286615,0.0,0.133347,1,0,0,0,0,0,0.211695,0.186412,0.895309,0.191938,1,warm,controlled_contrast,clear_day,clear_day_071,warm_high
0.203674,0.175423,0.868051,0.265703,1.0,0.0,0.0,1.0,1.0,0.0,0.503983,0.64883,0.600858,0.298941,0,quiet,random,,,
0.854731,0.829889,0.598781,0.836061,0.0,1.0,1.0,1.0,1.0,0.0,0.707302,0.336026,0.293023,0.940461,3,lonely,random,,,
0.423835,0.46317,0.388305,0.729378,1.0,0.0,0.0,1.0,1.0,0.0,0.746733,0.238831,0.087533,0.23702,0,quiet,random,,,
0.30515,0.185106,0.353597,0.346254,1.0,0.0,0.0,1.0,1.0,0.0,0.111473,0.736261,0.404189,0.287732,1,warm,random,,,
0.224852,0.059622,0.117635,0.046622,1.0,0.0,0.0,0.0,1.0,0.0,0.285654,0.588928,0.152595,0.106478,1,warm,random,,,
0.452173,0.832109,0.088586,0.124073,0,0,1,0,1,0,0.176722,0.897505,0.212124,0.200833,3,lonely,controlled_contrast,humid_night,humid_night_007,weird_high
0.432116,0.793295,0.459928,0.170249,0,0,1,1,1,0,0.191969,0.195594,0.203017,0.923921,3,lonely,controlled_contrast,rainy_room,rainy_room_039,lonely_high
0.029592,0.341297,0.500861,0.208359,1.0,0.0,0.0,1.0,1.0,0.0,0.146865,0.673582,0.588585,0.067212,1,warm,random,,,
0.653117,0.039117,0.838217,0.863285,1.0,0.0,0.0,1.0,1.0,1.0,0.612875,0.454572,0.536947,0.595142,2,strange,random,,,
0.261933,0.195573,0.339382,0.338234,1.0,0.0,0.0,1.0,1.0,0.0,0.995288,0.555563,0.637345,0.537625,0,quiet,random,,,
0.190201,0.611666,0.053585,0.270869,0.0,0.0,0.0,0.0,0.0,0.0,0.068343,0.879165,0.748006,0.107167,1,warm,random,,,
0.430898,0.771708,0.480983,0.191125,0,0,1,1,1,0,0.871901,0.199282,0.205723,0.214627,0,quiet,controlled_contrast,rainy_room,rainy_room_042,calm_high
0.078207,0.99715,0.028334,0.174786,1.0,0.0,1.0,0.0,0.0,0.0,0.659445,0.225603,0.238466,0.302553,0,quiet,random,,,
0.188146,0.32257,0.727117,0.182821,1.0,0.0,0.0,1.0,1.0,0.0,0.141157,0.861892,0.273444,0.135011,2,strange,random,,,
0.877574,0.332973,0.033147,0.135894,1.0,1.0,0.0,0.0,0.0,0.0,0.541929,0.293554,0.125509,0.671662,1,warm,random,,,
0.480287,0.602108,0.918406,0.020669,1.0,0.0,0.0,1.0,1.0,0.0,0.106441,0.532011,0.740493,0.103225,1,warm,random,,,
0.438948,0.763676,0.474931,0.163755,0,0,1,1,1,0,0.194891,0.19557,0.203947,0.939663,3,lonely,controlled_contrast,rainy_room,rainy_room_055,lonely_high
0.99475,0.877857,0.0006,0.66744,0.0,1.0,1.0,0.0,1.0,0.0,0.340022,0.260375,0.06871,0.761579,3,lonely,random,,,
0.902985,0.47296,0.981607,0.164458,1.0,1.0,0.0,1.0,1.0,0.0,0.535832,0.24412,0.141178,0.628182,0,quiet,random,,,
0.496326,0.297785,0.938821,0.588543,1.0,0.0,0.0,1.0,1.0,1.0,0.10376,0.509463,0.800216,0.264778,2,strange,random,,,
0.379135,0.151136,0.237564,0.183285,1.0,0.0,0.0,1.0,1.0,0.0,0.602365,0.657224,0.257553,0.859407,0,quiet,random,,,
0.064945,0.457112,0.85095,0.282952,1.0,0.0,0.0,1.0,1.0,0.0,0.7464,0.463976,0.573276,0.918345,0,quiet,random,,,
0.195775,0.641067,0.119917,0.3696,0.0,0.0,0.0,0.0,1.0,0.0,0.564707,0.539817,0.655009,0.586654,3,lonely,random,,,
0.946356,0.185973,0.912204,0.635775,1.0,1.0,0.0,1.0,1.0,1.0,0.141486,0.976053,0.416576,0.150031,2,strange,random,,,
0.503364,0.81904,0.083272,0.131971,0,0,1,0,1,0,0.191341,0.200076,0.925775,0.223987,3,lonely,controlled_contrast,humid_night,humid_night_054,warm_high
0.441954,0.81054,0.704181,0.726959,0,0,1,1,1,1,0.88754,0.208851,0.192531,0.172267,0,quiet,controlled_contrast,stormy_weather,stormy_weather_011,calm_high
0.594488,0.734289,0.004855,0.864803,0.0,0.0,0.0,0.0,1.0,0.0,0.566722,0.712023,0.595921,0.235189,3,lonely,random,,,
0.310085,0.145516,0.82063,0.215475,0.0,0.0,0.0,1.0,1.0,0.0,0.875728,0.743549,0.723036,0.599707,0,quiet,random,,,
0.701385,0.178507,0.815425,0.572485,0.0,0.0,0.0,1.0,1.0,1.0,0.712484,0.738055,0.137877,0.453234,2,strange,random,,,
0.2647,0.255314,0.738152,0.64593,1.0,0.0,0.0,1.0,1.0,1.0,0.199207,0.282925,0.646803,0.296762,2,strange,random,,,
0.05139,0.217592,0.037213,0.85801,1.0,0.0,0.0,0.0,0.0,0.0,0.543143,0.517229,0.958133,0.211854,1,warm,random,,,
0.438818,0.243567,0.026443,0.186795,0.0,0.0,0.0,0.0,0.0,0.0,0.322268,0.176848,0.552816,0.199213,1,warm,random,,,
0.616838,0.205935,0.50172,0.05208,0.0,0.0,0.0,1.0,1.0,0.0,0.426652,0.752457,0.703593,0.212299,0,quiet,random,,,
0.994986,0.053028,0.056127,0.434354,1.0,1.0,0.0,0.0,0.0,0.0,0.288428,0.114491,0.960197,0.414288,1,warm,random,,,
0.782163,0.472426,0.920564,0.870531,0.0,1.0,0.0,1.0,1.0,1.0,0.65918,0.78904,0.438728,0.439372,2,strange,random,,,
0.408014,0.084814,0.653253,0.27671,1.0,0.0,0.0,1.0,1.0,0.0,0.680004,0.398199,0.691093,0.541813,0,quiet,random,,,
0.471437,0.913376,0.864805,0.097359,1.0,0.0,1.0,1.0,1.0,0.0,0.13974,0.475754,0.122095,0.225122,0,quiet,random,,,
0.360195,0.328479,0.433391,0.680667,0.0,0.0,0.0,1.0,1.0,0.0,0.632416,0.910629,0.735281,0.368229,3,lonely,random,,,
0.499806,0.148202,0.315646,0.281632,0.0,0.0,0.0,1.0,1.0,0.0,0.661558,0.098407,0.601765,0.373867,0,quiet,random,,,
0.681371,0.190442,0.898781,0.729995,0.0,0.0,0.0,1.0,1.0,1.0,0.407346,0.611656,0.862449,0.667106,2,strange,random,,,
0.457625,0.665209,7.8e-05,0.46532,1.0,0.0,0.0,0.0,0.0,0.0,0.85449,0.262491,0.087438,0.396508,0,quiet,random,,,
0.780199,0.013675,0.011321,0.540942,0.0,1.0,0.0,0.0,0.0,0.0,0.051358,0.395763,0.446398,0.214617,1,warm,random,,,
0.737,0.270922,0.0,0.152224,1,0,0,0,0,0,0.197499,0.893742,0.19743,0.194253,2,strange,controlled_contrast,clear_day,clear_day_036,weird_high
0.474064,0.222754,0.049796,0.203775,1,0,0,0,0,0,0.188071,0.897075,0.185258,0.211142,2,strange,controlled_contrast,neutral_weather,neutral_weather_021,weird_high
0.517878,0.615124,0.000116,0.530606,0.0,0.0,0.0,0.0,0.0,0.0,0.20295,0.824336,0.34266,0.09678,2,strange,random,,,
0.804137,0.573507,0.729013,0.022629,1.0,1.0,0.0,1.0,1.0,0.0,0.281509,0.698838,0.58453,0.802178,1,warm,random,,,
0.507849,0.277774,0.058806,0.190225,1,0,0,0,0,0,0.196661,0.180845,0.90767,0.182634,1,warm,controlled_contrast,neutral_weather,neutral_weather_058,warm_high
0.785626,0.885366,0.823229,0.374178,1.0,1.0,1.0,1.0,1.0,0.0,0.107343,0.744708,0.647583,0.168906,1,warm,random,,,
0.897408,0.124792,0.84291,0.198775,0.0,1.0,0.0,1.0,1.0,0.0,0.339382,0.212437,0.895855,0.616621,3,lonely,random,,,
0.029523,0.269292,0.720653,0.796943,1.0,0.0,0.0,1.0,1.0,1.0,0.821104,0.455583,0.637897,0.247267,2,strange,random,,,
0.047721,0.560441,0.075924,0.5111,1.0,0.0,0.0,0.0,0.0,0.0,0.159436,0.372295,0.866817,0.326238,1,warm,random,,,
0.701582,0.246542,0.016553,0.163925,1,0,0,0,0,0,0.208173,0.208544,0.88694,0.180784,1,warm,controlled_contrast,clear_day,clear_day_017,warm_high
0.45731,0.796358,0.748779,0.71537,0,0,1,1,1,1,0.19737,0.180828,0.201832,0.905082,3,lonely,controlled_contrast,stormy_weather,stormy_weather_042,lonely_high
0.469806,0.24539,0.063115,0.204637,1,0,0,0,0,0,0.21873,0.909546,0.212079,0.193622,2,strange,controlled_contrast,neutral_weather,neutral_weather_050,weird_high
0.998564,0.147889,0.656297,0.213123,1.0,1.0,0.0,1.0,1.0,0.0,0.720787,0.665337,0.344031,0.153672,0,quiet,random,,,
0.242007,0.247941,0.523419,0.731219,1.0,0.0,0.0,1.0,1.0,0.0,0.660725,0.332853,0.053651,0.54441,0,quiet,random,,,
0.352835,0.784982,0.814519,0.851878,0.0,0.0,1.0,1.0,1.0,1.0,0.998987,0.404813,0.136934,0.2876,0,quiet,random,,,
0.150092,0.455421,0.674736,0.651579,0.0,0.0,0.0,1.0,1.0,1.0,0.606573,0.505043,0.792755,0.191596,2,strange,random,,,
0.777653,0.565238,0.74296,0.956462,0.0,1.0,0.0,1.0,1.0,1.0,0.725586,0.569641,0.731972,0.43254,2,strange,random,,,
0.043964,0.859621,0.302381,0.358822,1.0,0.0,1.0,1.0,1.0,0.0,0.624831,0.313008,0.165183,0.164842,0,quiet,random,,,
0.377749,0.729731,0.013459,0.005427,1.0,0.0,0.0,0.0,1.0,0.0,0.670017,0.345211,0.05376,0.345008,0,quiet,random,,,
0.5311,0.730134,0.000256,0.000633,1.0,0.0,0.0,0.0,1.0,0.0,0.286809,0.326868,0.722778,0.211861,1,warm,random,,,
0.390272,0.773291,0.481402,0.139045,0,0,1,1,1,0,0.90639,0.199814,0.189415,0.187702,0,quiet,controlled_contrast,rainy_room,rainy_room_047,calm_high
0.436463,0.817114,0.740738,0.675204,0,0,1,1,1,1,0.901218,0.203751,0.19416,0.197145,0,quiet,controlled_contrast,stormy_weather,stormy_weather_034,calm_high
0.467464,0.732174,0.721654,0.735485,0,0,1,1,1,1,0.226257,0.198353,0.199423,0.889395,3,lonely,controlled_contrast,stormy_weather,stormy_weather_033,lonely_high
0.484216,0.260593,0.0,0.217115,1,0,0,0,0,0,0.211091,0.21251,0.184249,0.901876,3,lonely,controlled_contrast,neutral_weather,neutral_weather_022,lonely_high
0.468492,0.259228,0.022206,0.216323,1,0,0,0,0,0,0.187503,0.227123,0.901995,0.198743,1,warm,controlled_contrast,neutral_weather,neutral_weather_011,warm_high
0.49518,0.262392,0.075343,0.179894,1,0,0,0,0,0,0.913615,0.190086,0.170976,0.203467,0,quiet,controlled_contrast,neutral_weather,neutral_weather_065,calm_high
0.291316,0.113044,0.003218,0.02416,0.0,0.0,0.0,0.0,0.0,0.0,0.790472,0.466092,0.407366,0.452154,3,lonely,random,,,
0.189849,0.103774,0.007743,0.607639,1.0,0.0,0.0,0.0,0.0,0.0,0.361284,0.074382,0.064457,0.31457,1,warm,random,,,
0.737905,0.938794,0.100895,0.377661,1.0,0.0,1.0,0.0,1.0,0.0,0.598928,0.395337,0.138614,0.792099,3,lonely,random,,,
0.60739,0.356711,0.264827,0.020989,1.0,0.0,0.0,1.0,1.0,0.0,0.725234,0.283104,0.645236,0.243096,0,quiet,random,,,
0.190235,0.304386,0.104482,0.010941,1.0,0.0,0.0,0.0,1.0,0.0,0.76329,0.110533,0.260589,0.350414,0,quiet,random,,,
0.520416,0.770708,0.792407,0.355769,1.0,0.0,1.0,1.0,1.0,0.0,0.418533,0.472863,0.124794,0.380448,0,quiet,random,,,
0.215003,0.910229,0.498832,0.081027,1.0,0.0,1.0,1.0,1.0,0.0,0.244485,0.074856,0.378449,0.348779,0,quiet,random,,,
0.713526,0.787724,0.069859,0.170401,1.0,0.0,1.0,0.0,0.0,0.0,0.101321,0.336528,0.122378,0.660825,3,lonely,random,,,
0.445282,0.854872,0.084355,0.106715,0,0,1,0,1,0,0.18398,0.203422,0.903158,0.202383,3,lonely,controlled_contrast,humid_night,humid_night_004,warm_high
0.75912,0.227025,0.0,0.154651,1,0,0,0,0,0,0.908271,0.21331,0.196292,0.194843,0,quiet,controlled_contrast,clear_day,clear_day_001,calm_high
0.397109,0.358196,0.822952,0.476625,1.0,0.0,0.0,1.0,1.0,1.0,0.317339,0.210977,0.373395,0.727088,3,lonely,random,,,
0.777848,0.969017,0.428362,0.540055,0.0,1.0,1.0,1.0,1.0,0.0,0.343154,0.551322,0.11791,0.385222,3,lonely,random,,,
0.412241,0.612471,7e-06,0.982157,1.0,0.0,0.0,0.0,0.0,0.0,0.704695,0.956251,0.537237,0.11114,1,warm,random,,,
0.435787,0.864616,0.105278,0.112967,0,0,1,0,1,0,0.196697,0.889556,0.198979,0.20653,3,lonely,controlled_contrast,humid_night,humid_night_056,weird_high
0.732113,0.271958,0.0,0.137966,1,0,0,0,0,0,0.20016,0.192735,0.208694,0.895305,3,lonely,controlled_contrast,clear_day,clear_day_072,lonely_high
0.701171,0.02539,0.031516,0.656037,0.0,0.0,0.0,0.0,0.0,0.0,0.190317,0.485205,0.498831,0.262701,3,lonely,random,,,
0.545168,0.034895,0.157412,0.549017,0.0,0.0,0.0,0.0,1.0,0.0,0.330376,0.5585,0.580746,0.135805,3,lonely,random,,,
0.007676,0.267529,0.89504,0.851929,1.0,0.0,0.0,1.0,1.0,1.0,0.326939,0.176274,0.164929,0.349134,2,strange,random,,,
0.716971,0.27038,0.0,0.153066,1,0,0,0,0,0,0.207898,0.91087,0.20764,0.200211,1,warm,controlled_contrast,clear_day,clear_day_033,weird_high
0.971753,0.703424,0.575259,0.160432,0.0,1.0,0.0,1.0,1.0,0.0,0.218129,0.532355,0.282125,0.892069,3,lonely,random,,,
0.275863,0.678561,0.089356,0.533345,1.0,0.0,0.0,0.0,1.0,0.0,0.529738,0.219962,0.798793,0.288337,1,warm,random,,,
0.750605,0.281709,0.023688,0.141065,1,0,0,0,0,0,0.921265,0.204831,0.188167,0.203583,0,quiet,controlled_contrast,clear_day,clear_day_029,calm_high
0.801755,0.304041,0.743009,0.611788,0.0,1.0,0.0,1.0,1.0,1.0,0.732713,0.37933,0.074537,0.873868,3,lonely,random,,,
0.666206,0.52706,0.135359,0.030978,1.0,0.0,0.0,0.0,1.0,0.0,0.216278,0.345715,0.591464,0.735965,1,warm,random,,,
0.941069,0.325474,0.074935,0.343431,1.0,1.0,0.0,0.0,0.0,0.0,0.237687,0.109399,0.709269,0.62338,1,warm,random,,,
0.15357,0.91208,0.001851,0.111782,0.0,0.0,1.0,0.0,0.0,0.0,0.570896,0.949416,0.390001,0.209335,0,quiet,random,,,
0.634247,0.559425,0.32345,0.027346,1.0,0.0,0.0,1.0,1.0,0.0,0.66823,0.572845,0.902398,0.563381,1,warm,random,,,
0.617238,0.136864,0.862621,0.754167,1.0,0.0,0.0,1.0,1.0,1.0,0.112251,0.272023,0.550266,0.200272,2,strange,random,,,
0.010184,0.073841,0.718276,0.802725,1.0,0.0,0.0,1.0,1.0,1.0,0.222405,0.927922,0.211134,0.674512,2,strange,random,,,
0.308866,0.277546,0.203624,0.043948,0.0,0.0,0.0,1.0,1.0,0.0,0.080108,0.601177,0.673646,0.282942,3,lonely,random,,,
0.513581,0.851107,0.069373,0.168077,0,0,1,0,1,0,0.194331,0.909836,0.19886,0.214414,3,lonely,controlled_contrast,humid_night,humid_night_047,weird_high
0.667142,0.225227,0.008974,0.14074,1,0,0,0,0,0,0.181903,0.90419,0.212209,0.213836,1,warm,controlled_contrast,clear_day,clear_day_032,weird_high
0.041032,0.889137,0.184457,0.004953,1.0,0.0,1.0,0.0,1.0,0.0,0.576794,0.065759,0.580631,0.67177,3,lonely,random,,,
0.719299,0.240149,0.013052,0.162744,1,0,0,0,0,0,0.208495,0.212353,0.914304,0.194312,1,warm,controlled_contrast,clear_day,clear_day_009,warm_high
0.428484,0.756601,0.727773,0.733211,0,0,1,1,1,1,0.185268,0.187518,0.202477,0.909791,3,lonely,controlled_contrast,stormy_weather,stormy_weather_030,lonely_high
0.208084,0.997991,0.329589,0.000734,1.0,0.0,1.0,1.0,1.0,0.0,0.636677,0.091504,0.444899,0.668784,0,quiet,random,,,
0.659607,0.703239,0.700237,0.2382,1.0,0.0,0.0,1.0,1.0,0.0,0.915677,0.677048,0.355317,0.521036,0,quiet,random,,,
0.428891,0.835822,0.646847,0.699953,0,0,1,1,1,1,0.887271,0.208059,0.202524,0.222353,0,quiet,controlled_contrast,stormy_weather,stormy_weather_056,calm_high
0.308447,0.76085,0.8677,0.990469,1.0,0.0,1.0,1.0,1.0,1.0,0.620644,0.512481,0.576349,0.144437,2,strange,random,,,
0.472296,0.272498,0.053261,0.193919,1,0,0,0,0,0,0.205778,0.891186,0.199367,0.189048,2,strange,controlled_contrast,neutral_weather,neutral_weather_044,weird_high
0.410911,0.499915,0.922961,0.112286,1.0,0.0,0.0,1.0,1.0,0.0,0.502458,0.202923,0.059253,0.143943,0,quiet,random,,,
0.534486,0.998478,0.279952,0.201023,0.0,0.0,1.0,1.0,1.0,0.0,0.079814,0.597768,0.351912,0.624866,3,lonely,random,,,
0.91974,0.095279,0.097993,0.896154,0.0,1.0,0.0,0.0,1.0,0.0,0.555925,0.400553,0.309716,0.151483,3,lonely,random,,,
0.079656,0.742242,0.842233,0.763435,1.0,0.0,0.0,1.0,1.0,1.0,0.47929,0.749235,0.22241,0.384267,2,strange,random,,,
0.323011,0.336397,0.369914,0.913372,1.0,0.0,0.0,1.0,1.0,0.0,0.054204,0.698584,0.235698,0.405415,2,strange,random,,,
0.243344,0.093654,0.966861,0.992952,1.0,0.0,0.0,1.0,1.0,1.0,0.644416,0.219472,0.757806,0.339544,2,strange,random,,,
0.814326,0.022518,0.569801,0.070703,1.0,1.0,0.0,1.0,1.0,0.0,0.627364,0.264724,0.826346,0.635336,1,warm,random,,,
0.484216,0.260593,0.0,0.217115,1,0,0,0,0,0,0.902508,0.198247,0.213734,0.208733,0,quiet,controlled_contrast,neutral_weather,neutral_weather_022,calm_high
0.161423,0.593836,0.056916,0.903337,1.0,0.0,0.0,0.0,0.0,0.0,0.594363,0.245367,0.4348,0.887505,1,warm,random,,,
0.028552,0.909524,0.134659,0.616634,1.0,0.0,1.0,0.0,1.0,0.0,0.708628,0.226808,0.059747,0.483051,0,quiet,random,,,
0.49825,0.817577,0.073625,0.005385,1.0,0.0,1.0,0.0,1.0,0.0,0.201023,0.90528,0.19805,0.242573,2,strange,random,,,
0.063724,0.343297,0.817534,0.858119,1.0,0.0,0.0,1.0,1.0,1.0,0.128399,0.514578,0.139396,0.686071,2,strange,random,,,
0.466415,0.814237,0.730031,0.700797,0,0,1,1,1,1,0.891037,0.204123,0.191293,0.209728,0,quiet,controlled_contrast,stormy_weather,stormy_weather_021,calm_high
0.09829,0.193145,0.098088,0.351398,0.0,0.0,0.0,0.0,1.0,0.0,0.507439,0.12538,0.12484,0.50999,3,lonely,random,,,
0.444417,0.767875,0.679867,0.747214,0,0,1,1,1,1,0.891939,0.200276,0.213772,0.207676,0,quiet,controlled_contrast,stormy_weather,stormy_weather_028,calm_high
0.739613,0.223093,0.02404,0.164194,1,0,0,0,0,0,0.901162,0.204063,0.195242,0.181736,0,quiet,controlled_contrast,clear_day,clear_day_006,calm_high
0.696905,0.273851,0.0,0.165855,1,0,0,0,0,0,0.212919,0.196434,0.219921,0.893703,3,lonely,controlled_contrast,clear_day,clear_day_015,lonely_high
0.383883,0.149596,0.003804,0.672325,0.0,0.0,0.0,0.0,0.0,0.0,0.399412,0.936356,0.076544,0.54616,2,strange,random,,,
0.325365,0.706861,0.338726,0.445635,0.0,0.0,0.0,1.0,1.0,0.0,0.25108,0.553771,0.552805,0.29326,3,lonely,random,,,
0.438923,0.277269,0.838502,0.408096,0.0,0.0,0.0,1.0,1.0,0.0,0.078514,0.094374,0.554982,0.233613,3,lonely,random,,,
0.711181,0.261921,0.0,0.143742,1,0,0,0,0,0,0.196777,0.191938,0.900302,0.200122,1,warm,controlled_contrast,clear_day,clear_day_043,warm_high
0.474586,0.756832,0.054159,0.101638,0,0,1,0,1,0,0.202699,0.196287,0.193565,0.913302,3,lonely,controlled_contrast,humid_night,humid_night_066,lonely_high
0.818994,0.254536,0.802909,0.50979,0.0,1.0,0.0,1.0,1.0,1.0,0.33574,0.411006,0.136206,0.416945,2,strange,random,,,
0.360684,0.312863,0.038407,0.033977,0.0,0.0,0.0,0.0,0.0,0.0,0.300907,0.354727,0.604373,0.141127,1,warm,random,,,
0.536299,0.314959,0.472663,0.446099,1.0,0.0,0.0,1.0,1.0,0.0,0.459221,0.117476,0.202902,0.738684,3,lonely,random,,,
0.229286,0.372406,0.88286,0.953834,0.0,0.0,0.0,1.0,1.0,1.0,0.942216,0.400668,0.580324,0.593082,3,lonely,random,,,
0.797938,0.144185,0.40969,0.444446,1.0,1.0,0.0,1.0,1.0,0.0,0.407409,0.361895,0.614768,0.482362,1,warm,random,,,
0.392144,0.461249,0.888114,0.324289,1.0,0.0,0.0,1.0,1.0,0.0,0.952313,0.547123,0.653545,0.091027,0,quiet,random,,,
0.698971,0.504625,0.270169,0.007104,0.0,0.0,0.0,1.0,1.0,0.0,0.624852,0.568161,0.508139,0.343808,0,quiet,random,,,
0.076284,0.473918,0.609981,0.363507,1.0,0.0,0.0,1.0,1.0,0.0,0.599314,0.371831,0.376837,0.650577,0,quiet,random,,,
0.04432,0.928663,0.001639,0.404273,0.0,0.0,1.0,0.0,0.0,0.0,0.624838,0.184705,0.775966,0.676978,3,lonely,random,,,
0.831714,0.738136,0.269711,0.651771,1.0,1.0,0.0,1.0,1.0,0.0,0.741389,0.708361,0.344933,0.23699,1,warm,random,,,
0.784146,0.549753,0.351997,0.536108,0.0,1.0,0.0,1.0,1.0,0.0,0.212425,0.705239,0.538184,0.972468,3,lonely,random,,,
0.723876,0.268474,0.001609,0.176655,1,0,0,0,0,0,0.205214,0.92296,0.194635,0.214122,2,strange,controlled_contrast,clear_day,clear_day_056,weird_high
0.941059,0.432824,0.052736,0.606954,1.0,1.0,0.0,0.0,0.0,0.0,0.453761,0.860948,0.378565,0.543213,1,warm,random,,,
0.750263,0.612803,0.107711,0.050255,1.0,1.0,0.0,0.0,1.0,0.0,0.723455,0.904479,0.076414,0.101529,1,warm,random,,,
0.616592,0.57329,0.862493,0.699365,1.0,0.0,0.0,1.0,1.0,1.0,0.618478,0.241035,0.279249,0.472335,2,strange,random,,,
0.447798,0.39998,0.031777,0.00134,1.0,0.0,0.0,0.0,0.0,0.0,0.490677,0.999959,0.082577,0.149769,2,strange,random,,,
0.05364,0.590737,0.228699,0.660911,0.0,0.0,0.0,1.0,1.0,0.0,0.41216,0.601356,0.109214,0.686189,3,lonely,random,,,
0.223163,0.048913,0.907166,0.496794,0.0,0.0,0.0,1.0,1.0,1.0,0.647542,0.599218,0.409897,0.08758,2,strange,random,,,
0.487814,0.808132,0.047376,0.146347,0,0,1,0,1,0,0.192482,0.196702,0.215709,0.9057,3,lonely,controlled_contrast,humid_night,humid_night_021,lonely_high
0.560749,0.534848,0.943715,0.751452,0.0,0.0,0.0,1.0,1.0,1.0,0.393488,0.188491,0.623663,0.073403,2,strange,random,,,
0.789475,0.518485,0.218346,0.383499,1.0,1.0,0.0,1.0,1.0,0.0,0.640043,0.407297,0.281647,0.094369,0,quiet,random,,,
0.421701,0.805697,0.44713,0.15688,0,0,1,1,1,0,0.190384,0.897368,0.226683,0.189825,3,lonely,controlled_contrast,rainy_room,rainy_room_034,weird_high
0.377286,0.325965,0.034219,0.133112,1.0,0.0,0.0,0.0,0.0,0.0,0.589914,0.194838,0.240432,0.328276,1,warm,random,,,
0.678955,0.271686,0.0,0.140333,1,0,0,0,0,0,0.212735,0.906047,0.18832,0.222461,2,strange,controlled_contrast,clear_day,clear_day_063,weird_high
0.628971,0.230611,0.113559,0.86827,1.0,0.0,0.0,0.0,1.0,0.0,0.660162,0.435434,0.262133,0.333954,1,warm,random,,,
0.43196,0.834415,0.050241,0.103291,0,0,1,0,1,0,0.196172,0.197663,0.886446,0.202743,3,lonely,controlled_contrast,humid_night,humid_night_043,warm_high
0.880595,0.758943,0.080125,0.980903,0.0,1.0,1.0,0.0,1.0,0.0,0.847755,0.255895,0.541898,0.313327,3,lonely,random,,,
0.432026,0.042678,0.353536,0.006395,1.0,0.0,0.0,1.0,1.0,0.0,0.585428,0.130303,0.31782,0.33389,0,quiet,random,,,
0.093422,0.873147,0.783421,0.74672,1.0,0.0,1.0,1.0,1.0,1.0,0.071239,0.705253,0.179587,0.185911,2,strange,random,,,
0.79267,0.588088,0.055555,0.392114,1.0,1.0,0.0,0.0,0.0,0.0,0.150467,0.164775,0.608779,0.33073,1,warm,random,,,
0.961034,0.173352,0.513981,0.390678,1.0,1.0,0.0,1.0,1.0,0.0,0.478888,0.731057,0.465464,0.132432,1,warm,random,,,
0.308686,0.043865,0.116302,0.391448,1.0,0.0,0.0,0.0,1.0,0.0,0.483319,0.978935,0.070939,0.622463,2,strange,random,,,
0.604628,0.647814,0.719521,0.85145,1.0,0.0,0.0,1.0,1.0,1.0,0.050733,0.495473,0.433978,0.069519,2,strange,random,,,
0.52938,0.336843,0.32637,0.293649,1.0,0.0,0.0,1.0,1.0,0.0,0.174957,0.850122,0.276365,0.42021,2,strange,random,,,
0.391933,0.751051,0.427415,0.177521,0,0,1,1,1,0,0.185774,0.907652,0.185377,0.215411,3,lonely,controlled_contrast,rainy_room,rainy_room_059,weird_high
0.301029,0.052599,0.820095,0.573722,0.0,0.0,0.0,1.0,1.0,1.0,0.054408,0.463305,0.467318,0.351895,2,strange,random,,,
0.542086,0.627921,0.229235,0.002283,1.0,0.0,0.0,1.0,1.0,0.0,0.73642,0.117207,0.106895,0.087523,0,quiet,random,,,
0.063758,0.031227,0.586409,0.536683,1.0,0.0,0.0,1.0,1.0,0.0,0.329351,0.490931,0.387282,0.491202,0,quiet,random,,,
0.672371,0.690299,0.387907,0.573811,1.0,0.0,0.0,1.0,1.0,0.0,0.148155,0.335384,0.185887,0.449364,3,lonely,random,,,
0.050514,0.254206,0.420914,0.284961,1.0,0.0,0.0,1.0,1.0,0.0,0.682572,0.24147,0.432466,0.720448,0,quiet,random,,,
0.496507,0.789604,0.675841,0.754378,0,0,1,1,1,1,0.204091,0.193119,0.891731,0.213472,3,lonely,controlled_contrast,stormy_weather,stormy_weather_029,warm_high
0.165804,0.375969,0.291335,0.168553,1.0,0.0,0.0,1.0,1.0,0.0,0.102103,0.810988,0.05798,0.175261,2,strange,random,,,
0.572579,0.3485,0.779164,0.962555,0.0,0.0,0.0,1.0,1.0,1.0,0.142749,0.967051,0.195479,0.161112,2,strange,random,,,
0.514541,0.82359,0.06634,0.116058,0,0,1,0,1,0,0.198834,0.894845,0.199552,0.183604,3,lonely,controlled_contrast,humid_night,humid_night_070,weird_high
0.174567,0.7878,0.88437,0.877008,0.0,0.0,1.0,1.0,1.0,1.0,0.777241,0.735449,0.170516,0.541985,2,strange,random,,,
0.489782,0.845374,0.058039,0.131533,0,0,1,0,1,0,0.182489,0.907902,0.198987,0.206102,3,lonely,controlled_contrast,humid_night,humid_night_044,weird_high
0.36119,0.555122,0.437331,0.802508,1.0,0.0,0.0,1.0,1.0,0.0,0.252315,0.093564,0.253535,0.078844,1,warm,random,,,
0.843001,0.801366,0.415631,0.882361,1.0,1.0,1.0,1.0,1.0,0.0,0.813657,0.619886,0.050469,0.261077,0,quiet,random,,,
0.626604,0.992332,0.952344,0.671361,1.0,0.0,1.0,1.0,1.0,1.0,0.658275,0.784934,0.518868,0.73656,2,strange,random,,,
0.495699,0.168709,0.00936,0.862605,1.0,0.0,0.0,0.0,0.0,0.0,0.151121,0.717227,0.166193,0.124913,2,strange,random,,,
0.177804,0.557445,0.25299,0.010863,1.0,0.0,0.0,1.0,1.0,0.0,0.22606,0.452825,0.370609,0.207374,1,warm,random,,,
0.0594,0.150945,0.677738,0.140912,1.0,0.0,0.0,1.0,1.0,0.0,0.901434,0.698686,0.297266,0.25799,0,quiet,random,,,
0.346785,0.253395,0.473877,0.566147,1.0,0.0,0.0,1.0,1.0,0.0,0.209633,0.385732,0.707248,0.655534,1,warm,random,,,
0.002555,0.089204,0.008213,0.4212,0.0,0.0,0.0,0.0,0.0,0.0,0.23149,0.694125,0.16475,0.172111,2,strange,random,,,
0.413493,0.128881,0.114728,0.093262,0.0,0.0,0.0,0.0,1.0,0.0,0.151256,0.234555,0.552726,0.728126,3,lonely,random,,,
0.250532,0.299076,0.241426,0.205004,0.0,0.0,0.0,1.0,1.0,0.0,0.166354,0.283835,0.267355,0.815822,3,lonely,random,,,
0.066564,0.656371,0.914728,0.667461,1.0,0.0,0.0,1.0,1.0,1.0,0.354577,0.219617,0.059975,0.409127,2,strange,random,,,
0.23428,0.092872,0.916158,0.031295,0.0,0.0,0.0,1.0,1.0,0.0,0.695938,0.363945,0.836091,0.50281,0,quiet,random,,,
0.464766,0.78456,0.66497,0.515704,1.0,0.0,1.0,1.0,1.0,1.0,0.17664,0.586121,0.165908,0.573781,2,strange,random,,,
0.427509,0.84731,0.085653,0.107923,0,0,1,0,1,0,0.89601,0.186609,0.194829,0.227315,0,quiet,controlled_contrast,humid_night,humid_night_052,calm_high
0.435052,0.809392,0.718903,0.712853,0,0,1,1,1,1,0.202362,0.203916,0.892475,0.19214,3,lonely,controlled_contrast,stormy_weather,stormy_weather_058,warm_high
0.747624,0.600881,0.059588,0.880981,1.0,0.0,0.0,0.0,0.0,0.0,0.535249,0.787896,0.071635,0.325512,2,strange,random,,,
0.371499,0.808359,0.43389,0.193671,0,0,1,1,1,0,0.20135,0.183399,0.172803,0.87447,3,lonely,controlled_contrast,rainy_room,rainy_room_017,lonely_high
0.557894,0.747812,0.044502,0.033149,0.0,0.0,0.0,0.0,1.0,0.0,0.413524,0.275569,0.647449,0.979676,3,lonely,random,,,
0.799265,0.284703,0.487013,0.667592,0.0,1.0,0.0,1.0,1.0,0.0,0.189158,0.33219,0.42738,0.775619,3,lonely,random,,,
0.668474,0.552337,0.088972,0.950325,1.0,0.0,0.0,0.0,1.0,0.0,0.198674,0.854822,0.288726,0.320466,2,strange,random,,,
0.557039,0.581178,0.015672,0.350928,1.0,0.0,0.0,0.0,0.0,0.0,0.489469,0.617662,0.343852,0.320979,1,warm,random,,,
0.668862,0.81993,0.051251,0.01017,0.0,0.0,1.0,0.0,1.0,0.0,0.516245,0.697167,0.142035,0.262328,3,lonely,random,,,
0.539654,0.56419,0.122717,0.744413,0.0,0.0,0.0,0.0,1.0,0.0,0.811803,0.667775,0.60486,0.459555,3,lonely,random,,,
0.419172,0.71193,0.03846,0.760183,1.0,0.0,0.0,0.0,1.0,0.0,0.393471,0.525594,0.339494,0.139691,1,warm,random,,,
0.360792,0.708331,0.866289,0.86256,0.0,0.0,0.0,1.0,1.0,1.0,0.325853,0.604303,0.076632,0.462591,2,strange,random,,,
0.814301,0.151626,0.68902,0.544843,1.0,1.0,0.0,1.0,1.0,1.0,0.442004,0.429027,0.307365,0.735879,2,strange,random,,,
0.175259,0.662941,0.614228,0.008081,0.0,0.0,0.0,1.0,1.0,0.0,0.397507,0.414938,0.737793,0.075086,3,lonely,random,,,
0.436283,0.764656,0.46533,0.145394,0,0,1,1,1,0,0.20102,0.911739,0.188159,0.182051,3,lonely,controlled_contrast,rainy_room,rainy_room_035,weird_high
0.575863,0.311792,0.032635,0.720603,1.0,0.0,0.0,0.0,0.0,0.0,0.142696,0.985541,0.714643,0.141639,1,warm,random,,,
0.543435,0.195067,0.981307,0.7291,1.0,0.0,0.0,1.0,1.0,1.0,0.595341,0.571893,0.208766,0.431669,2,strange,random,,,
0.108779,0.01134,0.451604,0.867895,1.0,0.0,0.0,1.0,1.0,0.0,0.140269,0.589762,0.089325,0.052411,2,strange,random,,,
0.200865,0.373669,0.255379,0.148832,1.0,0.0,0.0,1.0,1.0,0.0,0.389821,0.28028,0.21265,0.515587,0,quiet,random,,,
0.480164,0.89282,0.06434,0.235966,1.0,0.0,1.0,0.0,0.0,0.0,0.517336,0.315863,0.853015,0.593168,1,warm,random,,,
0.453099,0.835509,0.061985,0.133706,0,0,1,0,1,0,0.177074,0.187836,0.879088,0.20461,3,lonely,controlled_contrast,humid_night,humid_night_026,warm_high
0.912384,0.896408,0.087405,0.56952,1.0,1.0,1.0,0.0,1.0,0.0,0.701298,0.765173,0.474189,0.393524,1,warm,random,,,
0.1265,0.261072,0.016449,0.957613,1.0,0.0,0.0,0.0,0.0,0.0,0.431117,0.747936,0.451501,0.692839,1,warm,random,,,
0.43009,0.774178,0.731022,0.735446,0,0,1,1,1,1,0.194185,0.212495,0.207636,0.914306,3,lonely,controlled_contrast,stormy_weather,stormy_weather_014,lonely_high
0.087813,0.164435,0.051889,0.690938,0.0,0.0,0.0,0.0,0.0,0.0,0.409319,0.872226,0.138485,0.084656,2,strange,random,,,
0.12199,0.763119,0.856135,0.666526,0.0,0.0,1.0,1.0,1.0,1.0,0.376398,0.892448,0.269983,0.543309,2,strange,random,,,
0.505721,0.237277,0.046402,0.171662,1,0,0,0,0,0,0.215453,0.182986,0.170392,0.902408,3,lonely,controlled_contrast,neutral_weather,neutral_weather_039,lonely_high
0.743455,0.289645,0.033066,0.624179,1.0,0.0,0.0,0.0,0.0,0.0,0.524889,0.30566,0.536763,0.956517,1,warm,random,,,
0.994751,0.340578,0.006892,0.32236,1.0,1.0,0.0,0.0,0.0,0.0,0.353698,0.138506,0.450214,0.46584,1,warm,random,,,
0.007292,0.197845,0.338045,0.516003,0.0,0.0,0.0,1.0,1.0,0.0,0.14577,0.270891,0.829429,0.07336,1,warm,random,,,
0.713645,0.241532,0.0,0.135386,1,0,0,0,0,0,0.893271,0.193852,0.188633,0.186436,0,quiet,controlled_contrast,clear_day,clear_day_070,calm_high
0.428412,0.925749,0.476551,0.265351,0.0,0.0,1.0,1.0,1.0,0.0,0.986387,0.335594,0.508942,0.212853,0,quiet,random,,,
0.404712,0.775932,0.437675,0.137188,0,0,1,1,1,0,0.217708,0.212741,0.188244,0.908342,3,lonely,controlled_contrast,rainy_room,rainy_room_070,lonely_high
0.658392,0.214115,0.326142,0.271108,1.0,0.0,0.0,1.0,1.0,0.0,0.464113,0.091929,0.152331,0.087544,0,quiet,random,,,
0.653939,0.815415,0.559332,0.567917,1.0,0.0,1.0,1.0,1.0,0.0,0.268987,0.296844,0.580799,0.547554,0,quiet,random,,,
0.487547,0.806552,0.699567,0.703576,0,0,1,1,1,1,0.889732,0.189013,0.212475,0.212662,0,quiet,controlled_contrast,stormy_weather,stormy_weather_020,calm_high
0.396593,0.788419,0.441875,0.199488,0,0,1,1,1,0,0.211206,0.220983,0.906719,0.190755,3,lonely,controlled_contrast,rainy_room,rainy_room_051,warm_high
0.671462,0.166978,0.006219,0.064793,1.0,0.0,0.0,0.0,0.0,0.0,0.157658,0.234282,0.140091,0.32097,1,warm,random,,,
0.680505,0.457707,0.226404,0.004258,1.0,0.0,0.0,1.0,1.0,0.0,0.590836,0.624898,0.424418,0.556736,0,quiet,random,,,
0.245512,0.42271,0.15503,0.449077,1.0,0.0,0.0,0.0,1.0,0.0,0.629477,0.137897,0.745622,0.725857,1,warm,random,,,
0.395333,0.26353,0.010809,0.260387,0.0,0.0,0.0,0.0,0.0,0.0,0.110001,0.905619,0.36259,0.34754,2,strange,random,,,
0.285907,0.20967,0.70051,0.305119,0.0,0.0,0.0,1.0,1.0,0.0,0.913637,0.1976,0.205672,0.381167,0,quiet,random,,,
0.200687,0.757898,0.757774,0.017746,1.0,0.0,1.0,1.0,1.0,0.0,0.687473,0.683132,0.612126,0.484752,0,quiet,random,,,
0.702772,0.48215,0.002888,0.013352,1.0,0.0,0.0,0.0,0.0,0.0,0.519268,0.603569,0.082747,0.298666,1,warm,random,,,
0.461711,0.831421,0.864621,0.54264,1.0,0.0,1.0,1.0,1.0,1.0,0.276558,0.535755,0.491862,0.085413,2,strange,random,,,
0.043081,0.90336,0.952609,0.310772,1.0,0.0,1.0,1.0,1.0,0.0,0.896977,0.449407,0.353948,0.382223,0,quiet,random,,,
0.173283,0.938341,0.728921,0.498159,1.0,0.0,1.0,1.0,1.0,1.0,0.098725,0.693259,0.142259,0.170012,2,strange,random,,,
0.612521,0.08693,0.007396,0.566059,0.0,0.0,0.0,0.0,0.0,0.0,0.599063,0.806376,0.509601,0.651146,3,lonely,random,,,
0.924719,0.172148,0.229458,0.677112,0.0,1.0,0.0,1.0,1.0,0.0,0.998885,0.21348,0.74773,0.278969,0,quiet,random,,,
0.430315,0.916936,0.77661,0.663703,1.0,0.0,1.0,1.0,1.0,1.0,0.183865,0.371209,0.60605,0.380831,2,strange,random,,,
0.050717,0.440866,0.049676,0.604081,0.0,0.0,0.0,0.0,0.0,0.0,0.183715,0.447014,0.647218,0.12511,1,warm,random,,,
0.296815,0.904879,0.973651,0.886449,1.0,0.0,1.0,1.0,1.0,1.0,0.88164,0.616745,0.09378,0.346167,0,quiet,random,,,
0.493636,0.212882,0.020486,0.183015,1,0,0,0,0,0,0.211458,0.867418,0.211065,0.21108,1,warm,controlled_contrast,neutral_weather,neutral_weather_060,weird_high
0.308614,0.074887,0.133534,0.888618,0.0,0.0,0.0,0.0,1.0,0.0,0.13266,0.277681,0.758766,0.579624,3,lonely,random,,,
0.207803,0.506835,0.80717,0.609056,1.0,0.0,0.0,1.0,1.0,1.0,0.362793,0.985087,0.300239,0.293685,2,strange,random,,,
0.328355,0.001429,0.834713,0.938391,0.0,0.0,0.0,1.0,1.0,1.0,0.613035,0.797237,0.677191,0.665788,2,strange,random,,,
0.462918,0.764942,0.692495,0.750929,0,0,1,1,1,1,0.192393,0.20494,0.883958,0.200931,3,lonely,controlled_contrast,stormy_weather,stormy_weather_008,warm_high
0.170185,0.565556,0.001862,0.904327,1.0,0.0,0.0,0.0,0.0,0.0,0.315186,0.726965,0.467513,0.985302,3,lonely,random,,,
0.935404,0.252418,0.28993,0.384993,0.0,1.0,0.0,1.0,1.0,0.0,0.985,0.192154,0.223406,0.233504,0,quiet,random,,,
0.478042,0.854424,0.044846,0.141675,0,0,1,0,1,0,0.201983,0.893123,0.202228,0.178851,3,lonely,controlled_contrast,humid_night,humid_night_015,weird_high
0.975564,0.222087,0.129391,0.876125,1.0,1.0,0.0,0.0,1.0,0.0,0.598679,0.736432,0.20467,0.36915,1,warm,random,,,
0.550927,0.398897,0.719362,0.945904,0.0,0.0,0.0,1.0,1.0,1.0,0.442121,0.660305,0.1979,0.40753,2,strange,random,,,
0.78751,0.443742,0.572227,0.355518,0.0,1.0,0.0,1.0,1.0,0.0,0.174121,0.813171,0.350748,0.635206,3,lonely,random,,,
0.477754,0.03196,7.6e-05,0.172391,1.0,0.0,0.0,0.0,0.0,0.0,0.607179,0.739589,0.271391,0.697168,1,warm,random,,,
0.331849,0.895613,0.843104,0.133848,1.0,0.0,1.0,1.0,1.0,0.0,0.170392,0.141029,0.858901,0.446262,1,warm,random,,,
0.077873,0.816332,0.813452,0.045962,0.0,0.0,1.0,1.0,1.0,0.0,0.618125,0.688608,0.363401,0.965116,3,lonely,random,,,
0.879194,0.569217,0.5124,0.000531,1.0,1.0,0.0,1.0,1.0,0.0,0.71125,0.418998,0.158665,0.205054,0,quiet,random,,,
0.671363,0.511005,0.639137,0.006875,1.0,0.0,0.0,1.0,1.0,0.0,0.312401,0.548262,0.631291,0.880343,3,lonely,random,,,
0.228557,0.274029,0.974047,0.457125,1.0,0.0,0.0,1.0,1.0,1.0,0.258851,0.491743,0.210458,0.792815,2,strange,random,,,
0.517733,0.095803,0.248383,0.03026,1.0,0.0,0.0,1.0,1.0,0.0,0.347794,0.234732,0.200898,0.40994,0,quiet,random,,,
0.050348,0.387265,0.081842,0.124665,0.0,0.0,0.0,0.0,1.0,0.0,0.819578,0.605081,0.118283,0.711835,3,lonely,random,,,
0.671674,0.667085,0.217523,0.182545,0.0,0.0,0.0,1.0,1.0,0.0,0.06361,0.307907,0.509985,0.737535,3,lonely,random,,,
0.517733,0.229921,0.05537,0.193543,1,0,0,0,0,0,0.176413,0.200617,0.217567,0.911294,3,lonely,controlled_contrast,neutral_weather,neutral_weather_072,lonely_high
0.592355,0.915984,0.008556,0.209861,1.0,0.0,1.0,0.0,1.0,0.0,0.437646,0.852785,0.284157,0.67051,3,lonely,random,,,
0.178669,0.346588,0.32522,0.19351,1.0,0.0,0.0,1.0,1.0,0.0,0.589453,0.66302,0.457222,0.373022,0,quiet,random,,,
0.43248,0.965671,0.15121,0.900061,1.0,0.0,1.0,0.0,1.0,0.0,0.861894,0.325055,0.296099,0.147073,0,quiet,random,,,
0.984412,0.922603,0.833337,0.654928,0.0,1.0,1.0,1.0,1.0,1.0,0.684313,0.894277,0.153789,0.424902,2,strange,random,,,
0.027706,0.268832,0.95792,0.170604,1.0,0.0,0.0,1.0,1.0,0.0,0.749582,0.669352,0.258039,0.2099,0,quiet,random,,,
0.700718,0.23789,0.023072,0.121877,1,0,0,0,0,0,0.20399,0.898647,0.203189,0.186525,1,warm,controlled_contrast,clear_day,clear_day_028,weird_high
0.37044,0.9507,0.257466,0.851907,0.0,0.0,1.0,1.0,1.0,0.0,0.235711,0.312957,0.089295,0.158456,3,lonely,random,,,
0.921115,0.298252,0.377622,0.085678,1.0,1.0,0.0,1.0,1.0,0.0,0.173234,0.060555,0.41422,0.099826,1,warm,random,,,
0.124512,0.039189,0.914138,0.499274,1.0,0.0,0.0,1.0,1.0,1.0,0.371306,0.073132,0.194246,0.476576,0,quiet,random,,,
0.852231,0.415377,0.314325,0.225787,1.0,1.0,0.0,1.0,1.0,0.0,0.177813,0.117593,0.596728,0.996142,1,warm,random,,,
0.742574,0.984005,0.735172,0.070914,0.0,0.0,1.0,1.0,1.0,0.0,0.322402,0.924848,0.302065,0.08158,0,quiet,random,,,
0.000927,0.336256,0.696931,0.986315,1.0,0.0,0.0,1.0,1.0,1.0,0.36889,0.797602,0.12456,0.09282,2,strange,random,,,
0.453766,0.933522,0.365396,0.072054,1.0,0.0,1.0,1.0,1.0,0.0,0.739245,0.678836,0.593166,0.909917,0,quiet,random,,,
0.660321,0.07591,0.458438,0.373143,1.0,0.0,0.0,1.0,1.0,0.0,0.51546,0.747436,0.159762,0.219374,0,quiet,random,,,
0.387937,0.778223,0.449234,0.208866,0,0,1,1,1,0,0.899075,0.200308,0.222009,0.205467,0,quiet,controlled_contrast,rainy_room,rainy_room_025,calm_high
0.661702,0.932543,0.667817,0.171907,1.0,0.0,1.0,1.0,1.0,0.0,0.777453,0.46037,0.492628,0.328602,0,quiet,random,,,
0.733404,0.240872,0.0,0.197369,1,0,0,0,0,0,0.210029,0.191141,0.204963,0.900344,3,lonely,controlled_contrast,clear_day,clear_day_018,lonely_high
0.667142,0.225227,0.008974,0.14074,1,0,0,0,0,0,0.206504,0.207967,0.193624,0.901791,3,lonely,controlled_contrast,clear_day,clear_day_032,lonely_high
0.103913,0.799021,0.022782,0.38357,1.0,0.0,1.0,0.0,0.0,0.0,0.900105,0.227142,0.256708,0.416617,0,quiet,random,,,
0.456069,0.600938,0.673503,0.941489,1.0,0.0,0.0,1.0,1.0,1.0,0.309633,0.525691,0.705328,0.887084,2,strange,random,,,
0.220905,0.116243,0.883456,0.006551,0.0,0.0,0.0,1.0,1.0,0.0,0.723971,0.478975,0.291987,0.415284,0,quiet,random,,,
0.5878,0.029122,0.010681,0.761733,1.0,0.0,0.0,0.0,0.0,0.0,0.743668,0.519953,0.428617,0.267419,1,warm,random,,,
0.538285,0.620119,0.619097,0.385646,0.0,0.0,0.0,1.0,1.0,0.0,0.142203,0.580847,0.835993,0.423939,3,lonely,random,,,
0.943231,0.842654,0.236713,0.497198,1.0,1.0,1.0,1.0,1.0,0.0,0.431499,0.566127,0.416367,0.279111,1,warm,random,,,
0.613861,0.368919,0.64361,0.185471,0.0,0.0,0.0,1.0,1.0,0.0,0.192469,0.091874,0.174084,0.068169,3,lonely,random,,,
0.959649,0.016141,0.639935,0.722829,0.0,1.0,0.0,1.0,1.0,0.0,0.455765,0.909197,0.384715,0.207163,2,strange,random,,,
0.63857,0.073721,0.000484,0.044756,0.0,0.0,0.0,0.0,0.0,0.0,0.700946,0.586297,0.529389,0.390412,3,lonely,random,,,
0.057238,0.184687,0.000712,0.344578,1.0,0.0,0.0,0.0,0.0,0.0,0.134357,0.470949,0.592015,0.525806,1,warm,random,,,
0.363846,0.764615,0.428968,0.12244,0,0,1,1,1,0,0.191101,0.196857,0.918852,0.175046,3,lonely,controlled_contrast,rainy_room,rainy_room_064,warm_high
0.757029,0.944178,0.225754,0.979133,0.0,1.0,1.0,1.0,1.0,0.0,0.180787,0.727903,0.217215,0.49755,3,lonely,random,,,
0.470735,0.840353,0.056846,0.079983,0,0,1,0,1,0,0.20696,0.187754,0.166281,0.910025,3,lonely,controlled_contrast,humid_night,humid_night_003,lonely_high
0.217536,0.517214,0.016324,0.699117,1.0,0.0,0.0,0.0,0.0,0.0,0.073352,0.726735,0.128846,0.672006,2,strange,random,,,
0.219663,0.328265,0.691392,0.034877,0.0,0.0,0.0,1.0,1.0,0.0,0.064335,0.319229,0.733602,0.534171,3,lonely,random,,,
0.074094,0.294416,0.031757,0.048722,1.0,0.0,0.0,0.0,0.0,0.0,0.5187,0.909385,0.075817,0.217422,2,strange,random,,,
0.5832,0.701801,0.015119,0.021166,0.0,0.0,0.0,0.0,1.0,0.0,0.783403,0.444997,0.706157,0.527467,3,lonely,random,,,
0.843342,0.91824,0.142805,0.149085,0.0,1.0,1.0,0.0,1.0,0.0,0.566671,0.283124,0.510934,0.104017,3,lonely,random,,,
0.47579,0.272103,0.052638,0.267267,1,0,0,0,0,0,0.913202,0.202017,0.188409,0.189864,0,quiet,controlled_contrast,neutral_weather,neutral_weather_043,calm_high
0.043269,0.53112,0.631256,0.273825,0.0,0.0,0.0,1.0,1.0,0.0,0.721571,0.232448,0.985393,0.411088,0,quiet,random,,,
0.767168,0.011569,0.00131,0.142709,0.0,1.0,0.0,0.0,0.0,0.0,0.227644,0.369956,0.63578,0.692886,1,warm,random,,,
0.015213,0.812682,0.61411,0.719788,1.0,0.0,1.0,1.0,1.0,0.0,0.198039,0.494877,0.380642,0.158089,0,quiet,random,,,
0.792462,0.20594,0.474866,0.251763,0.0,1.0,0.0,1.0,1.0,0.0,0.23282,0.495068,0.302634,0.816984,3,lonely,random,,,
0.194251,0.025802,0.372255,0.719704,1.0,0.0,0.0,1.0,1.0,0.0,0.363493,0.851869,0.72646,0.149387,1,warm,random,,,
0.457869,0.835586,0.068922,0.133291,0,0,1,0,1,0,0.201729,0.898009,0.201535,0.184703,3,lonely,controlled_contrast,humid_night,humid_night_074,weird_high
0.673289,0.204258,0.686274,0.426007,1.0,0.0,0.0,1.0,1.0,0.0,0.099806,0.179837,0.13248,0.193325,0,quiet,random,,,
0.527197,0.212754,0.021069,0.221983,1,0,0,0,0,0,0.203069,0.901557,0.209179,0.196558,1,warm,controlled_contrast,neutral_weather,neutral_weather_036,weird_high
0.179323,0.4669,0.626469,0.668815,0.0,0.0,0.0,1.0,1.0,0.0,0.155639,0.365586,0.135616,0.484234,3,lonely,random,,,
0.304896,0.043033,0.534918,0.171389,1.0,0.0,0.0,1.0,1.0,0.0,0.128258,0.969136,0.093603,0.572927,2,strange,random,,,
0.86233,0.634311,0.00827,0.735402,1.0,1.0,0.0,0.0,0.0,0.0,0.199445,0.750252,0.241231,0.666803,1,warm,random,,,
0.717828,0.868956,0.06801,0.988069,0.0,0.0,1.0,0.0,1.0,0.0,0.86881,0.680712,0.510335,0.666428,3,lonely,random,,,
0.201278,0.38777,0.237017,0.122605,0.0,0.0,0.0,1.0,1.0,0.0,0.263279,0.536756,0.670821,0.101282,3,lonely,random,,,
0.577492,0.065482,0.380008,0.239547,1.0,0.0,0.0,1.0,1.0,0.0,0.641998,0.46989,0.708749,0.944067,0,quiet,random,,,
0.482503,0.642537,0.806425,0.578459,1.0,0.0,0.0,1.0,1.0,1.0,0.479999,0.506162,0.626256,0.367345,2,strange,random,,,
0.452726,0.836245,0.089932,0.127499,0,0,1,0,1,0,0.205796,0.909304,0.200243,0.189311,3,lonely,controlled_contrast,humid_night,humid_night_065,weird_high
0.863692,0.272997,0.002674,0.014125,1.0,1.0,0.0,0.0,0.0,0.0,0.69872,0.360312,0.668957,0.415428,1,warm,random,,,
0.19592,0.768266,0.755121,0.400596,0.0,0.0,1.0,1.0,1.0,0.0,0.123033,0.363446,0.214766,0.332998,3,lonely,random,,,
0.08344,0.509494,0.009379,0.102495,1.0,0.0,0.0,0.0,0.0,0.0,0.518237,0.089854,0.327099,0.464407,1,warm,random,,,
0.082305,0.054403,0.004356,0.246458,1.0,0.0,0.0,0.0,0.0,0.0,0.451691,0.481045,0.290847,0.172526,1,warm,random,,,
0.61248,0.732685,0.000609,0.53829,1.0,0.0,0.0,0.0,0.0,0.0,0.36246,0.67553,0.632797,0.094431,1,warm,random,,,
0.255934,0.113357,0.025028,0.986262,1.0,0.0,0.0,0.0,0.0,0.0,0.437327,0.789019,0.311999,0.07726,2,strange,random,,,
0.43196,0.834415,0.050241,0.103291,0,0,1,0,1,0,0.223897,0.203848,0.188074,0.886301,3,lonely,controlled_contrast,humid_night,humid_night_043,lonely_high
0.615266,0.283149,0.202584,0.811731,1.0,0.0,0.0,1.0,1.0,0.0,0.153589,0.783966,0.706199,0.119283,1,warm,random,,,
0.719379,0.408125,0.946355,0.529273,0.0,0.0,0.0,1.0,1.0,1.0,0.23129,0.827493,0.17414,0.166483,2,strange,random,,,
0.481049,0.857944,0.051143,0.130374,0,0,1,0,1,0,0.19759,0.211839,0.219547,0.902162,3,lonely,controlled_contrast,humid_night,humid_night_055,lonely_high
0.002424,0.821236,0.002226,0.5826,0.0,0.0,1.0,0.0,1.0,0.0,0.717627,0.529087,0.255884,0.621118,3,lonely,random,,,
0.511729,0.813583,0.096243,0.115479,0,0,1,0,1,0,0.200277,0.196159,0.934851,0.173659,3,lonely,controlled_contrast,humid_night,humid_night_046,warm_high
0.308738,0.840219,0.222059,0.000272,0.0,0.0,1.0,1.0,1.0,0.0,0.593167,0.262202,0.384565,0.267193,0,quiet,random,,,
0.709024,0.23868,0.0,0.144236,1,0,0,0,0,0,0.884333,0.200532,0.201174,0.203457,0,quiet,controlled_contrast,clear_day,clear_day_011,calm_high
0.330253,0.482806,0.977143,0.536166,1.0,0.0,0.0,1.0,1.0,1.0,0.168401,0.583164,0.443333,0.776354,2,strange,random,,,
0.616088,0.17442,0.427604,0.711019,0.0,0.0,0.0,1.0,1.0,0.0,0.347113,0.16826,0.39763,0.339338,3,lonely,random,,,
0.442672,0.795133,0.749037,0.707378,0,0,1,1,1,1,0.20091,0.900507,0.189059,0.213162,2,strange,controlled_contrast,stormy_weather,stormy_weather_059,weird_high
0.78003,0.996352,0.013382,0.142712,1.0,1.0,1.0,0.0,0.0,0.0,0.117422,0.422304,0.493383,0.491856,1,warm,random,,,
0.535849,0.674449,0.85484,0.53193,1.0,0.0,0.0,1.0,1.0,1.0,0.18422,0.253572,0.303572,0.633586,2,strange,random,,,
0.055683,0.535191,0.000122,0.158098,1.0,0.0,0.0,0.0,0.0,0.0,0.707936,0.274481,0.210368,0.884957,3,lonely,random,,,
0.522942,0.796507,0.017164,0.104748,1.0,0.0,1.0,0.0,1.0,0.0,0.224922,0.089794,0.722444,0.310076,1,warm,random,,,
0.06933,0.716783,0.001019,0.224436,1.0,0.0,0.0,0.0,1.0,0.0,0.596861,0.273699,0.50467,0.300933,1,warm,random,,,
0.458346,0.515514,0.243851,0.29285,1.0,0.0,0.0,1.0,1.0,0.0,0.414036,0.686702,0.186403,0.330804,0,quiet,random,,,
0.095714,0.513614,0.695391,0.618386,0.0,0.0,0.0,1.0,1.0,1.0,0.66594,0.925345,0.313851,0.737186,2,strange,random,,,
0.039456,0.442956,0.82507,0.553664,1.0,0.0,0.0,1.0,1.0,1.0,0.36695,0.449857,0.157062,0.583312,2,strange,random,,,
0.464048,0.754984,0.531106,0.327638,0.0,0.0,1.0,1.0,1.0,0.0,0.63235,0.493321,0.21374,0.467214,0,quiet,random,,,
0.203033,0.146063,0.000552,0.309441,1.0,0.0,0.0,0.0,0.0,0.0,0.610915,0.911464,0.099943,0.472839,2,strange,random,,,
0.887252,0.226002,0.395575,0.043468,1.0,1.0,0.0,1.0,1.0,0.0,0.68308,0.376916,0.122348,0.329266,0,quiet,random,,,
0.371499,0.808359,0.43389,0.193671,0,0,1,1,1,0,0.200712,0.209488,0.901063,0.196402,3,lonely,controlled_contrast,rainy_room,rainy_room_017,warm_high
0.987984,0.007132,0.65549,0.059054,1.0,1.0,0.0,1.0,1.0,0.0,0.50432,0.500254,0.159047,0.829821,0,quiet,random,,,
0.648148,0.500477,0.8548,0.144766,1.0,0.0,0.0,1.0,1.0,0.0,0.348974,0.740173,0.601067,0.565974,1,warm,random,,,
0.362856,0.962351,0.360301,0.927917,1.0,0.0,1.0,1.0,1.0,0.0,0.830513,0.266767,0.352235,0.387628,0,quiet,random,,,
0.4599,0.019392,0.963075,0.436338,1.0,0.0,0.0,1.0,1.0,0.0,0.429081,0.825926,0.180013,0.544968,0,quiet,random,,,
0.813149,0.077364,0.0101,0.488417,1.0,1.0,0.0,0.0,0.0,0.0,0.859044,0.61928,0.592328,0.668399,1,warm,random,,,
0.79272,0.808605,0.078792,0.033539,0.0,1.0,1.0,0.0,1.0,0.0,0.958324,0.35353,0.109417,0.172529,0,quiet,random,,,
0.008358,0.492039,0.308546,0.151922,1.0,0.0,0.0,1.0,1.0,0.0,0.231537,0.950089,0.073433,0.200445,2,strange,random,,,
0.169995,0.80911,0.902836,0.017771,1.0,0.0,1.0,1.0,1.0,0.0,0.749273,0.624806,0.835938,0.725345,0,quiet,random,,,
0.162521,0.017921,0.751743,0.510638,1.0,0.0,0.0,1.0,1.0,1.0,0.556042,0.633887,0.411423,0.501404,2,strange,random,,,
0.607461,0.901516,0.762275,0.708115,0.0,0.0,1.0,1.0,1.0,1.0,0.582298,0.889042,0.278749,0.166638,2,strange,random,,,
0.563627,0.632105,0.504671,0.6761,0.0,0.0,0.0,1.0,1.0,0.0,0.185602,0.853374,0.373657,0.273888,3,lonely,random,,,
0.057916,0.145936,0.420589,0.91388,0.0,0.0,0.0,1.0,1.0,0.0,0.209929,0.286718,0.480316,0.352701,3,lonely,random,,,
0.400086,0.746008,0.431457,0.177423,0.0,0.0,0.0,1.0,1.0,0.0,0.306172,0.104888,0.493157,0.856578,3,lonely,random,,,
0.03716,0.516801,0.155905,0.64562,0.0,0.0,0.0,0.0,1.0,0.0,0.381989,0.307966,0.194559,0.239519,3,lonely,random,,,
0.467979,0.759845,0.496109,0.156493,0,0,1,1,1,0,0.190229,0.907721,0.207353,0.191082,3,lonely,controlled_contrast,rainy_room,rainy_room_032,weird_high
0.803412,0.283979,0.727848,0.310787,1.0,1.0,0.0,1.0,1.0,0.0,0.446468,0.128809,0.662616,0.081057,1,warm,random,,,
0.990928,0.851758,0.04755,0.640897,0.0,1.0,1.0,0.0,1.0,0.0,0.175435,0.07222,0.129727,0.357523,3,lonely,random,,,
0.217854,0.418737,0.193619,0.658447,0.0,0.0,0.0,0.0,1.0,0.0,0.093435,0.200673,0.063963,0.746555,3,lonely,random,,,
0.493749,0.951966,0.011589,0.074595,1.0,0.0,1.0,0.0,1.0,0.0,0.719616,0.366054,0.168622,0.559719,0,quiet,random,,,
0.938454,0.643071,0.726315,0.891866,1.0,1.0,0.0,1.0,1.0,1.0,0.675365,0.649644,0.943293,0.693195,1,warm,random,,,
0.406685,0.78765,0.727486,0.732764,0,0,1,1,1,1,0.92534,0.204919,0.17749,0.209846,0,quiet,controlled_contrast,stormy_weather,stormy_weather_074,calm_high
0.484624,0.825698,0.090672,0.139599,0,0,1,0,1,0,0.207353,0.195948,0.193231,0.916072,3,lonely,controlled_contrast,humid_night,humid_night_037,lonely_high
0.759794,0.936287,0.074799,0.686597,1.0,1.0,1.0,0.0,0.0,0.0,0.729684,0.565216,0.116712,0.841867,1,warm,random,,,
0.452228,0.850372,0.000751,0.184761,0.0,0.0,1.0,0.0,1.0,0.0,0.715669,0.320958,0.401836,0.271102,3,lonely,random,,,
0.691353,0.446432,0.772186,0.389763,0.0,0.0,0.0,1.0,1.0,0.0,0.726201,0.385733,0.749956,0.079076,0,quiet,random,,,
0.5075,0.259645,0.043628,0.211202,1,0,0,0,0,0,0.20895,0.214082,0.196305,0.910557,3,lonely,controlled_contrast,neutral_weather,neutral_weather_063,lonely_high
0.043757,0.147485,0.893148,0.897558,0.0,0.0,0.0,1.0,1.0,1.0,0.619056,0.960708,0.310896,0.214954,2,strange,random,,,
0.540201,0.924736,0.565035,0.477402,0.0,0.0,1.0,1.0,1.0,0.0,0.680068,0.799595,0.451968,0.541087,0,quiet,random,,,
0.481034,0.389262,0.130006,0.24636,0.0,0.0,0.0,0.0,1.0,0.0,0.685665,0.124588,0.471921,0.72446,3,lonely,random,,,
0.487421,0.812635,0.097172,0.144091,0,0,1,0,1,0,0.17672,0.195028,0.211167,0.913636,3,lonely,controlled_contrast,humid_night,humid_night_033,lonely_high
0.438318,0.994844,0.060375,0.651527,0.0,0.0,1.0,0.0,1.0,0.0,0.678051,0.880419,0.107583,0.372145,3,lonely,random,,,
0.489049,0.811703,0.109247,0.132268,0,0,1,0,1,0,0.204229,0.198852,0.909309,0.201593,3,lonely,controlled_contrast,humid_night,humid_night_013,warm_high
0.777883,0.018265,0.272337,0.66532,0.0,1.0,0.0,1.0,1.0,0.0,0.724892,0.170009,0.743185,0.743855,3,lonely,random,,,
0.320391,0.510713,0.435028,0.068017,1.0,0.0,0.0,1.0,1.0,0.0,0.430518,0.589521,0.841191,0.448344,1,warm,random,,,
0.724997,0.216459,0.002298,0.15359,1,0,0,0,0,0,0.886017,0.224106,0.217276,0.179614,0,quiet,controlled_contrast,clear_day,clear_day_024,calm_high
0.552207,0.029732,0.031133,0.014121,0.0,0.0,0.0,0.0,0.0,0.0,0.714735,0.459193,0.205309,0.72802,3,lonely,random,,,
0.316656,0.316766,0.385118,0.782075,1.0,0.0,0.0,1.0,1.0,0.0,0.427587,0.124487,0.639712,0.471238,1,warm,random,,,
0.522941,0.238765,0.042119,0.167608,1,0,0,0,0,0,0.190937,0.190442,0.191325,0.912421,3,lonely,controlled_contrast,neutral_weather,neutral_weather_055,lonely_high
0.479813,0.811181,0.762715,0.715129,0,0,1,1,1,1,0.90006,0.209005,0.186702,0.211204,0,quiet,controlled_contrast,stormy_weather,stormy_weather_022,calm_high
0.586483,0.129276,0.24284,0.011535,1.0,0.0,0.0,1.0,1.0,0.0,0.534551,0.417598,0.375456,0.421151,0,quiet,random,,,
0.688992,0.363287,0.206388,0.426391,0.0,0.0,0.0,1.0,1.0,0.0,0.406429,0.824045,0.302817,0.440775,3,lonely,random,,,
0.10157,0.381334,0.444173,0.563266,1.0,0.0,0.0,1.0,1.0,0.0,0.37713,0.447486,0.285176,0.284611,0,quiet,random,,,
0.699894,0.640389,0.74216,0.540663,1.0,0.0,0.0,1.0,1.0,1.0,0.112407,0.729543,0.468008,0.137123,2,strange,random,,,
0.373378,0.722266,0.191997,0.820168,1.0,0.0,0.0,0.0,1.0,0.0,0.197451,0.744209,0.073742,0.092793,2,strange,random,,,
0.926428,0.984877,0.383212,0.75258,1.0,1.0,1.0,1.0,1.0,0.0,0.415466,0.734819,0.23351,0.379033,0,quiet,random,,,
0.180611,0.921524,0.914509,0.448478,1.0,0.0,1.0,1.0,1.0,0.0,0.703629,0.462523,0.605041,0.59735,0,quiet,random,,,
0.476155,0.986014,0.780654,0.252338,0.0,0.0,1.0,1.0,1.0,0.0,0.516026,0.180508,0.893145,0.550335,3,lonely,random,,,
0.143826,0.495534,0.477845,0.459331,0.0,0.0,0.0,1.0,1.0,0.0,0.155647,0.16814,0.615981,0.349223,3,lonely,random,,,
0.090573,0.122317,0.685646,0.663251,0.0,0.0,0.0,1.0,1.0,1.0,0.714765,0.446551,0.299507,0.487225,2,strange,random,,,
0.496507,0.789604,0.675841,0.754378,0,0,1,1,1,1,0.198672,0.187585,0.193789,0.898389,3,lonely,controlled_contrast,stormy_weather,stormy_weather_029,lonely_high
0.120521,0.415154,0.826807,0.800616,1.0,0.0,0.0,1.0,1.0,1.0,0.549917,0.661661,0.605425,0.726577,2,strange,random,,,
0.397179,0.912088,0.652396,0.882865,1.0,0.0,1.0,1.0,1.0,1.0,0.316556,0.468947,0.208413,0.722763,2,strange,random,,,
0.435465,0.547043,0.01896,0.016868,1.0,0.0,0.0,0.0,0.0,0.0,0.073438,0.310365,0.373179,0.732477,1,warm,random,,,
0.514497,0.228894,0.0,0.256122,1,0,0,0,0,0,0.216177,0.21819,0.900268,0.206535,1,warm,controlled_contrast,neutral_weather,neutral_weather_032,warm_high
0.427509,0.84731,0.085653,0.107923,0,0,1,0,1,0,0.195581,0.180676,0.202785,0.883986,3,lonely,controlled_contrast,humid_night,humid_night_052,lonely_high
0.325117,0.988048,0.408605,0.765579,1.0,0.0,1.0,1.0,1.0,0.0,0.426003,0.78238,0.261782,0.579226,0,quiet,random,,,
0.455132,0.695342,0.647977,0.003676,1.0,0.0,0.0,1.0,1.0,0.0,0.735617,0.489642,0.11589,0.803057,0,quiet,random,,,
0.878783,0.506538,0.233391,0.769631,1.0,1.0,0.0,1.0,1.0,0.0,0.320629,0.448019,0.776656,0.543757,1,warm,random,,,
0.482999,0.518134,0.690889,0.900691,1.0,0.0,0.0,1.0,1.0,1.0,0.27253,0.316606,0.328119,0.067737,2,strange,random,,,
0.591256,0.174171,0.210057,0.247857,1.0,0.0,0.0,1.0,1.0,0.0,0.145117,0.999579,0.243192,0.318833,2,strange,random,,,
0.428689,0.820801,0.726089,0.736096,0,0,1,1,1,1,0.19733,0.193473,0.889516,0.207196,3,lonely,controlled_contrast,stormy_weather,stormy_weather_065,warm_high
0.043425,0.076487,0.718631,0.211845,1.0,0.0,0.0,1.0,1.0,0.0,0.63257,0.122684,0.74472,0.711558,0,quiet,random,,,
0.493476,0.269295,0.041596,0.206136,1,0,0,0,0,0,0.896512,0.214023,0.203301,0.216037,0,quiet,controlled_contrast,neutral_weather,neutral_weather_034,calm_high
0.447216,0.784336,0.435583,0.205309,0,0,1,1,1,0,0.201133,0.206097,0.896095,0.176038,3,lonely,controlled_contrast,rainy_room,rainy_room_007,warm_high
0.108011,0.595047,0.410474,0.068149,1.0,0.0,0.0,1.0,1.0,0.0,0.848502,0.444306,0.059689,0.537734,0,quiet,random,,,
0.881779,0.770112,0.012882,0.372511,0.0,1.0,1.0,0.0,1.0,0.0,0.709675,0.24966,0.072192,0.086363,0,quiet,random,,,
0.451055,0.772826,0.444089,0.137423,0,0,1,1,1,0,0.209613,0.210653,0.902156,0.199672,3,lonely,controlled_contrast,rainy_room,rainy_room_052,warm_high
0.283051,0.151955,0.007098,0.554046,1.0,0.0,0.0,0.0,0.0,0.0,0.547196,0.584119,0.055017,0.201743,1,warm,random,,,
0.716971,0.27038,0.0,0.153066,1,0,0,0,0,0,0.201577,0.184955,0.180509,0.89997,3,lonely,controlled_contrast,clear_day,clear_day_033,lonely_high
0.56247,0.1338,0.014489,0.244439,1.0,0.0,0.0,0.0,0.0,0.0,0.80519,0.534313,0.609027,0.156632,1,warm,random,,,
0.358034,0.749342,0.145239,0.442001,0.0,0.0,0.0,0.0,1.0,0.0,0.632777,0.940681,0.235418,0.616104,3,lonely,random,,,
0.456056,0.803002,0.696627,0.685679,0,0,1,1,1,1,0.196916,0.913359,0.193631,0.193314,2,strange,controlled_contrast,stormy_weather,stormy_weather_043,weird_high
0.796794,0.585658,0.172188,0.264019,0.0,1.0,0.0,0.0,1.0,0.0,0.295558,0.418532,0.422755,0.114809,3,lonely,random,,,
0.725325,0.95319,0.674397,0.761735,1.0,0.0,1.0,1.0,1.0,1.0,0.251364,0.542236,0.439261,0.882351,2,strange,random,,,
0.573289,0.129288,0.549494,0.912962,1.0,0.0,0.0,1.0,1.0,0.0,0.136158,0.784356,0.136406,0.268737,2,strange,random,,,
0.604447,0.868082,0.626729,0.150627,1.0,0.0,1.0,1.0,1.0,0.0,0.678511,0.088482,0.680173,0.664914,0,quiet,random,,,
0.513341,0.283734,0.037724,0.187577,1,0,0,0,0,0,0.9131,0.185936,0.207166,0.221802,0,quiet,controlled_contrast,neutral_weather,neutral_weather_064,calm_high
0.703555,0.954923,0.080837,0.09256,1.0,0.0,1.0,0.0,1.0,0.0,0.289992,0.446451,0.721504,0.108894,1,warm,random,,,
0.819331,0.509695,0.712826,0.029416,1.0,1.0,0.0,1.0,1.0,0.0,0.42565,0.055161,0.423286,0.625774,1,warm,random,,,
0.696386,0.255116,0.734414,0.06212,1.0,0.0,0.0,1.0,1.0,0.0,0.18014,0.551056,0.41095,0.665148,3,lonely,random,,,
0.06852,0.647777,0.425761,0.028829,1.0,0.0,0.0,1.0,1.0,0.0,0.673337,0.669596,0.451167,0.161625,0,quiet,random,,,
0.938508,0.482653,0.020954,0.002935,1.0,1.0,0.0,0.0,0.0,0.0,0.962093,0.133816,0.604647,0.234893,1,warm,random,,,
0.736689,0.284043,0.211997,0.900505,1.0,0.0,0.0,1.0,1.0,0.0,0.545093,0.669842,0.842023,0.571743,1,warm,random,,,
0.565696,0.733744,0.022469,0.80573,0.0,0.0,0.0,0.0,1.0,0.0,0.059472,0.547155,0.23538,0.276683,3,lonely,random,,,
0.215073,0.847349,0.054949,0.057726,1.0,0.0,1.0,0.0,1.0,0.0,0.612136,0.217464,0.769668,0.589053,1,warm,random,,,
0.168947,0.664691,0.289988,0.364493,1.0,0.0,0.0,1.0,1.0,0.0,0.455387,0.144801,0.316517,0.509629,0,quiet,random,,,
0.143934,0.848137,0.980461,0.291355,0.0,0.0,1.0,1.0,1.0,0.0,0.159685,0.5002,0.734105,0.414099,3,lonely,random,,,
0.184279,0.572099,0.622802,0.069703,1.0,0.0,0.0,1.0,1.0,0.0,0.624154,0.908362,0.302277,0.676599,0,quiet,random,,,
0.339874,0.692075,0.195254,0.306435,0.0,0.0,0.0,0.0,1.0,0.0,0.552617,0.515857,0.842696,0.256001,3,lonely,random,,,
0.469818,0.80149,0.091194,0.140639,0,0,1,0,1,0,0.205843,0.19727,0.890468,0.198611,3,lonely,controlled_contrast,humid_night,humid_night_068,warm_high
0.285164,0.634666,0.000148,0.158913,1.0,0.0,0.0,0.0,0.0,0.0,0.472443,0.652041,0.478988,0.112975,1,warm,random,,,
0.355206,0.226969,0.386734,0.143258,0.0,0.0,0.0,1.0,1.0,0.0,0.6166,0.493276,0.689876,0.660031,3,lonely,random,,,
0.320973,0.74334,0.658236,0.569384,0.0,0.0,0.0,1.0,1.0,1.0,0.286421,0.31503,0.387501,0.178844,2,strange,random,,,
0.480401,0.244304,0.084152,0.223092,1,0,0,0,0,0,0.212717,0.889976,0.21286,0.197685,2,strange,controlled_contrast,neutral_weather,neutral_weather_006,weird_high
0.740706,0.289711,0.246652,0.046499,0.0,0.0,0.0,1.0,1.0,0.0,0.906779,0.596623,0.427027,0.156338,0,quiet,random,,,
0.71511,0.241664,0.017554,0.123825,1,0,0,0,0,0,0.185563,0.185264,0.902976,0.18817,1,warm,controlled_contrast,clear_day,clear_day_016,warm_high
0.468416,0.79541,0.726572,0.699467,0,0,1,1,1,1,0.211594,0.189697,0.198879,0.893972,3,lonely,controlled_contrast,stormy_weather,stormy_weather_079,lonely_high
0.196303,0.316923,0.009318,0.692478,1.0,0.0,0.0,0.0,0.0,0.0,0.383823,0.598955,0.569296,0.398559,1,warm,random,,,
0.461366,0.815854,0.069816,0.093938,0,0,1,0,1,0,0.878167,0.203034,0.196126,0.212866,0,quiet,controlled_contrast,humid_night,humid_night_035,calm_high
0.140938,0.600309,0.102795,0.101416,0.0,0.0,0.0,0.0,1.0,0.0,0.063799,0.709451,0.35586,0.873054,3,lonely,random,,,
0.404615,0.193304,0.059592,0.334622,1.0,0.0,0.0,0.0,0.0,0.0,0.364297,0.746472,0.315063,0.668616,1,warm,random,,,
0.965406,0.155444,0.824183,0.7251,0.0,1.0,0.0,1.0,1.0,1.0,0.993673,0.132306,0.370502,0.111608,0,quiet,random,,,
0.5131,0.263919,0.052198,0.222322,1,0,0,0,0,0,0.185828,0.208249,0.914616,0.193536,1,warm,controlled_contrast,neutral_weather,neutral_weather_052,warm_high
0.781281,0.957565,0.67855,0.004859,0.0,1.0,1.0,1.0,1.0,0.0,0.705961,0.131463,0.338623,0.556192,0,quiet,random,,,
0.530504,0.264819,0.002281,0.185629,1,0,0,0,0,0,0.187222,0.893267,0.206754,0.1917,1,warm,controlled_contrast,neutral_weather,neutral_weather_037,weird_high
0.700662,0.027887,0.770693,0.405722,0.0,0.0,0.0,1.0,1.0,0.0,0.500327,0.626807,0.368362,0.116848,0,quiet,random,,,
0.16782,0.251482,0.750235,0.701574,1.0,0.0,0.0,1.0,1.0,1.0,0.518964,0.179684,0.517765,0.065634,2,strange,random,,,
0.564811,0.409108,0.011875,0.973042,1.0,0.0,0.0,0.0,0.0,0.0,0.618891,0.082027,0.426012,0.350246,1,warm,random,,,
0.867106,0.76287,0.784641,0.010694,0.0,1.0,1.0,1.0,1.0,0.0,0.073971,0.969885,0.088128,0.741027,3,lonely,random,,,
0.206407,0.438457,0.028646,0.057477,1.0,0.0,0.0,0.0,0.0,0.0,0.929516,0.602087,0.270783,0.591922,0,quiet,random,,,
0.703015,0.238897,0.140459,0.534342,0.0,0.0,0.0,0.0,1.0,0.0,0.454415,0.273261,0.267752,0.194506,3,lonely,random,,,
0.018327,0.883857,0.214534,0.078099,0.0,0.0,1.0,1.0,1.0,0.0,0.448903,0.438946,0.993116,0.266482,0,quiet,random,,,
0.458143,0.168065,0.434157,0.209208,1.0,0.0,0.0,1.0,1.0,0.0,0.172503,0.842966,0.699645,0.407249,1,warm,random,,,
0.883304,0.349633,0.716339,0.930473,0.0,1.0,0.0,1.0,1.0,1.0,0.661334,0.374713,0.466991,0.191056,2,strange,random,,,
0.769913,0.86932,0.045011,0.051809,1.0,1.0,1.0,0.0,1.0,0.0,0.41212,0.091555,0.059442,0.5902,3,lonely,random,,,
0.44408,0.779064,0.41948,0.194914,0,0,1,1,1,0,0.187623,0.885435,0.181519,0.193982,3,lonely,controlled_contrast,rainy_room,rainy_room_054,weird_high
0.83646,0.574088,0.519016,0.392081,1.0,1.0,0.0,1.0,1.0,0.0,0.204092,0.697964,0.782078,0.319422,1,warm,random,,,
0.531019,0.268757,0.073058,0.223145,1,0,0,0,0,0,0.195995,0.185937,0.179878,0.900271,3,lonely,controlled_contrast,neutral_weather,neutral_weather_074,lonely_high
0.42249,0.811286,0.448379,0.230857,0,0,1,1,1,0,0.201483,0.185451,0.219483,0.918931,3,lonely,controlled_contrast,rainy_room,rainy_room_012,lonely_high
0.116111,0.608332,0.000185,0.142819,1.0,0.0,0.0,0.0,0.0,0.0,0.649678,0.095502,0.1107,0.325937,1,warm,random,,,
0.722776,0.818043,0.222122,0.021682,1.0,0.0,1.0,1.0,1.0,0.0,0.847519,0.085429,0.177049,0.399784,0,quiet,random,,,
0.089888,0.805021,0.755346,0.698619,1.0,0.0,1.0,1.0,1.0,1.0,0.745275,0.996209,0.110901,0.526062,2,strange,random,,,
0.634035,0.167294,0.508638,0.877707,0.0,0.0,0.0,1.0,1.0,0.0,0.102902,0.922424,0.345115,0.195259,2,strange,random,,,
0.768818,0.179132,0.954282,0.981747,0.0,1.0,0.0,1.0,1.0,1.0,0.56879,0.696667,0.722944,0.799264,2,strange,random,,,
0.363846,0.764615,0.428968,0.12244,0,0,1,1,1,0,0.205528,0.907017,0.200725,0.199596,3,lonely,controlled_contrast,rainy_room,rainy_room_064,weird_high
0.673403,0.270467,0.0,0.147069,1,0,0,0,0,0,0.224872,0.207087,0.2043,0.906264,3,lonely,controlled_contrast,clear_day,clear_day_014,lonely_high
0.461366,0.815854,0.069816,0.093938,0,0,1,0,1,0,0.19703,0.202211,0.212029,0.888815,3,lonely,controlled_contrast,humid_night,humid_night_035,lonely_high
0.268839,0.074113,0.0002,0.534706,0.0,0.0,0.0,0.0,0.0,0.0,0.094151,0.698949,0.08918,0.141196,2,strange,random,,,
0.859936,0.002845,0.604788,0.24274,1.0,1.0,0.0,1.0,1.0,0.0,0.496164,0.186937,0.211806,0.657029,0,quiet,random,,,
0.512174,0.825888,0.189114,0.655838,0.0,0.0,1.0,0.0,1.0,0.0,0.900851,0.346652,0.669349,0.587008,3,lonely,random,,,
0.758352,0.652238,0.921834,0.272772,1.0,1.0,0.0,1.0,1.0,0.0,0.60453,0.157533,0.733259,0.461049,1,warm,random,,,
0.05591,0.208741,0.003915,0.761954,1.0,0.0,0.0,0.0,0.0,0.0,0.464518,0.673127,0.389698,0.925393,1,warm,random,,,
0.407595,0.766757,0.427827,0.169369,0,0,1,1,1,0,0.196231,0.202768,0.889793,0.215742,3,lonely,controlled_contrast,rainy_room,rainy_room_011,warm_high
0.20411,0.403253,0.568056,0.022318,0.0,0.0,0.0,1.0,1.0,0.0,0.930429,0.376361,0.158079,0.212105,0,quiet,random,,,
0.472296,0.272498,0.053261,0.193919,1,0,0,0,0,0,0.207403,0.209521,0.196555,0.894942,3,lonely,controlled_contrast,neutral_weather,neutral_weather_044,lonely_high
0.036487,0.514935,0.029248,0.850843,0.0,0.0,0.0,0.0,0.0,0.0,0.360225,0.981932,0.529672,0.115164,2,strange,random,,,
0.147495,0.911064,0.360685,0.551752,1.0,0.0,1.0,1.0,1.0,0.0,0.917882,0.097074,0.096299,0.537993,0,quiet,random,,,
0.492521,0.394498,0.679415,0.860933,0.0,0.0,0.0,1.0,1.0,1.0,0.931192,0.545988,0.710565,0.074997,2,strange,random,,,
0.5075,0.259645,0.043628,0.211202,1,0,0,0,0,0,0.19824,0.897029,0.187839,0.204349,2,strange,controlled_contrast,neutral_weather,neutral_weather_063,weird_high
0.108687,0.920539,0.650599,0.001254,0.0,0.0,1.0,1.0,1.0,0.0,0.538827,0.161678,0.873618,0.66804,3,lonely,random,,,
0.584635,0.134802,0.497888,0.541,0.0,0.0,0.0,1.0,1.0,0.0,0.850249,0.473569,0.613059,0.302338,0,quiet,random,,,
0.211011,0.050851,0.273283,0.923791,1.0,0.0,0.0,1.0,1.0,0.0,0.058578,0.405589,0.672667,0.855821,1,warm,random,,,
0.985449,0.718692,0.242842,0.562992,1.0,1.0,0.0,1.0,1.0,0.0,0.999071,0.454725,0.349669,0.742036,0,quiet,random,,,
0.64646,0.484034,0.249133,0.172239,1.0,0.0,0.0,1.0,1.0,0.0,0.057058,0.056435,0.622315,0.68385,1,warm,random,,,
0.262189,0.186972,0.579063,0.327682,1.0,0.0,0.0,1.0,1.0,0.0,0.778308,0.059875,0.301496,0.078748,0,quiet,random,,,
0.733226,0.678044,0.758514,0.784671,0.0,0.0,0.0,1.0,1.0,1.0,0.960513,0.646356,0.578181,0.258474,2,strange,random,,,
0.829794,0.685106,0.072941,0.348263,1.0,1.0,0.0,0.0,1.0,0.0,0.61316,0.705285,0.580814,0.092027,1,warm,random,,,
0.745422,0.818289,0.672695,0.753718,0.0,0.0,1.0,1.0,1.0,1.0,0.418628,0.577494,0.174169,0.108607,2,strange,random,,,
0.503315,0.827714,0.077379,0.126915,0,0,1,0,1,0,0.911764,0.21663,0.164842,0.190292,0,quiet,controlled_contrast,humid_night,humid_night_067,calm_high
0.77882,0.257879,0.0,0.133074,1,0,0,0,0,0,0.20094,0.203049,0.195461,0.904588,3,lonely,controlled_contrast,clear_day,clear_day_046,lonely_high
0.534886,0.818923,0.083657,0.155276,0,0,1,0,1,0,0.187768,0.885467,0.205729,0.192319,3,lonely,controlled_contrast,humid_night,humid_night_001,weird_high
0.352707,0.578671,0.906016,0.017436,0.0,0.0,0.0,1.0,1.0,0.0,0.419459,0.738843,0.238891,0.490524,3,lonely,random,,,
0.324621,0.001917,0.517611,0.05388,0.0,0.0,0.0,1.0,1.0,0.0,0.656367,0.076302,0.081257,0.254823,0,quiet,random,,,
0.526201,0.22392,0.148297,0.361507,1.0,0.0,0.0,0.0,1.0,0.0,0.981152,0.667932,0.522217,0.553638,1,warm,random,,,
0.114339,0.367501,0.254399,0.247805,0.0,0.0,0.0,1.0,1.0,0.0,0.491318,0.131202,0.832025,0.665546,3,lonely,random,,,
0.487949,0.226467,0.042621,0.224404,1,0,0,0,0,0,0.905343,0.195057,0.192077,0.197767,0,quiet,controlled_contrast,neutral_weather,neutral_weather_071,calm_high
0.294447,0.369757,0.680132,0.66769,1.0,0.0,0.0,1.0,1.0,1.0,0.306702,0.194043,0.382418,0.197382,2,strange,random,,,
0.493615,0.397734,0.652784,0.961062,1.0,0.0,0.0,1.0,1.0,1.0,0.51331,0.651957,0.189549,0.373233,2,strange,random,,,
0.570702,0.170996,0.008772,0.065095,1.0,0.0,0.0,0.0,0.0,0.0,0.080166,0.505184,0.521147,0.492614,1,warm,random,,,
0.042867,0.853774,0.008057,0.713873,1.0,0.0,1.0,0.0,1.0,0.0,0.232274,0.074223,0.438983,0.726099,3,lonely,random,,,
0.943015,0.293042,0.037863,0.021388,0.0,1.0,0.0,0.0,0.0,0.0,0.404509,0.432104,0.524955,0.564322,3,lonely,random,,,
0.060746,0.990861,0.262021,0.182997,0.0,0.0,1.0,1.0,1.0,0.0,0.302001,0.511133,0.923072,0.120192,0,quiet,random,,,
0.746053,0.84984,0.333038,0.960557,0.0,0.0,1.0,1.0,1.0,0.0,0.895969,0.489375,0.367161,0.35747,0,quiet,random,,,
0.499724,0.789382,0.169764,0.673766,0.0,0.0,1.0,0.0,1.0,0.0,0.204605,0.846127,0.647194,0.647361,3,lonely,random,,,
0.119865,0.12239,0.298909,0.677199,1.0,0.0,0.0,1.0,1.0,0.0,0.157438,0.223106,0.809423,0.521211,1,warm,random,,,
0.72865,0.403343,0.918047,0.389087,1.0,0.0,0.0,1.0,1.0,0.0,0.05786,0.092639,0.449398,0.166262,1,warm,random,,,
0.764961,0.555579,0.17474,0.018847,0.0,1.0,0.0,0.0,1.0,0.0,0.140307,0.374817,0.079076,0.221202,3,lonely,random,,,
0.806367,0.472712,0.489308,0.216425,1.0,1.0,0.0,1.0,1.0,0.0,0.174019,0.738274,0.592336,0.939445,1,warm,random,,,
0.702588,0.135059,0.430995,0.210592,1.0,0.0,0.0,1.0,1.0,0.0,0.692626,0.771278,0.657744,0.594987,0,quiet,random,,,
0.373929,0.137508,0.85616,0.778141,1.0,0.0,0.0,1.0,1.0,1.0,0.687877,0.452866,0.645609,0.737929,2,strange,random,,,
0.17439,0.798963,0.656189,0.849567,1.0,0.0,1.0,1.0,1.0,1.0,0.247349,0.744218,0.102281,0.901512,2,strange,random,,,
0.153121,0.981089,0.571931,0.204049,1.0,0.0,1.0,1.0,1.0,0.0,0.714232,0.157455,0.242738,0.958669,0,quiet,random,,,
0.157228,0.151433,0.046763,0.993369,0.0,0.0,0.0,0.0,0.0,0.0,0.453948,0.207551,0.744859,0.32845,1,warm,random,,,
0.202697,0.834737,0.199872,0.026909,0.0,0.0,1.0,0.0,1.0,0.0,0.936519,0.237649,0.300171,0.419662,0,quiet,random,,,
0.188445,0.924315,0.000451,0.093024,1.0,0.0,1.0,0.0,1.0,0.0,0.524048,0.315955,0.990867,0.325945,1,warm,random,,,
0.744488,0.271266,0.059862,0.099788,1,0,0,0,0,0,0.185934,0.906164,0.191025,0.184066,2,strange,controlled_contrast,clear_day,clear_day_044,weird_high
0.708574,0.229649,0.00265,0.153569,1,0,0,0,0,0,0.889671,0.188713,0.192972,0.216011,0,quiet,controlled_contrast,clear_day,clear_day_040,calm_high
0.914681,0.111014,0.832235,0.987888,1.0,1.0,0.0,1.0,1.0,1.0,0.279739,0.357561,0.711041,0.217524,1,warm,random,,,
0.725951,0.268081,0.0,0.114973,1,0,0,0,0,0,0.195905,0.193254,0.908599,0.196121,1,warm,controlled_contrast,clear_day,clear_day_019,warm_high
0.553592,0.63687,0.182801,0.455241,1.0,0.0,0.0,0.0,1.0,0.0,0.136979,0.313918,0.195986,0.068007,1,warm,random,,,
0.467222,0.537026,0.326252,0.234671,0.0,0.0,0.0,1.0,1.0,0.0,0.089836,0.174774,0.850948,0.478071,3,lonely,random,,,
0.573905,0.683705,0.159551,0.924112,0.0,0.0,0.0,0.0,1.0,0.0,0.476209,0.221485,0.571667,0.132025,3,lonely,random,,,
0.014352,0.439706,0.868946,0.790014,1.0,0.0,0.0,1.0,1.0,1.0,0.054224,0.482032,0.590211,0.572864,2,strange,random,,,
0.600084,0.003765,0.240091,0.39483,1.0,0.0,0.0,1.0,1.0,0.0,0.368667,0.712804,0.239653,0.488372,0,quiet,random,,,
0.965873,0.289396,0.950947,0.602139,0.0,1.0,0.0,1.0,1.0,1.0,0.503289,0.246447,0.520548,0.185466,2,strange,random,,,
0.535126,0.248991,0.902016,0.240842,0.0,0.0,0.0,1.0,1.0,0.0,0.694921,0.169686,0.75078,0.361782,0,quiet,random,,,
0.081095,0.951883,0.216868,0.956921,1.0,0.0,1.0,1.0,1.0,0.0,0.822096,0.227344,0.34735,0.283492,0,quiet,random,,,
0.663539,0.463481,0.025864,0.100857,0.0,0.0,0.0,0.0,0.0,0.0,0.702926,0.343626,0.607393,0.690926,3,lonely,random,,,
0.351586,0.268147,0.981907,0.933615,1.0,0.0,0.0,1.0,1.0,1.0,0.342073,0.092055,0.116806,0.286287,2,strange,random,,,
0.107783,0.894428,0.151354,0.608598,0.0,0.0,1.0,0.0,1.0,0.0,0.249434,0.910251,0.483861,0.162219,3,lonely,random,,,
0.641098,0.431434,0.485255,0.915463,1.0,0.0,0.0,1.0,1.0,0.0,0.542449,0.483653,0.586314,0.724439,1,warm,random,,,
0.730224,0.927031,0.060161,0.510088,0.0,0.0,1.0,0.0,1.0,0.0,0.218648,0.929746,0.059878,0.147451,3,lonely,random,,,
0.34799,0.601904,0.243375,0.226021,1.0,0.0,0.0,1.0,1.0,0.0,0.05967,0.671515,0.29081,0.275156,1,warm,random,,,
0.414391,0.804544,0.491505,0.185044,0,0,1,1,1,0,0.186065,0.203358,0.887703,0.18778,3,lonely,controlled_contrast,rainy_room,rainy_room_006,warm_high
0.495688,0.823128,0.115448,0.081572,0,0,1,0,1,0,0.192182,0.891332,0.210867,0.189,3,lonely,controlled_contrast,humid_night,humid_night_022,weird_high
0.826652,0.88938,0.172122,0.511265,0.0,1.0,1.0,0.0,1.0,0.0,0.39969,0.083227,0.606059,0.419329,3,lonely,random,,,
0.832465,0.064187,0.520269,0.991701,0.0,1.0,0.0,1.0,1.0,0.0,0.25562,0.62253,0.722505,0.582589,3,lonely,random,,,
0.514111,0.264833,0.039891,0.239412,1,0,0,0,0,0,0.903588,0.178958,0.225955,0.194983,0,quiet,controlled_contrast,neutral_weather,neutral_weather_069,calm_high
0.471123,0.777851,0.855768,0.049689,0.0,0.0,1.0,1.0,1.0,0.0,0.237493,0.453301,0.931969,0.070141,0,quiet,random,,,
0.917949,0.0086,0.813184,0.437971,0.0,1.0,0.0,1.0,1.0,0.0,0.67461,0.724265,0.739622,0.398723,0,quiet,random,,,
0.97379,0.492787,0.75673,0.635149,1.0,1.0,0.0,1.0,1.0,1.0,0.443746,0.352205,0.301358,0.598443,2,strange,random,,,
0.499481,0.808809,0.103136,0.15045,0,0,1,0,1,0,0.198444,0.18542,0.195564,0.896792,3,lonely,controlled_contrast,humid_night,humid_night_071,lonely_high
0.631542,0.483327,0.002814,0.314688,0.0,0.0,0.0,0.0,0.0,0.0,0.251003,0.985597,0.508642,0.268549,2,strange,random,,,
0.245869,0.258047,0.001039,0.311389,1.0,0.0,0.0,0.0,0.0,0.0,0.727271,0.279388,0.18281,0.32845,1,warm,random,,,
0.914032,0.130148,0.01369,0.075905,1.0,1.0,0.0,0.0,0.0,0.0,0.113054,0.742265,0.431539,0.335597,1,warm,random,,,
0.004331,0.062848,0.142152,0.599131,1.0,0.0,0.0,0.0,1.0,0.0,0.476579,0.298054,0.162327,0.277605,1,warm,random,,,
0.225987,0.65988,0.020482,0.107867,1.0,0.0,0.0,0.0,0.0,0.0,0.430662,0.628507,0.5551,0.157166,1,warm,random,,,
0.318297,0.784142,0.564435,0.171393,1.0,0.0,1.0,1.0,1.0,0.0,0.265956,0.719787,0.352051,0.359473,0,quiet,random,,,
0.917536,0.872075,0.382917,0.01974,1.0,1.0,1.0,1.0,1.0,0.0,0.705459,0.051975,0.669866,0.369763,0,quiet,random,,,
0.466301,0.789484,0.123656,0.108924,0,0,1,0,1,0,0.904935,0.180174,0.189176,0.207362,0,quiet,controlled_contrast,humid_night,humid_night_050,calm_high
0.393708,0.327049,0.150946,0.333484,0.0,0.0,0.0,0.0,1.0,0.0,0.238218,0.944533,0.278949,0.658106,3,lonely,random,,,
0.257954,0.535948,0.789007,0.553515,1.0,0.0,0.0,1.0,1.0,1.0,0.271319,0.813391,0.678679,0.545089,2,strange,random,,,
0.696762,0.021459,0.361276,0.483368,1.0,0.0,0.0,1.0,1.0,0.0,0.123564,0.644314,0.988297,0.640068,1,warm,random,,,
0.660452,0.528375,0.759209,0.148776,0.0,0.0,0.0,1.0,1.0,0.0,0.292792,0.943864,0.511194,0.703391,3,lonely,random,,,
0.422274,0.763033,0.309515,0.008389,1.0,0.0,1.0,1.0,1.0,0.0,0.812075,0.484891,0.267963,0.243086,0,quiet,random,,,
0.89128,0.736283,0.217704,0.913126,1.0,1.0,0.0,1.0,1.0,0.0,0.515628,0.435798,0.87991,0.36828,1,warm,random,,,
0.592695,0.953081,0.483463,0.730895,1.0,0.0,1.0,1.0,1.0,0.0,0.508592,0.060414,0.958272,0.242308,1,warm,random,,,
0.667142,0.225227,0.008974,0.14074,1,0,0,0,0,0,0.882854,0.20164,0.184193,0.212411,0,quiet,controlled_contrast,clear_day,clear_day_032,calm_high
0.452173,0.832109,0.088586,0.124073,0,0,1,0,1,0,0.207369,0.196122,0.911872,0.194045,3,lonely,controlled_contrast,humid_night,humid_night_007,warm_high
0.905858,0.870308,0.689974,0.928215,1.0,1.0,1.0,1.0,1.0,1.0,0.658889,0.465035,0.677977,0.474081,1,warm,random,,,
0.522583,0.230877,0.020459,0.165471,1,0,0,0,0,0,0.203269,0.890316,0.208986,0.220441,2,strange,controlled_contrast,neutral_weather,neutral_weather_016,weird_high
0.812009,0.32689,0.770817,0.661666,1.0,1.0,0.0,1.0,1.0,1.0,0.349765,0.952286,0.416253,0.485653,2,strange,random,,,
0.914684,0.459484,0.083521,0.961407,1.0,1.0,0.0,0.0,1.0,0.0,0.617296,0.531454,0.725425,0.668871,1,warm,random,,,
0.443354,0.849884,0.037871,0.911157,1.0,0.0,1.0,0.0,0.0,0.0,0.650105,0.098109,0.533049,0.787987,1,warm,random,,,
0.334485,0.16903,0.000179,0.038708,0.0,0.0,0.0,0.0,0.0,0.0,0.904015,0.342988,0.461732,0.312535,0,quiet,random,,,
0.179917,0.279658,0.708802,0.786909,0.0,0.0,0.0,1.0,1.0,1.0,0.4523,0.404118,0.728845,0.137317,2,strange,random,,,
0.562175,0.339227,0.055619,0.082116,1.0,0.0,0.0,0.0,0.0,0.0,0.596898,0.284214,0.924105,0.181327,1,warm,random,,,
0.963158,0.906898,6.9e-05,0.020567,1.0,1.0,1.0,0.0,1.0,0.0,0.865821,0.101302,0.688596,0.328056,1,warm,random,,,
0.768242,0.774627,0.965385,0.83505,0.0,1.0,1.0,1.0,1.0,1.0,0.834827,0.389926,0.199644,0.154581,0,quiet,random,,,
0.010837,0.737019,0.267099,0.024047,1.0,0.0,0.0,1.0,1.0,0.0,0.502465,0.96723,0.605938,0.276909,0,quiet,random,,,
0.864735,0.512105,0.000999,0.928876,1.0,1.0,0.0,0.0,0.0,0.0,0.230432,0.518279,0.8178,0.230384,1,warm,random,,,
0.732979,0.076728,0.018876,0.115623,0.0,0.0,0.0,0.0,0.0,0.0,0.206488,0.713639,0.318837,0.204257,2,strange,random,,,
0.387326,0.14581,0.572828,0.08002,1.0,0.0,0.0,1.0,1.0,0.0,0.759761,0.638623,0.47086,0.108551,0,quiet,random,,,
0.424144,0.799289,0.768797,0.696829,0,0,1,1,1,1,0.219102,0.207034,0.18276,0.890456,3,lonely,controlled_contrast,stormy_weather,stormy_weather_076,lonely_high
0.377608,0.740394,0.001726,0.713359,1.0,0.0,0.0,0.0,1.0,0.0,0.346751,0.154731,0.680745,0.63632,1,warm,random,,,
0.317714,0.93181,0.379551,0.556129,1.0,0.0,1.0,1.0,1.0,0.0,0.69114,0.315172,0.664035,0.944567,0,quiet,random,,,
0.405873,0.263068,0.217248,0.081185,1.0,0.0,0.0,1.0,1.0,0.0,0.917944,0.401022,0.16608,0.708502,0,quiet,random,,,
0.974181,0.701831,0.904712,0.639478,1.0,1.0,0.0,1.0,1.0,1.0,0.123822,0.98008,0.726343,0.316285,2,strange,random,,,
0.280533,0.306091,0.250734,0.003877,1.0,0.0,0.0,1.0,1.0,0.0,0.641015,0.232988,0.664741,0.608441,0,quiet,random,,,
0.604785,0.925302,0.228507,0.029322,1.0,0.0,1.0,1.0,1.0,0.0,0.652897,0.967401,0.119851,0.733575,0,quiet,random,,,
0.625342,0.005075,0.450011,0.31746,0.0,0.0,0.0,1.0,1.0,0.0,0.293545,0.264869,0.155432,0.206745,0,quiet,random,,,
0.335783,0.160229,0.787404,0.583272,0.0,0.0,0.0,1.0,1.0,1.0,0.167693,0.61398,0.434789,0.620049,2,strange,random,,,
0.133228,0.768437,0.328527,0.346811,1.0,0.0,1.0,1.0,1.0,0.0,0.377804,0.994085,0.715496,0.559519,0,quiet,random,,,
0.450746,0.821049,0.55634,0.408453,1.0,0.0,1.0,1.0,1.0,0.0,0.774022,0.235077,0.358439,0.507165,0,quiet,random,,,
0.612839,0.119066,0.808793,0.860164,1.0,0.0,0.0,1.0,1.0,1.0,0.58006,0.512803,0.271707,0.125064,2,strange,random,,,
0.385666,0.743967,0.596505,0.641423,1.0,0.0,0.0,1.0,1.0,0.0,0.091142,0.156819,0.904048,0.123351,1,warm,random,,,
0.782301,0.15293,0.158401,0.058738,1.0,1.0,0.0,0.0,1.0,0.0,0.617508,0.56591,0.324247,0.074475,1,warm,random,,,
0.756006,0.252887,0.0,0.128958,1,0,0,0,0,0,0.213147,0.206118,0.893811,0.207833,1,warm,controlled_contrast,clear_day,clear_day_074,warm_high
0.172899,0.055622,0.660655,0.817581,1.0,0.0,0.0,1.0,1.0,1.0,0.195299,0.290037,0.96609,0.318,1,warm,random,,,
0.454334,0.454297,0.463476,0.911364,0.0,0.0,0.0,1.0,1.0,0.0,0.652168,0.670155,0.986812,0.07219,0,quiet,random,,,
0.423416,0.819785,0.057776,0.13356,0,0,1,0,1,0,0.908693,0.2177,0.184895,0.199872,0,quiet,controlled_contrast,humid_night,humid_night_029,calm_high
0.659973,0.506697,0.896785,0.481415,1.0,0.0,0.0,1.0,1.0,1.0,0.632561,0.997149,0.336435,0.086439,2,strange,random,,,
0.746588,0.32938,0.124649,0.641314,0.0,0.0,0.0,0.0,1.0,0.0,0.519398,0.307345,0.695459,0.53659,3,lonely,random,,,
0.675986,0.142785,0.205757,0.192177,1.0,0.0,0.0,1.0,1.0,0.0,0.411138,0.132813,0.209029,0.443064,0,quiet,random,,,
0.989516,0.109394,0.440164,0.687307,1.0,1.0,0.0,1.0,1.0,0.0,0.314572,0.749555,0.527718,0.812335,1,warm,random,,,
0.209305,0.660785,0.706909,0.83301,1.0,0.0,0.0,1.0,1.0,1.0,0.366245,0.543585,0.847192,0.570035,2,strange,random,,,
0.461782,0.79805,0.073417,0.078683,0,0,1,0,1,0,0.211725,0.896315,0.197596,0.204675,3,lonely,controlled_contrast,humid_night,humid_night_069,weird_high
0.481387,0.578991,0.289192,0.706646,0.0,0.0,0.0,1.0,1.0,0.0,0.440849,0.326369,0.482173,0.068803,3,lonely,random,,,
0.798752,0.067314,0.00262,0.692826,1.0,1.0,0.0,0.0,0.0,0.0,0.893189,0.123584,0.367219,0.444349,1,warm,random,,,
0.771377,0.391777,0.237661,0.698684,1.0,1.0,0.0,1.0,1.0,0.0,0.167101,0.205249,0.727206,0.573281,1,warm,random,,,
0.65091,0.285491,0.004783,0.253525,1.0,0.0,0.0,0.0,0.0,0.0,0.772917,0.722571,0.567698,0.237736,1,warm,random,,,
0.72133,0.555059,0.526781,0.267357,1.0,0.0,0.0,1.0,1.0,0.0,0.142375,0.616843,0.779119,0.696392,1,warm,random,,,
0.503155,0.839109,0.100749,0.101831,0,0,1,0,1,0,0.890461,0.205943,0.19921,0.17997,0,quiet,controlled_contrast,humid_night,humid_night_041,calm_high
0.253557,0.801036,0.42444,0.133314,1.0,0.0,1.0,1.0,1.0,0.0,0.916187,0.397977,0.189093,0.448946,0,quiet,random,,,
0.333011,0.471615,0.00486,0.193104,1.0,0.0,0.0,0.0,0.0,0.0,0.535613,0.577258,0.052546,0.066153,1,warm,random,,,
0.28951,0.866861,0.087527,0.050562,1.0,0.0,1.0,0.0,1.0,0.0,0.271607,0.468538,0.736389,0.444726,1,warm,random,,,
0.2293,0.930849,0.291453,0.251127,1.0,0.0,1.0,1.0,1.0,0.0,0.298651,0.681681,0.563673,0.942695,3,lonely,random,,,
0.0403,0.600415,0.01522,0.429369,1.0,0.0,0.0,0.0,0.0,0.0,0.310545,0.197359,0.277765,0.724925,1,warm,random,,,
0.451055,0.772826,0.444089,0.137423,0,0,1,1,1,0,0.185285,0.209266,0.18813,0.897157,3,lonely,controlled_contrast,rainy_room,rainy_room_052,lonely_high
0.488003,0.503612,0.58361,0.107309,0.0,0.0,0.0,1.0,1.0,0.0,0.672313,0.467441,0.658424,0.276401,0,quiet,random,,,
0.319531,0.285507,0.614871,0.008181,0.0,0.0,0.0,1.0,1.0,0.0,0.271231,0.816386,0.642948,0.636973,3,lonely,random,,,
0.662879,0.994249,0.190216,0.511543,1.0,0.0,1.0,0.0,1.0,0.0,0.896476,0.076129,0.492428,0.602572,0,quiet,random,,,
0.667881,0.594887,0.603075,0.72087,0.0,0.0,0.0,1.0,1.0,0.0,0.638544,0.818251,0.383252,0.165641,0,quiet,random,,,
0.702647,0.541682,0.776864,0.284709,0.0,0.0,0.0,1.0,1.0,0.0,0.062233,0.461325,0.732397,0.279071,3,lonely,random,,,
0.671232,0.349014,0.224963,0.981372,1.0,0.0,0.0,1.0,1.0,0.0,0.83761,0.122313,0.459338,0.692116,0,quiet,random,,,
0.410534,0.780226,0.442511,0.161987,0,0,1,1,1,0,0.201267,0.209053,0.888551,0.211537,3,lonely,controlled_contrast,rainy_room,rainy_room_044,warm_high
0.036522,0.501822,0.296664,0.165314,0.0,0.0,0.0,1.0,1.0,0.0,0.509102,0.255853,0.306397,0.75698,3,lonely,random,,,
0.464359,0.850754,0.062124,0.083153,0,0,1,0,1,0,0.205513,0.198795,0.887524,0.209235,3,lonely,controlled_contrast,humid_night,humid_night_009,warm_high
0.359789,0.095803,0.172763,0.535267,0.0,0.0,0.0,0.0,1.0,0.0,0.621931,0.422665,0.134138,0.962736,3,lonely,random,,,
0.675105,0.941576,0.834831,0.804291,1.0,0.0,1.0,1.0,1.0,1.0,0.244053,0.458909,0.349333,0.076048,2,strange,random,,,
0.356601,0.926397,0.805889,0.592106,0.0,0.0,1.0,1.0,1.0,1.0,0.730964,0.676539,0.168461,0.802552,3,lonely,random,,,
0.414921,0.775622,0.437493,0.197193,0,0,1,1,1,0,0.204162,0.879889,0.194941,0.210576,3,lonely,controlled_contrast,rainy_room,rainy_room_066,weird_high
0.496507,0.789604,0.675841,0.754378,0,0,1,1,1,1,0.199274,0.908538,0.215157,0.214846,2,strange,controlled_contrast,stormy_weather,stormy_weather_029,weird_high
0.208254,0.422133,0.767091,0.237111,1.0,0.0,0.0,1.0,1.0,0.0,0.740905,0.693269,0.076784,0.501835,0,quiet,random,,,
0.730771,0.24666,0.0,0.138023,1,0,0,0,0,0,0.913449,0.197161,0.182996,0.188768,0,quiet,controlled_contrast,clear_day,clear_day_055,calm_high
0.36773,0.506641,0.01864,0.919181,0.0,0.0,0.0,0.0,0.0,0.0,0.616009,0.156376,0.696052,0.56808,3,lonely,random,,,
0.722055,0.249634,0.024234,0.148722,1,0,0,0,0,0,0.912953,0.209489,0.208835,0.18868,0,quiet,controlled_contrast,clear_day,clear_day_075,calm_high
0.744563,0.777808,0.639961,0.092249,0.0,0.0,1.0,1.0,1.0,0.0,0.353009,0.564823,0.504657,0.248504,0,quiet,random,,,
0.483596,0.804865,0.674204,0.718798,0,0,1,1,1,1,0.21472,0.208835,0.198639,0.895355,3,lonely,controlled_contrast,stormy_weather,stormy_weather_009,lonely_high
0.370127,0.185145,0.580601,0.069715,1.0,0.0,0.0,1.0,1.0,0.0,0.980171,0.712045,0.66945,0.305201,0,quiet,random,,,
0.509435,0.822,0.075961,0.134507,0,0,1,0,1,0,0.890322,0.197428,0.194277,0.190723,0,quiet,controlled_contrast,humid_night,humid_night_032,calm_high
0.730771,0.24666,0.0,0.138023,1,0,0,0,0,0,0.201564,0.209745,0.900624,0.201647,1,warm,controlled_contrast,clear_day,clear_day_055,warm_high
0.482694,0.543393,0.013735,0.822503,1.0,0.0,0.0,0.0,0.0,0.0,0.592311,0.061679,0.501817,0.730797,1,warm,random,,,
0.749741,0.249,0.028631,0.163618,1,0,0,0,0,0,0.184796,0.193824,0.893735,0.187285,1,warm,controlled_contrast,clear_day,clear_day_000,warm_high
0.066998,0.889727,0.463086,0.361885,0.0,0.0,1.0,1.0,1.0,0.0,0.471315,0.417317,0.065953,0.197261,0,quiet,random,,,
0.351566,0.969816,0.349943,0.092399,0.0,0.0,1.0,1.0,1.0,0.0,0.799195,0.524266,0.507582,0.190657,0,quiet,random,,,
0.766508,0.44331,0.633196,0.161669,1.0,1.0,0.0,1.0,1.0,0.0,0.85222,0.517057,0.294955,0.683337,0,quiet,random,,,
0.200239,0.252373,0.279521,0.922579,0.0,0.0,0.0,1.0,1.0,0.0,0.161368,0.926886,0.094861,0.16152,2,strange,random,,,
0.766852,0.736919,0.040333,0.217584,1.0,1.0,0.0,0.0,1.0,0.0,0.691541,0.918183,0.485086,0.720917,1,warm,random,,,
0.528912,0.273113,0.057438,0.15931,1,0,0,0,0,0,0.192858,0.206377,0.905573,0.173722,1,warm,controlled_contrast,neutral_weather,neutral_weather_008,warm_high
0.110355,0.289854,0.765717,0.324437,1.0,0.0,0.0,1.0,1.0,0.0,0.272333,0.316359,0.345003,0.278108,0,quiet,random,,,
0.871033,0.129012,0.935462,0.195417,0.0,1.0,0.0,1.0,1.0,0.0,0.190124,0.203613,0.40987,0.585408,3,lonely,random,,,
0.155867,0.03613,0.346849,0.326665,1.0,0.0,0.0,1.0,1.0,0.0,0.551769,0.346469,0.124675,0.744642,0,quiet,random,,,
0.28048,0.249716,0.671599,0.587064,0.0,0.0,0.0,1.0,1.0,1.0,0.346501,0.982696,0.614649,0.09545,2,strange,random,,,
0.879808,0.61264,0.13409,0.161115,1.0,1.0,0.0,0.0,1.0,0.0,0.440219,0.63146,0.189487,0.751569,3,lonely,random,,,
0.459738,0.742389,0.290182,0.001271,1.0,0.0,0.0,1.0,1.0,0.0,0.337234,0.782256,0.72911,0.316465,1,warm,random,,,
0.37438,0.976753,0.700827,0.540061,1.0,0.0,1.0,1.0,1.0,1.0,0.265728,0.860649,0.607772,0.294862,2,strange,random,,,
0.71975,0.721154,0.36852,0.539332,0.0,0.0,0.0,1.0,1.0,0.0,0.463533,0.929228,0.587409,0.53536,3,lonely,random,,,
0.390082,0.489063,0.141129,0.898527,0.0,0.0,0.0,0.0,1.0,0.0,0.479941,0.690624,0.249371,0.783881,3,lonely,random,,,
0.689089,0.94164,0.02648,0.512063,1.0,0.0,1.0,0.0,1.0,0.0,0.947508,0.417438,0.581374,0.282619,0,quiet,random,,,
0.228235,0.871897,0.422871,0.577391,1.0,0.0,1.0,1.0,1.0,0.0,0.541414,0.288755,0.388473,0.491088,0,quiet,random,,,
0.777421,0.182677,0.860359,0.985317,1.0,1.0,0.0,1.0,1.0,1.0,0.773629,0.324728,0.272971,0.53899,2,strange,random,,,
0.675852,0.344846,0.03643,0.276397,0.0,0.0,0.0,0.0,0.0,0.0,0.154138,0.513152,0.256644,0.153364,3,lonely,random,,,
0.54109,0.629933,0.957834,0.699228,1.0,0.0,0.0,1.0,1.0,1.0,0.237152,0.367218,0.129404,0.266707,2,strange,random,,,
0.464392,0.789191,0.703262,0.761852,0,0,1,1,1,1,0.190982,0.92335,0.195931,0.208635,2,strange,controlled_contrast,stormy_weather,stormy_weather_069,weird_high
0.522941,0.238765,0.042119,0.167608,1,0,0,0,0,0,0.21091,0.895816,0.195923,0.207656,2,strange,controlled_contrast,neutral_weather,neutral_weather_055,weird_high
0.106838,0.440181,0.489915,0.253302,0.0,0.0,0.0,1.0,1.0,0.0,0.421088,0.949529,0.11512,0.476554,3,lonely,random,,,
0.296608,0.606436,0.015903,0.762624,0.0,0.0,0.0,0.0,0.0,0.0,0.282627,0.747656,0.464334,0.13111,2,strange,random,,,
0.188587,0.49632,0.050995,0.132066,1.0,0.0,0.0,0.0,0.0,0.0,0.653579,0.789606,0.666891,0.055909,1,warm,random,,,
0.914569,0.831226,0.697186,0.103811,1.0,1.0,1.0,1.0,1.0,0.0,0.609855,0.868472,0.548322,0.432935,0,quiet,random,,,
0.406685,0.78765,0.727486,0.732764,0,0,1,1,1,1,0.202619,0.18149,0.214943,0.915738,3,lonely,controlled_contrast,stormy_weather,stormy_weather_074,lonely_high
0.174321,0.73243,0.420121,0.140323,1.0,0.0,0.0,1.0,1.0,0.0,0.138203,0.293489,0.42253,0.608922,3,lonely,random,,,
0.285468,0.325729,0.01113,0.006143,0.0,0.0,0.0,0.0,0.0,0.0,0.857459,0.397758,0.584178,0.08151,0,quiet,random,,,
0.838058,0.333018,0.103409,0.080838,0.0,1.0,0.0,0.0,1.0,0.0,0.638837,0.350067,0.821252,0.726717,3,lonely,random,,,
0.496507,0.789604,0.675841,0.754378,0,0,1,1,1,1,0.904861,0.225484,0.207929,0.20179,0,quiet,controlled_contrast,stormy_weather,stormy_weather_029,calm_high
0.47398,0.236257,0.056246,0.192646,1,0,0,0,0,0,0.212691,0.212355,0.198248,0.914041,3,lonely,controlled_contrast,neutral_weather,neutral_weather_066,lonely_high
0.470113,0.785376,0.091195,0.141248,0,0,1,0,1,0,0.185428,0.187283,0.206963,0.932949,3,lonely,controlled_contrast,humid_night,humid_night_049,lonely_high
0.505224,0.284184,0.078797,0.189166,1,0,0,0,0,0,0.221342,0.209601,0.217558,0.906913,3,lonely,controlled_contrast,neutral_weather,neutral_weather_014,lonely_high
0.945877,0.471169,0.375496,0.820549,1.0,1.0,0.0,1.0,1.0,0.0,0.359498,0.294176,0.0804,0.551551,1,warm,random,,,
0.097379,0.369351,0.487694,0.832279,1.0,0.0,0.0,1.0,1.0,0.0,0.682901,0.365724,0.14282,0.719537,0,quiet,random,,,
0.85965,0.230717,0.884658,0.971828,1.0,1.0,0.0,1.0,1.0,1.0,0.576657,0.059055,0.630005,0.27721,1,warm,random,,,
0.150102,0.43474,0.034185,0.073045,1.0,0.0,0.0,0.0,0.0,0.0,0.698579,0.561934,0.514603,0.130922,1,warm,random,,,
0.495161,0.784222,0.120516,0.121551,0,0,1,0,1,0,0.169499,0.193979,0.900707,0.216057,3,lonely,controlled_contrast,humid_night,humid_night_019,warm_high
0.474633,0.840555,0.03555,0.100491,0,0,1,0,1,0,0.182781,0.905019,0.214633,0.203129,3,lonely,controlled_contrast,humid_night,humid_night_006,weird_high
0.673794,0.167769,0.039117,0.50332,0.0,0.0,0.0,0.0,0.0,0.0,0.717389,0.946629,0.690462,0.434532,2,strange,random,,,
0.33262,0.679836,2e-06,0.268947,0.0,0.0,0.0,0.0,0.0,0.0,0.528455,0.636023,0.973748,0.449933,1,warm,random,,,
0.87732,0.235057,0.939514,0.043978,1.0,1.0,0.0,1.0,1.0,0.0,0.273804,0.151037,0.468822,0.677794,1,warm,random,,,
0.491144,0.268764,0.019926,0.191902,1,0,0,0,0,0,0.209094,0.8983,0.195508,0.190946,2,strange,controlled_contrast,neutral_weather,neutral_weather_078,weird_high
0.230097,0.202574,0.746098,0.943833,1.0,0.0,0.0,1.0,1.0,1.0,0.15473,0.697253,0.488909,0.180353,2,strange,random,,,
0.588286,0.733932,0.062073,0.428941,0.0,0.0,0.0,0.0,1.0,0.0,0.585637,0.732102,0.599044,0.734003,3,lonely,random,,,
0.97534,0.939799,0.831451,0.498683,1.0,1.0,1.0,1.0,1.0,1.0,0.501295,0.529982,0.20872,0.747945,0,quiet,random,,,
0.468416,0.79541,0.726572,0.699467,0,0,1,1,1,1,0.89718,0.170211,0.230799,0.232233,0,quiet,controlled_contrast,stormy_weather,stormy_weather_079,calm_high
0.912837,0.846493,0.549063,0.401934,1.0,1.0,1.0,1.0,1.0,0.0,0.587422,0.147951,0.271456,0.666003,0,quiet,random,,,
0.508992,0.543768,0.810313,0.654435,1.0,0.0,0.0,1.0,1.0,1.0,0.302569,0.160285,0.410839,0.555794,2,strange,random,,,
0.144662,0.999185,0.234763,0.672949,0.0,0.0,1.0,1.0,1.0,0.0,0.267866,0.403099,0.113364,0.464104,3,lonely,random,,,
0.455175,0.770551,0.223082,0.586035,1.0,0.0,1.0,1.0,1.0,0.0,0.667693,0.653143,0.652055,0.873628,0,quiet,random,,,
0.029366,0.359871,0.962642,0.672521,1.0,0.0,0.0,1.0,1.0,1.0,0.665923,0.910876,0.641692,0.604808,2,strange,random,,,
0.711879,0.943364,0.097224,0.098295,0.0,0.0,1.0,0.0,1.0,0.0,0.964588,0.400337,0.155868,0.299206,0,quiet,random,,,
0.505005,0.523755,0.01274,0.95393,1.0,0.0,0.0,0.0,0.0,0.0,0.969994,0.467756,0.620781,0.107502,1,warm,random,,,
0.715147,0.744582,0.014856,0.47663,0.0,0.0,0.0,0.0,1.0,0.0,0.494683,0.219007,0.848627,0.630197,3,lonely,random,,,
0.976235,0.285671,0.26999,0.628814,1.0,1.0,0.0,1.0,1.0,0.0,0.644337,0.463349,0.712429,0.764424,1,warm,random,,,
0.052945,0.361135,0.337232,0.407155,1.0,0.0,0.0,1.0,1.0,0.0,0.675684,0.549196,0.451142,0.794697,0,quiet,random,,,
0.857136,0.157627,0.403464,0.945873,1.0,1.0,0.0,1.0,1.0,0.0,0.571098,0.298758,0.302356,0.576578,1,warm,random,,,
0.77882,0.257879,0.0,0.133074,1,0,0,0,0,0,0.893352,0.190056,0.193244,0.189553,0,quiet,controlled_contrast,clear_day,clear_day_046,calm_high
0.409933,0.88954,0.52682,0.070838,0.0,0.0,1.0,1.0,1.0,0.0,0.323392,0.684672,0.365194,0.128861,0,quiet,random,,,
0.565204,0.775784,0.658227,0.782441,1.0,0.0,1.0,1.0,1.0,1.0,0.441765,0.574105,0.693691,0.482482,2,strange,random,,,
0.328669,0.934939,0.908754,0.70716,1.0,0.0,1.0,1.0,1.0,1.0,0.734503,0.56268,0.72049,0.37234,0,quiet,random,,,
0.482977,0.984759,0.201734,0.192637,1.0,0.0,1.0,1.0,1.0,0.0,0.408085,0.683186,0.917061,0.638345,1,warm,random,,,
0.948502,0.168256,0.187098,0.304198,0.0,1.0,0.0,0.0,1.0,0.0,0.150815,0.429207,0.534068,0.237936,1,warm,random,,,
0.246571,0.540363,0.08255,0.681693,1.0,0.0,0.0,0.0,1.0,0.0,0.584991,0.973179,0.094295,0.141969,2,strange,random,,,
0.483365,0.27534,0.0,0.2122,1,0,0,0,0,0,0.195416,0.896975,0.207087,0.194774,2,strange,controlled_contrast,neutral_weather,neutral_weather_030,weird_high
0.867789,0.660235,0.628406,0.821971,0.0,1.0,0.0,1.0,1.0,0.0,0.334847,0.747143,0.19957,0.968266,3,lonely,random,,,
0.472287,0.826806,0.09986,0.108281,0,0,1,0,1,0,0.89257,0.179562,0.210231,0.197421,0,quiet,controlled_contrast,humid_night,humid_night_030,calm_high
0.333918,0.297762,0.506285,0.1655,1.0,0.0,0.0,1.0,1.0,0.0,0.409045,0.432773,0.143674,0.588696,0,quiet,random,,,
0.093136,0.774301,0.959442,0.781829,0.0,0.0,1.0,1.0,1.0,1.0,0.487215,0.743081,0.136552,0.172169,2,strange,random,,,
0.81981,0.291576,0.55831,0.236441,1.0,1.0,0.0,1.0,1.0,0.0,0.258073,0.240567,0.555561,0.158237,1,warm,random,,,
0.73829,0.852196,3.1e-05,0.298551,0.0,0.0,1.0,0.0,1.0,0.0,0.742635,0.680471,0.586031,0.244442,3,lonely,random,,,
0.552766,0.339938,0.459339,0.286713,1.0,0.0,0.0,1.0,1.0,0.0,0.252896,0.140856,0.923679,0.58422,1,warm,random,,,
0.72366,0.584113,0.239809,0.705191,1.0,0.0,0.0,1.0,1.0,0.0,0.588243,0.894999,0.611079,0.294329,1,warm,random,,,
0.176654,0.007981,0.039169,0.797569,0.0,0.0,0.0,0.0,0.0,0.0,0.725442,0.532676,0.860792,0.105011,1,warm,random,,,
0.457704,0.802244,0.435652,0.157866,0,0,1,1,1,0,0.220316,0.18549,0.186285,0.893305,3,lonely,controlled_contrast,rainy_room,rainy_room_073,lonely_high
0.378584,0.406917,0.172085,0.416666,1.0,0.0,0.0,0.0,1.0,0.0,0.248962,0.37843,0.759752,0.694639,1,warm,random,,,
0.01531,0.631385,0.009946,0.453522,1.0,0.0,0.0,0.0,0.0,0.0,0.077655,0.87788,0.240846,0.169047,2,strange,random,,,
0.969513,0.522006,0.322002,0.849568,1.0,1.0,0.0,1.0,1.0,0.0,0.804319,0.282462,0.344546,0.251346,0,quiet,random,,,
0.062517,0.57648,0.117481,0.258223,0.0,0.0,0.0,0.0,1.0,0.0,0.338519,0.216298,0.158014,0.307183,3,lonely,random,,,
0.874393,0.512726,0.126064,0.195131,1.0,1.0,0.0,0.0,1.0,0.0,0.615714,0.66264,0.631307,0.689177,1,warm,random,,,
0.724843,0.225954,0.028661,0.127734,1,0,0,0,0,0,0.892703,0.181951,0.200063,0.206358,0,quiet,controlled_contrast,clear_day,clear_day_027,calm_high
0.512388,0.718928,0.157628,0.68445,1.0,0.0,0.0,0.0,1.0,0.0,0.594926,0.302763,0.742198,0.485965,1,warm,random,,,
0.431149,0.832323,0.045564,0.136277,0,0,1,0,1,0,0.902757,0.208094,0.174943,0.1969,0,quiet,controlled_contrast,humid_night,humid_night_017,calm_high
0.453099,0.835509,0.061985,0.133706,0,0,1,0,1,0,0.190457,0.898013,0.195765,0.202463,3,lonely,controlled_contrast,humid_night,humid_night_026,weird_high
0.961503,0.52467,0.087601,0.130554,0.0,1.0,0.0,0.0,1.0,0.0,0.888851,0.254862,0.454722,0.676082,3,lonely,random,,,
0.93135,0.373326,0.947169,0.778018,1.0,1.0,0.0,1.0,1.0,1.0,0.078773,0.541622,0.677885,0.333381,2,strange,random,,,
0.496056,0.05158,0.22183,0.56907,1.0,0.0,0.0,1.0,1.0,0.0,0.392556,0.415677,0.195279,0.476863,0,quiet,random,,,
0.408032,0.768698,0.470256,0.171535,0,0,1,1,1,0,0.211825,0.193303,0.201436,0.910656,3,lonely,controlled_contrast,rainy_room,rainy_room_069,lonely_high
0.965497,0.864433,0.987901,0.645141,0.0,1.0,1.0,1.0,1.0,1.0,0.410225,0.734875,0.713732,0.571883,2,strange,random,,,
0.441509,0.189801,0.008749,0.414499,1.0,0.0,0.0,0.0,0.0,0.0,0.059553,0.808443,0.743882,0.115638,1,warm,random,,,
0.696905,0.273851,0.0,0.165855,1,0,0,0,0,0,0.205778,0.228231,0.904377,0.19753,1,warm,controlled_contrast,clear_day,clear_day_015,warm_high
0.43062,0.729395,0.169394,0.773305,0.0,0.0,0.0,0.0,1.0,0.0,0.607359,0.747961,0.284518,0.114321,3,lonely,random,,,
0.391375,0.952556,0.160884,0.757087,0.0,0.0,1.0,0.0,1.0,0.0,0.106631,0.647404,0.693025,0.920627,3,lonely,random,,,
0.81348,0.363225,0.027958,0.241929,0.0,1.0,0.0,0.0,0.0,0.0,0.629483,0.680384,0.195143,0.713588,3,lonely,random,,,
0.545174,0.286122,0.0,0.213426,1,0,0,0,0,0,0.175189,0.228002,0.892721,0.202423,1,warm,controlled_contrast,neutral_weather,neutral_weather_056,warm_high
0.686273,0.183184,0.768486,0.021514,0.0,0.0,0.0,1.0,1.0,0.0,0.642702,0.94392,0.23498,0.405527,0,quiet,random,,,
0.497338,0.315531,0.956353,0.554988,0.0,0.0,0.0,1.0,1.0,1.0,0.381577,0.998242,0.320094,0.164569,2,strange,random,,,
0.739613,0.223093,0.02404,0.164194,1,0,0,0,0,0,0.184541,0.185796,0.891267,0.214419,1,warm,controlled_contrast,clear_day,clear_day_006,warm_high
0.1925,0.287138,0.000555,0.800976,0.0,0.0,0.0,0.0,0.0,0.0,0.756538,0.387211,0.494304,0.117184,0,quiet,random,,,
0.450257,0.803023,0.472434,0.211046,0,0,1,1,1,0,0.180933,0.91231,0.203517,0.204376,3,lonely,controlled_contrast,rainy_room,rainy_room_036,weird_high
0.874629,0.125243,0.85812,0.967841,1.0,1.0,0.0,1.0,1.0,1.0,0.413463,0.128797,0.220417,0.504909,2,strange,random,,,
0.206407,0.224013,0.043554,0.810276,1.0,0.0,0.0,0.0,0.0,0.0,0.361085,0.80772,0.10312,0.346714,2,strange,random,,,
0.490216,0.295513,0.0644,0.228344,1,0,0,0,0,0,0.196984,0.217714,0.191766,0.905222,3,lonely,controlled_contrast,neutral_weather,neutral_weather_041,lonely_high
0.524235,0.833775,0.113502,0.122091,0,0,1,0,1,0,0.20053,0.905678,0.224196,0.217664,3,lonely,controlled_contrast,humid_night,humid_night_020,weird_high
0.541596,0.237533,0.060282,0.166494,1,0,0,0,0,0,0.196172,0.199594,0.200097,0.901142,3,lonely,controlled_contrast,neutral_weather,neutral_weather_005,lonely_high
0.883345,0.494036,0.0662,0.112192,1.0,1.0,0.0,0.0,0.0,0.0,0.671806,0.488277,0.702173,0.526706,1,warm,random,,,
0.98439,0.257186,0.000841,0.001891,1.0,1.0,0.0,0.0,0.0,0.0,0.253115,0.733026,0.166762,0.248471,1,warm,random,,,
0.007951,0.862081,0.350927,0.138167,1.0,0.0,1.0,1.0,1.0,0.0,0.608835,0.345532,0.28293,0.749764,0,quiet,random,,,
0.715082,0.096553,0.011176,0.335093,1.0,0.0,0.0,0.0,0.0,0.0,0.240286,0.193638,0.422641,0.117375,1,warm,random,,,
0.434131,0.761002,0.440558,0.233316,0,0,1,1,1,0,0.202203,0.220194,0.180728,0.876887,3,lonely,controlled_contrast,rainy_room,rainy_room_060,lonely_high
0.363846,0.764615,0.428968,0.12244,0,0,1,1,1,0,0.889212,0.201312,0.214375,0.218869,0,quiet,controlled_contrast,rainy_room,rainy_room_064,calm_high
0.504404,0.474802,0.792223,0.801396,1.0,0.0,0.0,1.0,1.0,1.0,0.429259,0.213469,0.172845,0.588352,2,strange,random,,,
0.296789,0.106046,0.96093,0.764747,0.0,0.0,0.0,1.0,1.0,1.0,0.717848,0.669732,0.844373,0.172516,2,strange,random,,,
0.032385,0.022111,0.24541,0.192882,0.0,0.0,0.0,1.0,1.0,0.0,0.539069,0.732998,0.917568,0.074126,0,quiet,random,,,
0.031272,0.759541,0.995309,0.005573,1.0,0.0,1.0,1.0,1.0,0.0,0.945778,0.149657,0.639317,0.635403,0,quiet,random,,,
0.375836,0.942722,0.813316,0.125986,1.0,0.0,1.0,1.0,1.0,0.0,0.71373,0.505679,0.479545,0.749107,0,quiet,random,,,
0.005986,0.449676,0.000241,0.022337,0.0,0.0,0.0,0.0,0.0,0.0,0.316455,0.954232,0.286546,0.116199,2,strange,random,,,
0.91821,0.47034,0.796268,0.914802,1.0,1.0,0.0,1.0,1.0,1.0,0.08747,0.3809,0.471512,0.075346,2,strange,random,,,
0.14587,0.574686,0.158831,0.541531,1.0,0.0,0.0,0.0,1.0,0.0,0.284127,0.399566,0.367058,0.441746,1,warm,random,,,
0.556519,0.174679,0.833365,0.521172,1.0,0.0,0.0,1.0,1.0,1.0,0.721524,0.720565,0.69169,0.601036,2,strange,random,,,
0.406204,0.101692,0.513044,0.151836,1.0,0.0,0.0,1.0,1.0,0.0,0.53504,0.196759,0.438409,0.542485,0,quiet,random,,,
0.809354,0.146985,0.341992,0.046965,1.0,1.0,0.0,1.0,1.0,0.0,0.338927,0.590214,0.890882,0.210209,1,warm,random,,,
0.709531,0.116959,0.700638,0.83167,1.0,0.0,0.0,1.0,1.0,1.0,0.548476,0.344676,0.589275,0.709533,2,strange,random,,,
0.840282,0.71246,0.159269,0.000202,0.0,1.0,0.0,0.0,1.0,0.0,0.601383,0.60073,0.670811,0.724475,3,lonely,random,,,
0.229388,0.982042,0.292282,0.190469,1.0,0.0,1.0,1.0,1.0,0.0,0.672838,0.741143,0.173583,0.546667,0,quiet,random,,,
0.467155,0.532097,0.922319,0.019988,0.0,0.0,0.0,1.0,1.0,0.0,0.367224,0.050121,0.115345,0.193304,3,lonely,random,,,
0.478148,0.838754,0.576464,0.074727,0.0,0.0,1.0,1.0,1.0,0.0,0.128359,0.26105,0.529267,0.602867,3,lonely,random,,,
0.25315,0.475277,0.232233,0.367091,0.0,0.0,0.0,1.0,1.0,0.0,0.617787,0.529998,0.359963,0.131189,0,quiet,random,,,
0.314464,0.676687,0.050301,0.822897,1.0,0.0,0.0,0.0,0.0,0.0,0.338744,0.619408,0.133292,0.403855,2,strange,random,,,
0.762634,0.282535,0.000356,0.661613,1.0,1.0,0.0,0.0,0.0,0.0,0.600805,0.202355,0.92651,0.528617,1,warm,random,,,
0.614044,0.288603,0.287049,0.38255,1.0,0.0,0.0,1.0,1.0,0.0,0.632846,0.067838,0.459495,0.419877,0,quiet,random,,,
0.658515,0.298735,0.207527,0.161895,0.0,0.0,0.0,1.0,1.0,0.0,0.92906,0.552972,0.431788,0.277517,0,quiet,random,,,
0.177752,0.981895,0.438644,0.924491,1.0,0.0,1.0,1.0,1.0,0.0,0.495064,0.711484,0.434646,0.442318,0,quiet,random,,,
0.557048,0.781163,0.760118,0.538879,0.0,0.0,1.0,1.0,1.0,1.0,0.377609,0.287213,0.287761,0.60551,3,lonely,random,,,
0.557352,0.390729,0.943895,0.977809,1.0,0.0,0.0,1.0,1.0,1.0,0.747513,0.16445,0.28103,0.099682,0,quiet,random,,,
0.51681,0.249674,0.068931,0.231384,1,0,0,0,0,0,0.903415,0.204115,0.198451,0.196877,0,quiet,controlled_contrast,neutral_weather,neutral_weather_018,calm_high
0.778025,0.948759,0.007826,0.658723,1.0,1.0,1.0,0.0,1.0,0.0,0.690157,0.390375,0.500862,0.390893,1,warm,random,,,
0.47323,0.822328,0.722457,0.71999,0,0,1,1,1,1,0.189587,0.178496,0.217227,0.882669,3,lonely,controlled_contrast,stormy_weather,stormy_weather_051,lonely_high
0.339063,0.399896,0.852247,0.160663,1.0,0.0,0.0,1.0,1.0,0.0,0.822368,0.636744,0.212227,0.574262,0,quiet,random,,,
0.733971,0.224704,0.020429,0.121149,1,0,0,0,0,0,0.208271,0.195687,0.194293,0.881054,3,lonely,controlled_contrast,clear_day,clear_day_008,lonely_high
0.294029,0.831902,0.405603,0.615676,1.0,0.0,1.0,1.0,1.0,0.0,0.732906,0.052951,0.242211,0.250624,0,quiet,random,,,
0.410315,0.863249,0.252305,0.70596,1.0,0.0,1.0,1.0,1.0,0.0,0.232591,0.107038,0.72728,0.465895,1,warm,random,,,
0.911489,0.865201,0.077405,0.343407,0.0,1.0,1.0,0.0,1.0,0.0,0.126502,0.381064,0.275139,0.642089,3,lonely,random,,,
0.625237,0.328483,0.056587,0.88742,1.0,0.0,0.0,0.0,0.0,0.0,0.622963,0.846649,0.297511,0.069169,2,strange,random,,,
0.157447,0.977497,0.110987,0.471513,1.0,0.0,1.0,0.0,1.0,0.0,0.922296,0.0992,0.471601,0.502009,0,quiet,random,,,
0.440307,0.648577,0.004578,0.195818,0.0,0.0,0.0,0.0,0.0,0.0,0.630312,0.976917,0.455783,0.242259,2,strange,random,,,
0.407425,0.740248,0.180229,0.968039,1.0,0.0,0.0,0.0,1.0,0.0,0.520105,0.744513,0.139781,0.285797,2,strange,random,,,
0.654564,0.49368,0.000394,0.421267,1.0,0.0,0.0,0.0,0.0,0.0,0.862792,0.086865,0.082813,0.670314,0,quiet,random,,,
0.691593,0.676385,0.618303,0.207695,1.0,0.0,0.0,1.0,1.0,0.0,0.748432,0.258921,0.124567,0.188105,0,quiet,random,,,
0.761347,0.264513,0.048145,0.169051,1,0,0,0,0,0,0.898675,0.199533,0.199983,0.204049,0,quiet,controlled_contrast,clear_day,clear_day_059,calm_high
0.725349,0.271179,0.0,0.114892,1,0,0,0,0,0,0.211201,0.912661,0.194511,0.204602,1,warm,controlled_contrast,clear_day,clear_day_060,weird_high
0.017748,0.217236,0.657721,0.976794,1.0,0.0,0.0,1.0,1.0,1.0,0.697357,0.600901,0.877646,0.673976,2,strange,random,,,
0.761347,0.264513,0.048145,0.169051,1,0,0,0,0,0,0.195971,0.906956,0.191617,0.187504,2,strange,controlled_contrast,clear_day,clear_day_059,weird_high
0.7848,0.064392,0.909121,0.057665,1.0,1.0,0.0,1.0,1.0,0.0,0.731572,0.161016,0.123099,0.138338,0,quiet,random,,,
0.009257,0.796866,0.087975,0.831145,0.0,0.0,1.0,0.0,1.0,0.0,0.669054,0.366688,0.630796,0.703463,3,lonely,random,,,
0.858455,0.003407,0.96722,0.033366,0.0,1.0,0.0,1.0,1.0,0.0,0.629499,0.101164,0.285726,0.705845,3,lonely,random,,,
0.370186,0.906904,0.87691,0.77861,1.0,0.0,1.0,1.0,1.0,1.0,0.721108,0.229575,0.523195,0.39408,0,quiet,random,,,
0.474322,0.496992,0.895373,0.803059,1.0,0.0,0.0,1.0,1.0,1.0,0.382766,0.327071,0.113175,0.66525,2,strange,random,,,
0.856643,0.220591,0.541029,0.161412,1.0,1.0,0.0,1.0,1.0,0.0,0.775826,0.634409,0.078972,0.685426,0,quiet,random,,,
0.612225,0.519734,0.697653,0.812215,1.0,0.0,0.0,1.0,1.0,1.0,0.176425,0.16887,0.641965,0.220219,1,warm,random,,,
0.532854,0.182761,0.304943,0.524886,1.0,0.0,0.0,1.0,1.0,0.0,0.451848,0.466625,0.712911,0.723309,1,warm,random,,,
0.398291,0.779289,0.498305,0.174375,0,0,1,1,1,0,0.193611,0.206788,0.909479,0.202099,0,quiet,controlled_contrast,rainy_room,rainy_room_014,warm_high
0.25245,0.698162,0.70439,0.98998,0.0,0.0,0.0,1.0,1.0,1.0,0.63095,0.746451,0.492746,0.550382,2,strange,random,,,
0.494598,0.815122,0.070217,0.141331,0,0,1,0,1,0,0.211644,0.189651,0.19694,0.927141,3,lonely,controlled_contrast,humid_night,humid_night_063,lonely_high
0.475255,0.819495,0.716322,0.716754,0,0,1,1,1,1,0.208358,0.912389,0.190812,0.204979,2,strange,controlled_contrast,stormy_weather,stormy_weather_062,weird_high
0.077215,0.961278,0.070809,0.008994,1.0,0.0,1.0,0.0,0.0,0.0,0.502544,0.890758,0.087032,0.633855,0,quiet,random,,,
0.831985,0.88023,0.077079,0.175453,0.0,1.0,1.0,0.0,1.0,0.0,0.715795,0.316328,0.143395,0.562231,3,lonely,random,,,
0.732069,0.1972,0.959348,0.615749,1.0,0.0,0.0,1.0,1.0,1.0,0.380137,0.285684,0.122917,0.29598,2,strange,random,,,
0.350957,0.157148,0.152827,0.020348,1.0,0.0,0.0,0.0,1.0,0.0,0.511592,0.697234,0.362043,0.301473,1,warm,random,,,
0.082306,0.339329,0.033795,0.659641,1.0,0.0,0.0,0.0,0.0,0.0,0.502795,0.888791,0.254239,0.426015,2,strange,random,,,
0.476143,0.164346,0.327295,0.087622,1.0,0.0,0.0,1.0,1.0,0.0,0.438383,0.744593,0.126932,0.281095,0,quiet,random,,,
0.204334,0.547672,0.947586,0.651827,1.0,0.0,0.0,1.0,1.0,1.0,0.683419,0.280086,0.684456,0.14913,0,quiet,random,,,
0.236267,0.893407,0.904314,0.945435,0.0,0.0,1.0,1.0,1.0,1.0,0.442322,0.594361,0.414342,0.166212,2,strange,random,,,
0.354984,0.49573,0.000627,0.501906,1.0,0.0,0.0,0.0,0.0,0.0,0.364319,0.987672,0.260753,0.115261,2,strange,random,,,
0.209279,0.150261,0.973765,0.375487,1.0,0.0,0.0,1.0,1.0,0.0,0.225947,0.588824,0.539054,0.507973,1,warm,random,,,
0.735572,0.18129,0.130879,0.848832,1.0,0.0,0.0,0.0,1.0,0.0,0.354165,0.785297,0.270334,0.500329,2,strange,random,,,
0.435372,0.783059,0.000239,0.34027,1.0,0.0,1.0,0.0,1.0,0.0,0.394315,0.326393,0.563634,0.65593,1,warm,random,,,
0.89282,0.345155,0.622609,0.29322,1.0,1.0,0.0,1.0,1.0,0.0,0.613018,0.099465,0.607046,0.358049,1,warm,random,,,
0.530646,0.241936,0.039288,0.186778,1,0,0,0,0,0,0.199722,0.199028,0.900785,0.196124,1,warm,controlled_contrast,neutral_weather,neutral_weather_076,warm_high
0.711181,0.261921,0.0,0.143742,1,0,0,0,0,0,0.196707,0.224133,0.212309,0.89288,3,lonely,controlled_contrast,clear_day,clear_day_043,lonely_high
0.131284,0.78197,0.211866,0.501041,0.0,0.0,1.0,1.0,1.0,0.0,0.674884,0.335718,0.462853,0.402235,0,quiet,random,,,
0.943055,0.53575,0.351135,0.912568,1.0,1.0,0.0,1.0,1.0,0.0,0.44178,0.986082,0.125476,0.099378,2,strange,random,,,
0.505625,0.22634,0.029836,0.235971,1.0,0.0,0.0,0.0,0.0,0.0,0.291242,0.952826,0.089145,0.642923,2,strange,random,,,
0.376659,0.758956,0.448325,0.163615,0,0,1,1,1,0,0.20172,0.896707,0.199105,0.190957,0,quiet,controlled_contrast,rainy_room,rainy_room_031,weird_high
0.254195,0.99291,0.016886,0.903677,1.0,0.0,1.0,0.0,1.0,0.0,0.683776,0.200989,0.852694,0.332146,1,warm,random,,,
0.410534,0.780226,0.442511,0.161987,0,0,1,1,1,0,0.195502,0.186619,0.193652,0.904813,3,lonely,controlled_contrast,rainy_room,rainy_room_044,lonely_high
0.474064,0.222754,0.049796,0.203775,1,0,0,0,0,0,0.89985,0.214976,0.20329,0.198114,0,quiet,controlled_contrast,neutral_weather,neutral_weather_021,calm_high
0.501768,0.796877,0.704659,0.687836,0,0,1,1,1,1,0.192381,0.198863,0.896649,0.205947,3,lonely,controlled_contrast,stormy_weather,stormy_weather_012,warm_high
0.637922,0.628226,0.254794,0.713624,1.0,0.0,0.0,1.0,1.0,0.0,0.082734,0.259171,0.694978,0.305596,1,warm,random,,,
0.346505,0.131149,0.782451,0.316483,0.0,0.0,0.0,1.0,1.0,0.0,0.544467,0.421465,0.086722,0.251519,0,quiet,random,,,
0.114289,0.981989,0.305573,0.202712,1.0,0.0,1.0,1.0,1.0,0.0,0.562852,0.727302,0.234789,0.066931,0,quiet,random,,,
0.505224,0.284184,0.078797,0.189166,1,0,0,0,0,0,0.208659,0.897956,0.185127,0.189873,2,strange,controlled_contrast,neutral_weather,neutral_weather_014,weird_high
0.006932,0.292623,0.072216,0.997383,0.0,0.0,0.0,0.0,0.0,0.0,0.537129,0.741108,0.360628,0.670462,3,lonely,random,,,
0.493419,0.837325,0.080319,0.098783,0,0,1,0,1,0,0.178414,0.211753,0.894132,0.202455,3,lonely,controlled_contrast,humid_night,humid_night_078,warm_high
0.606958,0.923377,0.918162,0.221839,1.0,0.0,1.0,1.0,1.0,0.0,0.632705,0.364347,0.412539,0.249036,0,quiet,random,,,
0.909418,0.108302,0.343779,0.188337,1.0,1.0,0.0,1.0,1.0,0.0,0.653885,0.208516,0.217249,0.397517,0,quiet,random,,,
0.47398,0.236257,0.056246,0.192646,1,0,0,0,0,0,0.183631,0.203028,0.906671,0.193079,1,warm,controlled_contrast,neutral_weather,neutral_weather_066,warm_high
0.753827,0.50869,0.000724,0.086427,1.0,1.0,0.0,0.0,0.0,0.0,0.109708,0.197733,0.073929,0.128845,1,warm,random,,,
0.491144,0.268764,0.019926,0.191902,1,0,0,0,0,0,0.905077,0.198807,0.192977,0.224472,0,quiet,controlled_contrast,neutral_weather,neutral_weather_078,calm_high
0.73141,0.291008,0.0,0.105323,1,0,0,0,0,0,0.203986,0.877941,0.205861,0.199414,1,warm,controlled_contrast,clear_day,clear_day_050,weird_high
0.508759,0.23214,0.090316,0.227337,1,0,0,0,0,0,0.202988,0.896371,0.209847,0.209014,2,strange,controlled_contrast,neutral_weather,neutral_weather_042,weird_high
0.011318,0.516726,0.189925,0.498177,0.0,0.0,0.0,0.0,1.0,0.0,0.315816,0.347134,0.489311,0.462509,3,lonely,random,,,
0.015896,0.755663,0.214901,0.64721,0.0,0.0,1.0,1.0,1.0,0.0,0.637582,0.431809,0.155481,0.321161,0,quiet,random,,,
0.375628,0.492075,0.47606,0.823461,0.0,0.0,0.0,1.0,1.0,0.0,0.231266,0.140615,0.998587,0.663446,3,lonely,random,,,
0.408005,0.047877,0.724502,0.459198,1.0,0.0,0.0,1.0,1.0,1.0,0.469296,0.419499,0.197697,0.583974,2,strange,random,,,
0.365487,0.57159,0.332569,0.413837,1.0,0.0,0.0,1.0,1.0,0.0,0.904568,0.065227,0.701109,0.218903,0,quiet,random,,,
0.946415,0.817322,0.62349,0.061621,1.0,1.0,1.0,1.0,1.0,0.0,0.675544,0.889798,0.239456,0.44783,0,quiet,random,,,
0.258177,0.230482,0.522428,0.588705,1.0,0.0,0.0,1.0,1.0,0.0,0.230864,0.798222,0.264594,0.39354,2,strange,random,,,
0.539811,0.312678,0.732931,0.711444,1.0,0.0,0.0,1.0,1.0,1.0,0.608298,0.267311,0.865783,0.106205,1,warm,random,,,
0.59315,0.573713,0.575644,0.828887,1.0,0.0,0.0,1.0,1.0,0.0,0.162477,0.896849,0.457141,0.222821,2,strange,random,,,
0.402968,0.815805,0.492955,0.23077,0,0,1,1,1,0,0.196679,0.20339,0.19355,0.908046,3,lonely,controlled_contrast,rainy_room,rainy_room_009,lonely_high
0.733934,0.475761,0.781146,0.036448,1.0,0.0,0.0,1.0,1.0,0.0,0.642289,0.135725,0.244351,0.686459,0,quiet,random,,,
0.502076,0.873409,0.245561,0.503197,0.0,0.0,1.0,1.0,1.0,0.0,0.628761,0.420701,0.492378,0.386255,0,quiet,random,,,
0.892151,0.313227,0.089547,0.14215,1.0,1.0,0.0,0.0,1.0,0.0,0.29845,0.309799,0.421441,0.210406,1,warm,random,,,
0.262318,0.18553,0.543967,0.797553,1.0,0.0,0.0,1.0,1.0,0.0,0.403268,0.902789,0.203925,0.404586,2,strange,random,,,
0.471172,0.755717,0.251807,0.730005,1.0,0.0,1.0,1.0,1.0,0.0,0.704092,0.83002,0.081609,0.172316,0,quiet,random,,,
0.438763,0.954,0.001569,0.921466,1.0,0.0,1.0,0.0,1.0,0.0,0.06098,0.615532,0.852148,0.692198,1,warm,random,,,
0.502149,0.918009,0.735398,0.797744,1.0,0.0,1.0,1.0,1.0,1.0,0.098619,0.700688,0.474047,0.209864,2,strange,random,,,
0.428484,0.756601,0.727773,0.733211,0,0,1,1,1,1,0.899819,0.205391,0.18474,0.21777,0,quiet,controlled_contrast,stormy_weather,stormy_weather_030,calm_high
0.10261,0.808168,1e-05,0.470861,1.0,0.0,1.0,0.0,1.0,0.0,0.882513,0.275544,0.181694,0.459504,0,quiet,random,,,
0.310605,0.442449,0.83176,0.745992,1.0,0.0,0.0,1.0,1.0,1.0,0.409671,0.49587,0.731669,0.828964,2,strange,random,,,
0.483596,0.804865,0.674204,0.718798,0,0,1,1,1,1,0.89145,0.20098,0.192511,0.193461,0,quiet,controlled_contrast,stormy_weather,stormy_weather_009,calm_high
0.000277,0.815358,0.844284,0.913543,1.0,0.0,1.0,1.0,1.0,1.0,0.090132,0.237695,0.618225,0.232884,2,strange,random,,,
0.181452,0.071675,0.002377,0.466029,0.0,0.0,0.0,0.0,0.0,0.0,0.32749,0.965806,0.615372,0.113991,2,strange,random,,,
0.230861,0.216298,0.355367,0.464352,1.0,0.0,0.0,1.0,1.0,0.0,0.388128,0.175956,0.191408,0.288995,0,quiet,random,,,
0.147601,0.976687,0.028228,0.896583,1.0,0.0,1.0,0.0,0.0,0.0,0.278358,0.790928,0.373379,0.528739,1,warm,random,,,
0.754791,0.828546,0.297318,0.373895,1.0,1.0,1.0,1.0,1.0,0.0,0.203247,0.455886,0.647281,0.639641,1,warm,random,,,
0.457704,0.802244,0.435652,0.157866,0,0,1,1,1,0,0.89251,0.209822,0.212433,0.217754,0,quiet,controlled_contrast,rainy_room,rainy_room_073,calm_high
0.5075,0.259645,0.043628,0.211202,1,0,0,0,0,0,0.884929,0.194205,0.209587,0.180865,0,quiet,controlled_contrast,neutral_weather,neutral_weather_063,calm_high
0.51681,0.249674,0.068931,0.231384,1,0,0,0,0,0,0.201457,0.197852,0.225166,0.904143,3,lonely,controlled_contrast,neutral_weather,neutral_weather_018,lonely_high
0.70412,0.268628,0.015835,0.184795,1,0,0,0,0,0,0.190678,0.20185,0.907499,0.203153,1,warm,controlled_contrast,clear_day,clear_day_045,warm_high
0.45731,0.796358,0.748779,0.71537,0,0,1,1,1,1,0.204003,0.202796,0.890629,0.206571,3,lonely,controlled_contrast,stormy_weather,stormy_weather_042,warm_high
0.455629,0.780217,0.466423,0.198784,0,0,1,1,1,0,0.184352,0.878119,0.21401,0.208312,3,lonely,controlled_contrast,rainy_room,rainy_room_049,weird_high
0.573755,0.882231,0.583087,0.638075,1.0,0.0,1.0,1.0,1.0,0.0,0.716758,0.362898,0.488145,0.593467,0,quiet,random,,,
0.682398,0.602347,0.036393,0.784283,1.0,0.0,0.0,0.0,0.0,0.0,0.781471,0.541636,0.526667,0.079677,1,warm,random,,,
0.347756,0.86559,0.916966,0.916133,1.0,0.0,1.0,1.0,1.0,1.0,0.202458,0.393887,0.33802,0.441834,2,strange,random,,,
0.505362,0.854863,0.068636,0.094238,0,0,1,0,1,0,0.203309,0.233535,0.186673,0.918132,3,lonely,controlled_contrast,humid_night,humid_night_048,lonely_high
0.457869,0.835586,0.068922,0.133291,0,0,1,0,1,0,0.87098,0.200331,0.194558,0.194906,0,quiet,controlled_contrast,humid_night,humid_night_074,calm_high
0.290408,0.715976,0.037849,0.499323,0.0,0.0,0.0,0.0,1.0,0.0,0.844989,0.352435,0.275772,0.701242,3,lonely,random,,,
0.522583,0.230877,0.020459,0.165471,1,0,0,0,0,0,0.197533,0.214519,0.195824,0.905526,3,lonely,controlled_contrast,neutral_weather,neutral_weather_016,lonely_high
0.566483,0.979331,0.427034,0.313669,0.0,0.0,1.0,1.0,1.0,0.0,0.313579,0.644123,0.494933,0.676816,3,lonely,random,,,
0.421303,0.888316,0.959537,0.880979,0.0,0.0,1.0,1.0,1.0,1.0,0.381516,0.575883,0.742154,0.265921,2,strange,random,,,
0.665801,0.640833,0.389383,0.012806,0.0,0.0,0.0,1.0,1.0,0.0,0.437124,0.208054,0.434041,0.228502,3,lonely,random,,,
0.478026,0.828252,0.707602,0.686605,0,0,1,1,1,1,0.212031,0.914829,0.193536,0.189946,2,strange,controlled_contrast,stormy_weather,stormy_weather_070,weird_high
0.143784,0.218057,0.233524,0.289198,1.0,0.0,0.0,1.0,1.0,0.0,0.61248,0.365402,0.32561,0.326261,0,quiet,random,,,
0.343493,0.507437,0.000427,0.305926,1.0,0.0,0.0,0.0,0.0,0.0,0.966332,0.368381,0.134865,0.138751,0,quiet,random,,,
0.892189,0.934354,0.00691,0.03831,1.0,1.0,1.0,0.0,0.0,0.0,0.266211,0.297961,0.157783,0.524421,1,warm,random,,,
0.405967,0.103878,0.734614,0.902662,1.0,0.0,0.0,1.0,1.0,1.0,0.205664,0.47783,0.558069,0.076545,2,strange,random,,,
0.455139,0.21807,0.069044,0.21782,1,0,0,0,0,0,0.896321,0.210107,0.1876,0.194635,0,quiet,controlled_contrast,neutral_weather,neutral_weather_024,calm_high
0.664789,0.850393,0.032688,0.26514,0.0,0.0,1.0,0.0,1.0,0.0,0.081421,0.997035,0.600265,0.266378,3,lonely,random,,,
0.459419,0.067438,0.378661,0.406087,1.0,0.0,0.0,1.0,1.0,0.0,0.508992,0.542754,0.620824,0.210924,1,warm,random,,,
0.710079,0.312658,0.028286,0.098564,1,0,0,0,0,0,0.200276,0.20056,0.204574,0.909765,3,lonely,controlled_contrast,clear_day,clear_day_035,lonely_high
0.028285,0.83297,0.953259,0.678874,0.0,0.0,1.0,1.0,1.0,1.0,0.134634,0.496593,0.582611,0.294301,2,strange,random,,,
0.24851,0.210593,0.078235,0.031032,0.0,0.0,0.0,0.0,0.0,0.0,0.307114,0.295103,0.598769,0.344411,3,lonely,random,,,
0.414446,0.755033,0.399468,0.177895,0,0,1,1,1,0,0.195257,0.898943,0.212021,0.197151,3,lonely,controlled_contrast,rainy_room,rainy_room_074,weird_high
0.055526,0.036777,0.000361,0.610192,1.0,0.0,0.0,0.0,0.0,0.0,0.21128,0.975432,0.398342,0.31726,1,warm,random,,,
0.932543,0.150923,1.3e-05,0.737777,0.0,1.0,0.0,0.0,0.0,0.0,0.753456,0.667112,0.527343,0.177,1,warm,random,,,
0.490151,0.914469,0.459176,0.065222,1.0,0.0,1.0,1.0,1.0,0.0,0.596744,0.643293,0.352999,0.490035,0,quiet,random,,,
0.69376,0.393969,0.032956,0.134629,1.0,0.0,0.0,0.0,0.0,0.0,0.178628,0.075284,0.431235,0.947643,1,warm,random,,,
0.631085,0.21867,0.531546,0.33407,1.0,0.0,0.0,1.0,1.0,0.0,0.728948,0.532071,0.261498,0.632287,0,quiet,random,,,
0.869791,0.075344,0.15043,0.554849,0.0,1.0,0.0,0.0,1.0,0.0,0.564731,0.614433,0.512356,0.145654,1,warm,random,,,
0.293476,0.184971,0.778028,0.367851,0.0,0.0,0.0,1.0,1.0,0.0,0.749338,0.09155,0.623773,0.526117,3,lonely,random,,,
0.038241,0.386203,0.084066,0.062792,0.0,0.0,0.0,0.0,1.0,0.0,0.941808,0.173583,0.424022,0.090863,0,quiet,random,,,
0.506907,0.268731,0.066313,0.216348,1,0,0,0,0,0,0.889447,0.203987,0.226996,0.229243,0,quiet,controlled_contrast,neutral_weather,neutral_weather_075,calm_high
0.671477,0.192406,0.164401,0.402501,1.0,0.0,0.0,0.0,1.0,0.0,0.526863,0.204241,0.560872,0.278146,1,warm,random,,,
0.993653,0.374856,0.824049,0.198505,0.0,1.0,0.0,1.0,1.0,0.0,0.199912,0.872302,0.622203,0.56807,3,lonely,random,,,
0.453283,0.80952,0.76868,0.868358,1.0,0.0,1.0,1.0,1.0,1.0,0.36953,0.610183,0.914176,0.307382,2,strange,random,,,
0.927541,0.480996,0.81117,0.649781,1.0,1.0,0.0,1.0,1.0,1.0,0.668968,0.395623,0.110499,0.173741,2,strange,random,,,
0.738791,0.49581,0.006349,0.31226,0.0,0.0,0.0,0.0,0.0,0.0,0.086351,0.695338,0.246778,0.119101,2,strange,random,,,
0.864119,0.536281,0.554787,0.627474,0.0,1.0,0.0,1.0,1.0,0.0,0.543266,0.376819,0.135664,0.727015,3,lonely,random,,,
0.683031,0.95925,0.07467,0.773834,1.0,0.0,1.0,0.0,1.0,0.0,0.852766,0.739407,0.21126,0.53317,0,quiet,random,,,
0.450101,0.778541,0.086315,0.112018,0,0,1,0,1,0,0.895131,0.188394,0.218739,0.205877,0,quiet,controlled_contrast,humid_night,humid_night_012,calm_high
0.064979,0.557215,0.921938,0.84475,1.0,0.0,0.0,1.0,1.0,1.0,0.361409,0.309033,0.529617,0.09825,2,strange,random,,,
0.927193,0.81557,0.086032,0.313828,1.0,1.0,1.0,0.0,1.0,0.0,0.406911,0.266727,0.948733,0.593159,1,warm,random,,,
0.479695,0.276863,0.045971,0.212916,1,0,0,0,0,0,0.213467,0.21017,0.217719,0.902625,3,lonely,controlled_contrast,neutral_weather,neutral_weather_077,lonely_high
0.814567,0.081454,0.113075,0.305247,1.0,1.0,0.0,0.0,1.0,0.0,0.461501,0.697975,0.51321,0.264246,1,warm,random,,,
0.827851,0.589886,0.968446,0.245247,0.0,1.0,0.0,1.0,1.0,0.0,0.542619,0.715469,0.119728,0.782686,3,lonely,random,,,
0.295781,0.757545,0.013986,0.660118,1.0,0.0,1.0,0.0,0.0,0.0,0.595732,0.983236,0.101348,0.109582,2,strange,random,,,
0.744189,0.397638,0.522321,0.99881,1.0,0.0,0.0,1.0,1.0,0.0,0.627239,0.173131,0.494722,0.361742,0,quiet,random,,,
0.019848,0.437451,0.053318,0.667021,1.0,0.0,0.0,0.0,0.0,0.0,0.118674,0.578809,0.841624,0.660732,1,warm,random,,,
0.677527,0.724212,0.275375,0.500894,0.0,0.0,0.0,1.0,1.0,0.0,0.412565,0.486992,0.294686,0.056909,3,lonely,random,,,
0.558294,0.302568,0.052403,0.865995,0.0,0.0,0.0,0.0,0.0,0.0,0.376726,0.244576,0.89847,0.06745,1,warm,random,,,
0.815403,0.68974,0.812568,0.846372,0.0,1.0,0.0,1.0,1.0,1.0,0.275279,0.415332,0.555577,0.531709,3,lonely,random,,,
0.457032,0.81383,0.036315,0.116141,0,0,1,0,1,0,0.219129,0.868898,0.229868,0.180126,3,lonely,controlled_contrast,humid_night,humid_night_075,weird_high
0.447905,0.679273,0.005552,0.941382,1.0,0.0,0.0,0.0,0.0,0.0,0.601845,0.5746,0.053721,0.529087,3,lonely,random,,,
0.809073,0.264455,0.001576,0.123699,1.0,1.0,0.0,0.0,0.0,0.0,0.198921,0.559166,0.255341,0.70267,1,warm,random,,,
0.102411,0.481362,0.326548,0.170732,1.0,0.0,0.0,1.0,1.0,0.0,0.310854,0.275591,0.310309,0.385584,0,quiet,random,,,
0.38796,0.022991,0.974768,0.384891,1.0,0.0,0.0,1.0,1.0,0.0,0.255388,0.574711,0.26531,0.311269,0,quiet,random,,,
0.48989,0.755098,0.700222,0.730814,0,0,1,1,1,1,0.207491,0.224171,0.199877,0.908381,3,lonely,controlled_contrast,stormy_weather,stormy_weather_031,lonely_high
0.353686,0.264184,0.866754,0.904507,0.0,0.0,0.0,1.0,1.0,1.0,0.53835,0.593107,0.674451,0.129705,2,strange,random,,,
0.46474,0.312149,0.835459,0.007597,0.0,0.0,0.0,1.0,1.0,0.0,0.519763,0.62769,0.49795,0.265122,0,quiet,random,,,
0.975386,0.446716,0.757663,0.545717,0.0,1.0,0.0,1.0,1.0,1.0,0.534462,0.460927,0.505194,0.169005,2,strange,random,,,
0.410584,0.78684,0.45927,0.153638,0,0,1,1,1,0,0.89908,0.214288,0.181665,0.189901,0,quiet,controlled_contrast,rainy_room,rainy_room_067,calm_high
0.925534,0.386399,0.363792,0.615355,1.0,1.0,0.0,1.0,1.0,0.0,0.503175,0.520503,0.475279,0.112386,1,warm,random,,,
0.217345,0.619722,0.01014,0.145271,1.0,0.0,0.0,0.0,0.0,0.0,0.59215,0.890445,0.084622,0.077716,2,strange,random,,,
0.758535,0.528262,0.043295,0.321149,1.0,1.0,0.0,0.0,0.0,0.0,0.332108,0.71557,0.537164,0.887014,1,warm,random,,,
0.079947,0.635236,0.291573,0.276524,0.0,0.0,0.0,1.0,1.0,0.0,0.635949,0.159547,0.108316,0.747672,3,lonely,random,,,
0.167261,0.56415,0.336123,0.016663,0.0,0.0,0.0,1.0,1.0,0.0,0.092319,0.342281,0.558686,0.857748,3,lonely,random,,,
0.511335,0.011898,0.076887,0.046312,1.0,0.0,0.0,0.0,0.0,0.0,0.500732,0.721608,0.418337,0.40806,1,warm,random,,,
0.989283,0.980879,0.944427,0.365652,1.0,1.0,1.0,1.0,1.0,0.0,0.122083,0.201984,0.418759,0.339315,1,warm,random,,,
0.362894,0.623424,0.053064,0.26039,0.0,0.0,0.0,0.0,0.0,0.0,0.215624,0.418439,0.308803,0.622377,3,lonely,random,,,
0.694261,0.329873,0.672438,0.895572,1.0,0.0,0.0,1.0,1.0,1.0,0.193475,0.590313,0.877753,0.320435,2,strange,random,,,
0.814392,0.537171,0.669297,0.551576,0.0,1.0,0.0,1.0,1.0,1.0,0.613543,0.931107,0.222403,0.361554,2,strange,random,,,
0.733404,0.240872,0.0,0.197369,1,0,0,0,0,0,0.199866,0.89841,0.213956,0.193726,2,strange,controlled_contrast,clear_day,clear_day_018,weird_high
0.102641,0.669087,0.98519,0.755671,1.0,0.0,0.0,1.0,1.0,1.0,0.100264,0.571209,0.567128,0.337622,2,strange,random,,,
0.326296,0.069776,0.015304,0.069315,1.0,0.0,0.0,0.0,0.0,0.0,0.43234,0.409629,0.309414,0.108187,1,warm,random,,,
0.806873,0.962251,0.056179,0.13754,1.0,1.0,1.0,0.0,1.0,0.0,0.384342,0.415443,0.290842,0.815387,3,lonely,random,,,
0.495161,0.784222,0.120516,0.121551,0,0,1,0,1,0,0.169617,0.902147,0.214502,0.1948,3,lonely,controlled_contrast,humid_night,humid_night_019,weird_high
0.195958,0.986851,0.024775,0.506782,1.0,0.0,1.0,0.0,0.0,0.0,0.504045,0.912203,0.093908,0.343994,2,strange,random,,,
0.953599,0.322174,0.186498,0.863991,1.0,1.0,0.0,0.0,1.0,0.0,0.126044,0.353536,0.116992,0.702986,1,warm,random,,,
0.999242,0.851649,0.232509,0.031601,0.0,1.0,1.0,1.0,1.0,0.0,0.725615,0.919538,0.506414,0.172956,0,quiet,random,,,
0.509008,0.259376,0.055282,0.184816,1,0,0,0,0,0,0.215464,0.211443,0.190273,0.885758,3,lonely,controlled_contrast,neutral_weather,neutral_weather_053,lonely_high
0.928941,0.013408,0.127476,0.03407,1.0,1.0,0.0,0.0,1.0,0.0,0.264402,0.11878,0.984946,0.607894,1,warm,random,,,
0.849339,0.386062,0.028737,0.749361,1.0,1.0,0.0,0.0,0.0,0.0,0.473482,0.858836,0.211561,0.674791,1,warm,random,,,
0.07114,0.792135,0.001209,0.336496,0.0,0.0,1.0,0.0,0.0,0.0,0.817145,0.228579,0.742965,0.584987,0,quiet,random,,,
0.660887,0.252602,0.005738,0.932765,0.0,0.0,0.0,0.0,0.0,0.0,0.529728,0.558725,0.074193,0.876094,3,lonely,random,,,
0.467304,0.787746,0.737913,0.737994,0,0,1,1,1,1,0.203586,0.879305,0.201616,0.207921,2,strange,controlled_contrast,stormy_weather,stormy_weather_013,weird_high
0.459402,0.670967,0.235044,0.404634,0.0,0.0,0.0,1.0,1.0,0.0,0.613213,0.63821,0.464728,0.665535,3,lonely,random,,,
0.737145,0.037883,0.70734,0.354974,1.0,0.0,0.0,1.0,1.0,0.0,0.052693,0.680242,0.189119,0.704688,3,lonely,random,,,
0.262533,0.327057,7.3e-05,0.537085,0.0,0.0,0.0,0.0,0.0,0.0,0.542516,0.853012,0.323411,0.191372,2,strange,random,,,
0.32478,0.013495,0.664625,0.490132,1.0,0.0,0.0,1.0,1.0,1.0,0.105726,0.569009,0.617273,0.316357,2,strange,random,,,
0.722949,0.254465,0.597837,0.974058,0.0,0.0,0.0,1.0,1.0,0.0,0.44067,0.109617,0.194575,0.142183,3,lonely,random,,,
0.980142,0.91087,0.916334,0.827815,1.0,1.0,1.0,1.0,1.0,1.0,0.564865,0.720069,0.741757,0.487776,2,strange,random,,,
0.874722,0.390963,0.001085,0.700158,1.0,1.0,0.0,0.0,0.0,0.0,0.086824,0.571012,0.340005,0.324445,1,warm,random,,,
0.495312,0.183725,0.301742,0.60701,1.0,0.0,0.0,1.0,1.0,0.0,0.563185,0.30741,0.233363,0.118833,0,quiet,random,,,
0.916647,0.183321,0.756499,0.026432,1.0,1.0,0.0,1.0,1.0,0.0,0.855797,0.738693,0.292184,0.197004,0,quiet,random,,,
0.613721,0.391572,0.00294,0.443057,1.0,0.0,0.0,0.0,0.0,0.0,0.6766,0.740805,0.567668,0.323117,1,warm,random,,,
0.724441,0.289421,0.0,0.143672,1,0,0,0,0,0,0.191462,0.215605,0.894474,0.214275,1,warm,controlled_contrast,clear_day,clear_day_069,warm_high
0.097891,0.644694,0.001399,0.421273,1.0,0.0,0.0,0.0,0.0,0.0,0.49436,0.607821,0.466101,0.741191,1,warm,random,,,
0.71347,0.701386,0.45642,0.009422,1.0,0.0,0.0,1.0,1.0,0.0,0.819505,0.509476,0.719546,0.715124,0,quiet,random,,,
0.309102,0.255562,0.60275,0.082603,1.0,0.0,0.0,1.0,1.0,0.0,0.558264,0.475595,0.408724,0.721076,0,quiet,random,,,
0.513341,0.283734,0.037724,0.187577,1,0,0,0,0,0,0.213309,0.91731,0.212511,0.182646,2,strange,controlled_contrast,neutral_weather,neutral_weather_064,weird_high
0.059808,0.157384,0.9018,0.887225,1.0,0.0,0.0,1.0,1.0,1.0,0.227079,0.349299,0.242541,0.08376,2,strange,random,,,
0.301064,0.615392,0.044299,0.659394,1.0,0.0,0.0,0.0,0.0,0.0,0.449743,0.965596,0.223286,0.631386,2,strange,random,,,
0.050277,0.936949,0.210134,0.205788,0.0,0.0,1.0,1.0,1.0,0.0,0.988027,0.458188,0.697733,0.162915,0,quiet,random,,,
0.938524,0.649839,0.048563,0.0,1.0,1.0,0.0,0.0,0.0,0.0,0.399889,0.277696,0.207673,0.884037,1,warm,random,,,
0.485523,0.803604,0.09697,0.117788,0,0,1,0,1,0,0.212712,0.196969,0.893059,0.183841,3,lonely,controlled_contrast,humid_night,humid_night_045,warm_high
0.228382,0.336509,0.000688,0.7424,1.0,0.0,0.0,0.0,0.0,0.0,0.900452,0.133486,0.183241,0.18386,0,quiet,random,,,
0.10759,0.314969,0.063189,0.252131,1.0,0.0,0.0,0.0,0.0,0.0,0.411917,0.302743,0.103923,0.889902,3,lonely,random,,,
0.880687,0.555582,0.161358,0.419307,1.0,1.0,0.0,0.0,1.0,0.0,0.17065,0.062683,0.388499,0.323693,1,warm,random,,,
0.682066,0.449695,0.31595,0.05028,1.0,0.0,0.0,1.0,1.0,0.0,0.750433,0.436773,0.545803,0.164171,0,quiet,random,,,
0.44408,0.779064,0.41948,0.194914,0,0,1,1,1,0,0.202972,0.200625,0.902255,0.211716,3,lonely,controlled_contrast,rainy_room,rainy_room_054,warm_high
0.130356,0.167696,0.013378,0.819267,0.0,0.0,0.0,0.0,0.0,0.0,0.400923,0.113004,0.728906,0.175438,1,warm,random,,,
0.447139,0.625611,0.719697,0.243389,1.0,0.0,0.0,1.0,1.0,0.0,0.449992,0.941326,0.151867,0.47652,0,quiet,random,,,
0.575608,0.841319,0.01252,0.84964,0.0,0.0,1.0,0.0,1.0,0.0,0.329518,0.858875,0.373192,0.594,3,lonely,random,,,
0.276071,0.001413,0.277554,0.803824,1.0,0.0,0.0,1.0,1.0,0.0,0.593426,0.618832,0.489092,0.407858,0,quiet,random,,,
0.142919,0.407918,0.714993,0.000171,1.0,0.0,0.0,1.0,1.0,0.0,0.925743,0.137104,0.509763,0.709097,0,quiet,random,,,
0.508759,0.23214,0.090316,0.227337,1,0,0,0,0,0,0.190911,0.206438,0.221102,0.872774,1,warm,controlled_contrast,neutral_weather,neutral_weather_042,lonely_high
0.253066,0.704581,0.008727,0.304051,1.0,0.0,0.0,0.0,1.0,0.0,0.466273,0.850681,0.284283,0.70934,3,lonely,random,,,
0.218308,0.199936,0.905764,0.693835,1.0,0.0,0.0,1.0,1.0,1.0,0.252514,0.962509,0.153071,0.557983,2,strange,random,,,
0.407497,0.154514,0.554901,0.022495,0.0,0.0,0.0,1.0,1.0,0.0,0.699774,0.251378,0.328145,0.639653,3,lonely,random,,,
0.697587,0.87613,0.269134,0.157421,1.0,0.0,1.0,1.0,1.0,0.0,0.804677,0.099953,0.222619,0.303431,0,quiet,random,,,
0.142804,0.665298,0.926019,0.811954,0.0,0.0,0.0,1.0,1.0,1.0,0.599591,0.667035,0.70983,0.190342,2,strange,random,,,
0.655675,0.077493,0.777693,0.455416,1.0,0.0,0.0,1.0,1.0,1.0,0.72841,0.075501,0.515405,0.843567,0,quiet,random,,,
0.875709,0.259965,0.103862,0.524038,0.0,1.0,0.0,0.0,1.0,0.0,0.44943,0.333354,0.127765,0.997826,3,lonely,random,,,
0.956952,0.506365,0.3445,0.054527,0.0,1.0,0.0,1.0,1.0,0.0,0.468511,0.576645,0.458426,0.981235,3,lonely,random,,,
0.498246,0.855697,0.378226,0.428658,1.0,0.0,1.0,1.0,1.0,0.0,0.47349,0.321959,0.5885,0.293812,0,quiet,random,,,
0.574557,0.781875,0.614562,0.265901,0.0,0.0,1.0,1.0,1.0,0.0,0.562036,0.301762,0.060904,0.135764,0,quiet,random,,,
0.718999,0.861982,0.724237,0.004791,1.0,0.0,1.0,1.0,1.0,0.0,0.157,0.467705,0.18284,0.228017,0,quiet,random,,,
0.350327,0.951172,0.230027,0.001756,1.0,0.0,1.0,1.0,1.0,0.0,0.746986,0.316589,0.525071,0.569811,0,quiet,random,,,
0.36365,0.502584,0.589589,0.175801,1.0,0.0,0.0,1.0,1.0,0.0,0.438395,0.53323,0.152785,0.397905,0,quiet,random,,,
0.745498,0.684359,0.997074,0.579364,1.0,0.0,0.0,1.0,1.0,1.0,0.523777,0.901803,0.320081,0.482406,2,strange,random,,,
0.438948,0.763676,0.474931,0.163755,0,0,1,1,1,0,0.214093,0.888811,0.211476,0.188307,0,quiet,controlled_contrast,rainy_room,rainy_room_055,weird_high
0.896712,0.934159,0.082322,0.025807,1.0,1.0,1.0,0.0,1.0,0.0,0.085416,0.615889,0.544427,0.678782,1,warm,random,,,
0.129395,0.188214,0.025446,0.550289,0.0,0.0,0.0,0.0,0.0,0.0,0.99756,0.291919,0.283828,0.399579,0,quiet,random,,,
0.246515,0.555292,0.036431,0.24057,1.0,0.0,0.0,0.0,0.0,0.0,0.145957,0.145169,0.24289,0.437428,1,warm,random,,,
0.701582,0.246542,0.016553,0.163925,1,0,0,0,0,0,0.195501,0.914639,0.213512,0.197051,2,strange,controlled_contrast,clear_day,clear_day_017,weird_high
0.1232,0.157112,0.952528,0.065136,0.0,0.0,0.0,1.0,1.0,0.0,0.216518,0.215564,0.687187,0.110494,3,lonely,random,,,
0.707503,0.213104,0.0,0.205619,1,0,0,0,0,0,0.231978,0.203485,0.900967,0.181631,1,warm,controlled_contrast,clear_day,clear_day_064,warm_high
0.025017,0.186575,0.008505,0.137194,1.0,0.0,0.0,0.0,0.0,0.0,0.203931,0.605637,0.352284,0.287995,1,warm,random,,,
0.285755,0.662707,0.924455,0.828307,1.0,0.0,0.0,1.0,1.0,1.0,0.468022,0.573957,0.173281,0.444321,2,strange,random,,,
0.957884,0.577687,0.939776,0.01378,1.0,1.0,0.0,1.0,1.0,0.0,0.809713,0.053733,0.696077,0.568494,0,quiet,random,,,
0.283348,0.933377,0.098652,0.633558,1.0,0.0,1.0,0.0,1.0,0.0,0.2037,0.802924,0.085215,0.227592,2,strange,random,,,
0.055759,0.417317,0.037589,0.615758,0.0,0.0,0.0,0.0,0.0,0.0,0.586809,0.630337,0.417119,0.452379,3,lonely,random,,,
0.365162,0.676876,0.242959,0.029358,1.0,0.0,0.0,1.0,1.0,0.0,0.465014,0.652145,0.313089,0.141186,0,quiet,random,,,
0.379829,0.634062,0.295866,0.802781,0.0,0.0,0.0,1.0,1.0,0.0,0.193774,0.101605,0.280156,0.636906,3,lonely,random,,,
0.71511,0.241664,0.017554,0.123825,1,0,0,0,0,0,0.184108,0.882504,0.233739,0.182842,1,warm,controlled_contrast,clear_day,clear_day_016,weird_high
0.595254,0.45583,0.012947,0.225675,1.0,0.0,0.0,0.0,0.0,0.0,0.116413,0.55827,0.749877,0.891251,1,warm,random,,,
0.806787,0.852895,0.929893,0.632763,1.0,1.0,1.0,1.0,1.0,1.0,0.427685,0.668345,0.318994,0.119839,2,strange,random,,,
0.357711,0.671216,0.772741,0.689012,0.0,0.0,0.0,1.0,1.0,1.0,0.611446,0.615255,0.888908,0.709514,3,lonely,random,,,
0.768997,0.246529,0.640591,0.421123,0.0,1.0,0.0,1.0,1.0,0.0,0.734022,0.621495,0.366292,0.482987,0,quiet,random,,,
0.453957,0.785201,0.439411,0.183513,0,0,1,1,1,0,0.901911,0.214201,0.186651,0.183172,0,quiet,controlled_contrast,rainy_room,rainy_room_030,calm_high
0.893146,0.70155,0.876687,0.022081,0.0,1.0,0.0,1.0,1.0,0.0,0.16235,0.768816,0.392918,0.050842,3,lonely,random,,,
0.181393,0.030616,0.003933,0.000681,0.0,0.0,0.0,0.0,0.0,0.0,0.08823,0.617029,0.682074,0.205939,1,warm,random,,,
0.928413,0.257624,0.298252,0.171205,1.0,1.0,0.0,1.0,1.0,0.0,0.271594,0.436046,0.577418,0.597837,1,warm,random,,,
0.619896,0.867104,0.151401,0.758164,1.0,0.0,1.0,0.0,1.0,0.0,0.327101,0.664331,0.113598,0.085044,2,strange,random,,,
0.417262,0.908564,0.580689,0.656024,0.0,0.0,1.0,1.0,1.0,0.0,0.572998,0.56404,0.958635,0.362062,0,quiet,random,,,
0.775115,0.157599,1.3e-05,0.345776,1.0,1.0,0.0,0.0,0.0,0.0,0.727363,0.337424,0.672113,0.150011,1,warm,random,,,
0.563762,0.829042,0.009865,0.113572,0.0,0.0,1.0,0.0,0.0,0.0,0.220161,0.165602,0.689684,0.38207,3,lonely,random,,,
0.242296,0.305557,0.733407,0.669513,0.0,0.0,0.0,1.0,1.0,1.0,0.315234,0.699696,0.749309,0.586285,2,strange,random,,,
0.432116,0.793295,0.459928,0.170249,0,0,1,1,1,0,0.20669,0.188313,0.87809,0.223184,3,lonely,controlled_contrast,rainy_room,rainy_room_039,warm_high
0.576234,0.04398,0.001096,0.764092,0.0,0.0,0.0,0.0,0.0,0.0,0.967383,0.051629,0.447467,0.283135,0,quiet,random,,,
0.787039,0.099866,0.065628,0.303676,1.0,1.0,0.0,0.0,0.0,0.0,0.979828,0.183737,0.590504,0.646337,1,warm,random,,,
0.817351,0.500665,0.542429,0.138845,1.0,1.0,0.0,1.0,1.0,0.0,0.304883,0.356873,0.619242,0.103668,1,warm,random,,,
0.168386,0.509668,0.001062,0.126238,1.0,0.0,0.0,0.0,0.0,0.0,0.418027,0.344673,0.669774,0.244108,1,warm,random,,,
0.847933,0.464681,0.02503,0.369371,1.0,1.0,0.0,0.0,0.0,0.0,0.451799,0.546639,0.602277,0.368581,1,warm,random,,,
0.672443,0.358277,0.065932,0.124082,1.0,0.0,0.0,0.0,0.0,0.0,0.718643,0.252504,0.104831,0.147679,0,quiet,random,,,
0.44408,0.779064,0.41948,0.194914,0,0,1,1,1,0,0.893385,0.20074,0.194296,0.192899,0,quiet,controlled_contrast,rainy_room,rainy_room_054,calm_high
0.476364,0.83737,0.713143,0.753739,0,0,1,1,1,1,0.900189,0.207235,0.199602,0.210569,0,quiet,controlled_contrast,stormy_weather,stormy_weather_010,calm_high
0.444814,0.990037,0.011472,0.275338,0.0,0.0,1.0,0.0,1.0,0.0,0.177438,0.649642,0.507132,0.652729,3,lonely,random,,,
0.444879,0.787202,0.718189,0.714087,0,0,1,1,1,1,0.182519,0.923127,0.190766,0.191884,2,strange,controlled_contrast,stormy_weather,stormy_weather_061,weird_high
0.095857,0.638276,0.030858,0.172304,1.0,0.0,0.0,0.0,0.0,0.0,0.36423,0.816014,0.088766,0.10354,2,strange,random,,,
0.730509,0.91227,0.846885,0.564931,1.0,0.0,1.0,1.0,1.0,1.0,0.431567,0.680261,0.456443,0.229716,2,strange,random,,,
0.409338,0.760226,0.487325,0.186829,0,0,1,1,1,0,0.908948,0.177674,0.205868,0.195266,0,quiet,controlled_contrast,rainy_room,rainy_room_019,calm_high
0.327056,0.377916,0.03467,0.250178,1.0,0.0,0.0,0.0,0.0,0.0,0.203697,0.701838,0.321074,0.692069,1,warm,random,,,
0.283493,0.30389,0.741235,0.570591,1.0,0.0,0.0,1.0,1.0,1.0,0.74324,0.656134,0.637848,0.146477,2,strange,random,,,
0.739309,0.670046,0.045899,0.248279,1.0,0.0,0.0,0.0,0.0,0.0,0.642909,0.402661,0.577783,0.23255,1,warm,random,,,
0.414446,0.755033,0.399468,0.177895,0,0,1,1,1,0,0.897055,0.202447,0.206241,0.198328,0,quiet,controlled_contrast,rainy_room,rainy_room_074,calm_high
0.740876,0.074177,0.86586,0.461831,1.0,0.0,0.0,1.0,1.0,1.0,0.207024,0.318773,0.399686,0.383988,2,strange,random,,,
0.472287,0.826806,0.09986,0.108281,0,0,1,0,1,0,0.206341,0.186416,0.910817,0.20018,3,lonely,controlled_contrast,humid_night,humid_night_030,warm_high
0.590942,0.871177,0.001122,0.173164,1.0,0.0,1.0,0.0,1.0,0.0,0.737012,0.447894,0.403015,0.441735,0,quiet,random,,,
0.530504,0.264819,0.002281,0.185629,1,0,0,0,0,0,0.199633,0.181316,0.189817,0.894755,3,lonely,controlled_contrast,neutral_weather,neutral_weather_037,lonely_high
0.445282,0.854872,0.084355,0.106715,0,0,1,0,1,0,0.176437,0.915572,0.189994,0.19909,3,lonely,controlled_contrast,humid_night,humid_night_004,weird_high
0.561315,0.807166,0.076223,0.085203,0,0,1,0,1,0,0.195172,0.224986,0.196148,0.896614,3,lonely,controlled_contrast,humid_night,humid_night_027,lonely_high
0.874865,0.715269,0.992315,0.330658,0.0,1.0,0.0,1.0,1.0,0.0,0.647777,0.727867,0.299923,0.581335,3,lonely,random,,,
0.817602,0.322597,0.102739,0.233052,0.0,1.0,0.0,0.0,1.0,0.0,0.974638,0.149942,0.329879,0.102146,0,quiet,random,,,
0.144897,0.914437,0.773744,0.169652,1.0,0.0,1.0,1.0,1.0,0.0,0.270215,0.322516,0.663085,0.130729,0,quiet,random,,,
0.382736,0.464075,0.679587,0.648696,0.0,0.0,0.0,1.0,1.0,1.0,0.539691,0.573085,0.541626,0.483095,2,strange,random,,,
0.705522,0.542782,0.815112,0.002385,1.0,0.0,0.0,1.0,1.0,0.0,0.611713,0.575461,0.507206,0.432938,0,quiet,random,,,
0.689685,0.46279,0.620742,0.224832,0.0,0.0,0.0,1.0,1.0,0.0,0.56592,0.641784,0.631714,0.414432,3,lonely,random,,,
0.285093,0.591997,0.920763,0.132698,0.0,0.0,0.0,1.0,1.0,0.0,0.73509,0.731691,0.56463,0.245792,0,quiet,random,,,
0.786843,0.345946,0.122689,0.436965,1.0,1.0,0.0,0.0,1.0,0.0,0.51631,0.065272,0.558693,0.970838,1,warm,random,,,
0.63715,0.206123,0.98031,0.396983,1.0,0.0,0.0,1.0,1.0,0.0,0.541741,0.117828,0.778248,0.225298,1,warm,random,,,
0.689256,0.024515,0.540707,0.747953,1.0,0.0,0.0,1.0,1.0,0.0,0.565676,0.53738,0.789929,0.415278,1,warm,random,,,
0.648244,0.572533,0.214205,0.859276,1.0,0.0,0.0,1.0,1.0,0.0,0.569567,0.641054,0.729547,0.416553,1,warm,random,,,
0.945788,0.170414,0.658856,0.521503,1.0,1.0,0.0,1.0,1.0,1.0,0.201997,0.677124,0.320599,0.054988,2,strange,random,,,
0.509028,0.154426,0.416958,0.996262,0.0,0.0,0.0,1.0,1.0,0.0,0.920783,0.406071,0.649835,0.700873,3,lonely,random,,,
0.64471,0.787904,0.431206,0.550674,1.0,0.0,1.0,1.0,1.0,0.0,0.750232,0.494973,0.280482,0.287095,0,quiet,random,,,
0.657818,0.235229,0.041503,0.483804,0.0,0.0,0.0,0.0,0.0,0.0,0.420852,0.792153,0.447969,0.173803,2,strange,random,,,
0.196531,0.371432,0.00897,0.89641,1.0,0.0,0.0,0.0,0.0,0.0,0.43285,0.883696,0.62347,0.512387,1,warm,random,,,
0.707582,0.267636,0.041767,0.169539,1,0,0,0,0,0,0.203769,0.22214,0.918802,0.186958,1,warm,controlled_contrast,clear_day,clear_day_062,warm_high
0.462918,0.764942,0.692495,0.750929,0,0,1,1,1,1,0.196585,0.185143,0.18836,0.918826,3,lonely,controlled_contrast,stormy_weather,stormy_weather_008,lonely_high
0.560755,0.729922,0.007497,0.438939,0.0,0.0,0.0,0.0,1.0,0.0,0.287938,0.443113,0.322587,0.917567,3,lonely,random,,,
0.144833,0.631995,0.009281,0.101516,0.0,0.0,0.0,0.0,0.0,0.0,0.692337,0.058911,0.351994,0.558042,3,lonely,random,,,
0.279623,0.998297,0.096823,0.627467,0.0,0.0,1.0,0.0,1.0,0.0,0.487189,0.986527,0.098561,0.267056,3,lonely,random,,,
0.483596,0.804865,0.674204,0.718798,0,0,1,1,1,1,0.189004,0.895745,0.237074,0.185811,2,strange,controlled_contrast,stormy_weather,stormy_weather_009,weird_high
0.64712,0.798959,0.547983,0.930594,1.0,0.0,1.0,1.0,1.0,0.0,0.507667,0.390749,0.450874,0.069618,0,quiet,random,,,
0.222421,0.830753,0.516134,0.075096,0.0,0.0,1.0,1.0,1.0,0.0,0.747857,0.062177,0.978622,0.522655,0,quiet,random,,,
0.01971,0.260387,0.650525,0.556006,0.0,0.0,0.0,1.0,1.0,1.0,0.728143,0.254621,0.575038,0.184355,0,quiet,random,,,
0.224837,0.366048,0.000546,0.556375,1.0,0.0,0.0,0.0,0.0,0.0,0.582419,0.87139,0.174474,0.66026,2,strange,random,,,
0.790038,0.448295,0.058342,0.550256,1.0,1.0,0.0,0.0,0.0,0.0,0.324213,0.101084,0.110545,0.433885,1,warm,random,,,
0.323624,0.307041,0.402695,0.95617,0.0,0.0,0.0,1.0,1.0,0.0,0.331662,0.667349,0.746141,0.681951,3,lonely,random,,,
0.02432,0.172983,0.130535,0.010991,1.0,0.0,0.0,0.0,1.0,0.0,0.311324,0.346997,0.412553,0.310953,1,warm,random,,,
0.610257,0.612163,0.813218,0.354768,0.0,0.0,0.0,1.0,1.0,0.0,0.673685,0.25774,0.947521,0.629539,3,lonely,random,,,
0.931774,0.933691,2e-05,0.398572,1.0,1.0,1.0,0.0,1.0,0.0,0.343439,0.301683,0.579758,0.244268,1,warm,random,,,
0.326224,0.759468,0.113207,0.050559,1.0,0.0,1.0,0.0,1.0,0.0,0.063522,0.269106,0.057999,0.338344,3,lonely,random,,,
0.710079,0.312658,0.028286,0.098564,1,0,0,0,0,0,0.192352,0.202594,0.916274,0.189548,1,warm,controlled_contrast,clear_day,clear_day_035,warm_high
0.487547,0.806552,0.699567,0.703576,0,0,1,1,1,1,0.199137,0.199162,0.21696,0.906118,3,lonely,controlled_contrast,stormy_weather,stormy_weather_020,lonely_high
0.517197,0.770855,0.819968,0.076713,0.0,0.0,1.0,1.0,1.0,0.0,0.820318,0.576654,0.090765,0.738989,0,quiet,random,,,
0.846828,0.012398,0.0363,0.851163,0.0,1.0,0.0,0.0,0.0,0.0,0.375184,0.063017,0.149809,0.211988,1,warm,random,,,
0.92191,0.336933,0.200261,0.047466,0.0,1.0,0.0,1.0,1.0,0.0,0.228555,0.42629,0.362231,0.425708,3,lonely,random,,,
0.718076,0.654841,0.202702,0.652517,0.0,0.0,0.0,1.0,1.0,0.0,0.423824,0.280901,0.692812,0.271543,3,lonely,random,,,
0.441474,0.518477,0.030863,0.729477,0.0,0.0,0.0,0.0,0.0,0.0,0.157347,0.727022,0.582254,0.100216,2,strange,random,,,
0.246998,0.406131,0.687819,0.562433,1.0,0.0,0.0,1.0,1.0,1.0,0.191262,0.440167,0.613276,0.516559,2,strange,random,,,
0.114604,0.921173,0.006323,0.136992,1.0,0.0,1.0,0.0,0.0,0.0,0.62313,0.480806,0.397644,0.135701,0,quiet,random,,,
0.457003,0.771335,0.721485,0.705015,0,0,1,1,1,1,0.197466,0.186287,0.891999,0.188187,3,lonely,controlled_contrast,stormy_weather,stormy_weather_053,warm_high
0.18022,0.184315,0.025827,0.960516,1.0,0.0,0.0,0.0,0.0,0.0,0.737538,0.883723,0.370864,0.388652,2,strange,random,,,
0.541291,0.273116,0.02965,0.776717,1.0,0.0,0.0,0.0,0.0,0.0,0.173948,0.942052,0.279792,0.533967,2,strange,random,,,
0.256878,0.607117,0.059051,0.728633,1.0,0.0,0.0,0.0,0.0,0.0,0.6387,0.466869,0.485826,0.627243,1,warm,random,,,
0.344057,0.331538,2.1e-05,0.119706,1.0,0.0,0.0,0.0,0.0,0.0,0.552264,0.452204,0.762551,0.617971,1,warm,random,,,
0.229729,0.590708,0.789325,0.251624,1.0,0.0,0.0,1.0,1.0,0.0,0.689192,0.255025,0.090635,0.875583,3,lonely,random,,,
0.797707,0.746513,0.931468,0.179766,1.0,1.0,0.0,1.0,1.0,0.0,0.740172,0.826566,0.086869,0.665968,0,quiet,random,,,
0.403062,0.115459,0.012003,0.055983,0.0,0.0,0.0,0.0,0.0,0.0,0.56892,0.464881,0.076121,0.682306,3,lonely,random,,,
0.966017,0.096586,0.910236,0.459848,1.0,1.0,0.0,1.0,1.0,1.0,0.695014,0.67638,0.145149,0.267703,2,strange,random,,,
0.815624,0.702014,0.682032,0.522819,1.0,1.0,0.0,1.0,1.0,1.0,0.267844,0.87215,0.578223,0.585937,2,strange,random,,,
0.294688,0.586529,0.152953,0.166885,0.0,0.0,0.0,0.0,1.0,0.0,0.889618,0.089824,0.321971,0.097789,3,lonely,random,,,
0.480016,0.800876,0.467581,0.196078,0,0,1,1,1,0,0.198998,0.20546,0.192264,0.894108,3,lonely,controlled_contrast,rainy_room,rainy_room_024,lonely_high
0.691816,0.056717,0.369596,0.855005,1.0,0.0,0.0,1.0,1.0,0.0,0.8398,0.424809,0.604705,0.629786,0,quiet,random,,,
0.305421,0.173259,0.857239,0.812728,0.0,0.0,0.0,1.0,1.0,1.0,0.390605,0.37704,0.531746,0.740613,3,lonely,random,,,
0.798477,0.407595,0.005176,0.462096,1.0,1.0,0.0,0.0,0.0,0.0,0.55665,0.152054,0.767795,0.631708,1,warm,random,,,
0.063863,0.630608,0.766643,0.048237,1.0,0.0,0.0,1.0,1.0,0.0,0.337805,0.103837,0.710679,0.272162,1,warm,random,,,
0.411103,0.539176,0.38721,0.848318,1.0,0.0,0.0,1.0,1.0,0.0,0.611008,0.398851,0.708426,0.073904,1,warm,random,,,
0.972406,0.576366,0.049113,0.78108,0.0,1.0,0.0,0.0,0.0,0.0,0.555683,0.794273,0.406185,0.067474,1,warm,random,,,
0.623041,0.444268,0.03735,0.194354,0.0,0.0,0.0,0.0,0.0,0.0,0.521891,0.654656,0.517655,0.936283,3,lonely,random,,,
0.178353,0.460221,0.91325,0.709534,1.0,0.0,0.0,1.0,1.0,1.0,0.40152,0.606116,0.522992,0.408141,2,strange,random,,,
0.765603,0.132161,0.018441,0.221665,1.0,1.0,0.0,0.0,0.0,0.0,0.35842,0.853871,0.132834,0.282035,1,warm,random,,,
0.465777,0.949476,0.325439,0.68735,0.0,0.0,1.0,1.0,1.0,0.0,0.276489,0.682338,0.422419,0.053275,0,quiet,random,,,
0.733404,0.240872,0.0,0.197369,1,0,0,0,0,0,0.203928,0.197629,0.88875,0.19011,1,warm,controlled_contrast,clear_day,clear_day_018,warm_high
0.120775,0.193112,0.012212,0.283087,0.0,0.0,0.0,0.0,0.0,0.0,0.871638,0.088035,0.664915,0.136571,0,quiet,random,,,
0.500983,0.706746,0.854285,0.654776,1.0,0.0,0.0,1.0,1.0,1.0,0.390582,0.378418,0.088383,0.137199,2,strange,random,,,
0.893673,0.149447,0.555048,0.121161,0.0,1.0,0.0,1.0,1.0,0.0,0.495456,0.733667,0.28076,0.853798,3,lonely,random,,,
0.596421,0.959603,0.007436,0.195824,0.0,0.0,1.0,0.0,1.0,0.0,0.657208,0.17805,0.684774,0.302753,3,lonely,random,,,
0.988992,0.839866,0.225126,0.154337,1.0,1.0,1.0,1.0,1.0,0.0,0.778027,0.381976,0.089081,0.497693,0,quiet,random,,,
0.487179,0.826521,0.100412,0.11233,0,0,1,0,1,0,0.885715,0.210992,0.201811,0.192447,0,quiet,controlled_contrast,humid_night,humid_night_076,calm_high
0.512257,0.230704,0.046047,0.990747,0.0,0.0,0.0,0.0,0.0,0.0,0.1769,0.660601,0.234738,0.133601,2,strange,random,,,
0.390182,0.35275,0.859644,0.629186,1.0,0.0,0.0,1.0,1.0,1.0,0.57703,0.283261,0.535706,0.667199,2,strange,random,,,
0.987364,0.783739,0.029937,0.010543,1.0,1.0,1.0,0.0,1.0,0.0,0.499544,0.966185,0.106993,0.137553,1,warm,random,,,
0.266661,0.360302,0.659577,0.798736,1.0,0.0,0.0,1.0,1.0,1.0,0.305223,0.38513,0.47124,0.811034,2,strange,random,,,
0.57316,0.117454,0.050651,0.348568,0.0,0.0,0.0,0.0,0.0,0.0,0.670748,0.88301,0.541002,0.450465,3,lonely,random,,,
0.745094,0.573008,0.976624,0.850398,1.0,0.0,0.0,1.0,1.0,1.0,0.905002,0.374752,0.057439,0.476328,0,quiet,random,,,
0.077875,0.027346,0.502813,0.958868,1.0,0.0,0.0,1.0,1.0,0.0,0.502482,0.506161,0.663445,0.092303,1,warm,random,,,
0.667771,0.810339,0.886725,0.630263,1.0,0.0,1.0,1.0,1.0,1.0,0.060687,0.615646,0.643813,0.848039,2,strange,random,,,
0.826079,0.034263,0.011472,0.263045,0.0,1.0,0.0,0.0,0.0,0.0,0.106675,0.415454,0.420288,0.712103,3,lonely,random,,,
0.682626,0.621704,0.269926,0.845677,0.0,0.0,0.0,1.0,1.0,0.0,0.567612,0.307065,0.781354,0.503464,3,lonely,random,,,
0.218391,0.687966,0.001101,0.659445,0.0,0.0,0.0,0.0,0.0,0.0,0.784508,0.499243,0.184131,0.322202,3,lonely,random,,,
0.503834,0.862312,0.130386,0.134107,0,0,1,0,1,0,0.89225,0.185141,0.197106,0.213991,0,quiet,controlled_contrast,humid_night,humid_night_031,calm_high
0.490242,0.258714,0.043628,0.187892,1,0,0,0,0,0,0.217188,0.882551,0.199536,0.212394,2,strange,controlled_contrast,neutral_weather,neutral_weather_073,weird_high
0.709123,0.19781,0.0,0.162289,1,0,0,0,0,0,0.925938,0.177708,0.176806,0.197726,0,quiet,controlled_contrast,clear_day,clear_day_051,calm_high
0.500361,0.22151,0.019249,0.17766,1,0,0,0,0,0,0.882562,0.199406,0.201945,0.206407,0,quiet,controlled_contrast,neutral_weather,neutral_weather_028,calm_high
0.974975,0.600675,0.782951,0.971314,1.0,1.0,0.0,1.0,1.0,1.0,0.391068,0.720786,0.737617,0.196762,2,strange,random,,,
0.42942,0.817027,0.39997,0.222757,0,0,1,1,1,0,0.217305,0.20022,0.212799,0.904745,3,lonely,controlled_contrast,rainy_room,rainy_room_057,lonely_high
0.22995,0.078866,0.091244,0.824232,1.0,0.0,0.0,0.0,1.0,0.0,0.49724,0.906876,0.374747,0.722494,2,strange,random,,,
0.600934,0.613599,0.899722,0.300934,0.0,0.0,0.0,1.0,1.0,0.0,0.051589,0.639987,0.238907,0.7206,3,lonely,random,,,
0.436516,0.856015,0.710121,0.728432,0,0,1,1,1,1,0.183822,0.900604,0.198394,0.203358,2,strange,controlled_contrast,stormy_weather,stormy_weather_017,weird_high
0.481095,0.874282,0.055512,0.133995,0,0,1,0,1,0,0.188307,0.163907,0.199348,0.881265,3,lonely,controlled_contrast,humid_night,humid_night_079,lonely_high
0.372646,0.120081,0.220728,0.288023,0.0,0.0,0.0,1.0,1.0,0.0,0.714664,0.229765,0.589269,0.24337,0,quiet,random,,,
0.59286,0.080975,0.368473,0.355088,1.0,0.0,0.0,1.0,1.0,0.0,0.398617,0.939428,0.28247,0.304877,2,strange,random,,,
0.573803,0.213476,0.887743,0.657496,0.0,0.0,0.0,1.0,1.0,1.0,0.284333,0.950201,0.090205,0.68518,2,strange,random,,,
0.19698,0.095748,0.800225,0.026622,0.0,0.0,0.0,1.0,1.0,0.0,0.066898,0.445209,0.200302,0.158585,3,lonely,random,,,
0.11602,0.279853,0.819298,0.713977,1.0,0.0,0.0,1.0,1.0,1.0,0.138208,0.362155,0.697579,0.624599,2,strange,random,,,
0.21165,0.866735,0.154421,0.276456,1.0,0.0,1.0,0.0,1.0,0.0,0.189861,0.161016,0.475793,0.688008,3,lonely,random,,,
0.482922,0.171507,0.894691,0.94661,1.0,0.0,0.0,1.0,1.0,1.0,0.62316,0.693183,0.232195,0.309308,2,strange,random,,,
0.555849,0.585556,0.402721,0.634061,1.0,0.0,0.0,1.0,1.0,0.0,0.585142,0.244639,0.468078,0.408755,0,quiet,random,,,
0.468416,0.79541,0.726572,0.699467,0,0,1,1,1,1,0.198268,0.903872,0.200763,0.198216,2,strange,controlled_contrast,stormy_weather,stormy_weather_079,weird_high
0.744111,0.270631,0.00729,0.123541,1,0,0,0,0,0,0.898314,0.184377,0.19239,0.196367,0,quiet,controlled_contrast,clear_day,clear_day_037,calm_high
0.452726,0.836245,0.089932,0.127499,0,0,1,0,1,0,0.883084,0.184985,0.197328,0.196394,0,quiet,controlled_contrast,humid_night,humid_night_065,calm_high
0.540658,0.140567,0.085925,0.729528,0.0,0.0,0.0,0.0,1.0,0.0,0.691394,0.87324,0.3076,0.051181,2,strange,random,,,
0.057915,0.987789,0.354626,0.738129,1.0,0.0,1.0,1.0,1.0,0.0,0.721819,0.476864,0.075997,0.640486,0,quiet,random,,,
0.813056,0.864518,0.056673,0.092389,1.0,1.0,1.0,0.0,0.0,0.0,0.214259,0.72699,0.64589,0.168791,1,warm,random,,,
0.459203,0.791099,0.695316,0.751779,0,0,1,1,1,1,0.180685,0.196571,0.200701,0.945219,3,lonely,controlled_contrast,stormy_weather,stormy_weather_048,lonely_high
0.740506,0.801128,0.898949,0.155531,1.0,0.0,1.0,1.0,1.0,0.0,0.467964,0.771817,0.504778,0.489451,0,quiet,random,,,
0.818469,0.592257,0.119184,0.004882,0.0,1.0,0.0,0.0,1.0,0.0,0.481432,0.307773,0.123028,0.627716,3,lonely,random,,,
0.774757,0.508192,0.911661,0.587752,0.0,1.0,0.0,1.0,1.0,1.0,0.735067,0.886558,0.611617,0.728169,2,strange,random,,,
0.074318,0.518203,0.81333,0.054521,0.0,0.0,0.0,1.0,1.0,0.0,0.8744,0.243917,0.74277,0.264093,0,quiet,random,,,
0.511729,0.813583,0.096243,0.115479,0,0,1,0,1,0,0.196226,0.216623,0.207626,0.912963,3,lonely,controlled_contrast,humid_night,humid_night_046,lonely_high
0.944108,0.437823,0.091334,0.540732,1.0,1.0,0.0,0.0,1.0,0.0,0.660988,0.34906,0.391909,0.286326,1,warm,random,,,
0.922038,0.722679,0.048602,0.317602,1.0,1.0,0.0,0.0,1.0,0.0,0.413434,0.141654,0.922822,0.388517,1,warm,random,,,
0.484933,0.829232,0.086345,0.152587,0,0,1,0,1,0,0.893818,0.197323,0.214872,0.193813,0,quiet,controlled_contrast,humid_night,humid_night_010,calm_high
0.846109,0.415899,0.646555,0.029885,0.0,1.0,0.0,1.0,1.0,0.0,0.17663,0.245457,0.360553,0.262157,3,lonely,random,,,
0.467383,0.472797,0.980343,0.309115,1.0,0.0,0.0,1.0,1.0,0.0,0.603097,0.277965,0.58359,0.216751,0,quiet,random,,,
0.37538,0.20021,0.462914,0.176713,1.0,0.0,0.0,1.0,1.0,0.0,0.686719,0.611892,0.981814,0.154393,1,warm,random,,,
0.029412,0.202843,0.631115,0.011428,0.0,0.0,0.0,1.0,1.0,0.0,0.51851,0.745749,0.197742,0.637866,3,lonely,random,,,
0.421931,0.882181,0.86553,0.004859,0.0,0.0,1.0,1.0,1.0,0.0,0.904255,0.143271,0.152897,0.156946,0,quiet,random,,,
0.10296,0.898375,0.300322,0.671818,1.0,0.0,1.0,1.0,1.0,0.0,0.145709,0.654079,0.301786,0.344593,0,quiet,random,,,
0.016321,0.227188,0.333652,0.984375,0.0,0.0,0.0,1.0,1.0,0.0,0.965161,0.395678,0.569064,0.632531,3,lonely,random,,,
0.831743,0.738879,0.37508,0.210566,0.0,1.0,0.0,1.0,1.0,0.0,0.966179,0.28362,0.258461,0.222456,0,quiet,random,,,
0.106278,0.577324,0.293621,0.019455,1.0,0.0,0.0,1.0,1.0,0.0,0.786436,0.658313,0.35057,0.141318,0,quiet,random,,,
0.307896,0.54054,3e-05,0.726571,1.0,0.0,0.0,0.0,0.0,0.0,0.478711,0.346039,0.396898,0.336784,1,warm,random,,,
0.317204,0.162155,0.442029,0.041888,1.0,0.0,0.0,1.0,1.0,0.0,0.494742,0.390497,0.525773,0.238041,0,quiet,random,,,
0.047705,0.004465,0.995163,0.523167,1.0,0.0,0.0,1.0,1.0,1.0,0.805373,0.069441,0.195657,0.629511,0,quiet,random,,,
0.772676,0.839796,0.030226,0.753439,1.0,1.0,1.0,0.0,1.0,0.0,0.497006,0.148004,0.328439,0.162071,1,warm,random,,,
0.478201,0.098738,0.108816,0.881421,1.0,0.0,0.0,0.0,1.0,0.0,0.504844,0.120801,0.767983,0.580665,1,warm,random,,,
0.280123,0.47634,0.867983,0.354959,1.0,0.0,0.0,1.0,1.0,0.0,0.612915,0.131174,0.390326,0.668185,0,quiet,random,,,
0.428891,0.835822,0.646847,0.699953,0,0,1,1,1,1,0.216282,0.205708,0.207588,0.898981,3,lonely,controlled_contrast,stormy_weather,stormy_weather_056,lonely_high
0.778742,0.863686,0.588051,0.726322,1.0,1.0,1.0,1.0,1.0,0.0,0.117774,0.551155,0.633084,0.056813,1,warm,random,,,
0.321181,0.856881,0.001325,0.389845,1.0,0.0,1.0,0.0,0.0,0.0,0.390595,0.87888,0.159315,0.292318,2,strange,random,,,
0.401327,0.777263,0.727471,0.406714,0.0,0.0,1.0,1.0,1.0,0.0,0.305089,0.549817,0.237098,0.315374,3,lonely,random,,,
0.524817,0.685757,0.136735,0.008631,1.0,0.0,0.0,0.0,1.0,0.0,0.515313,0.935778,0.656714,0.445514,1,warm,random,,,
0.468909,0.841832,0.676199,0.713597,0,0,1,1,1,1,0.197438,0.180917,0.909493,0.184412,3,lonely,controlled_contrast,stormy_weather,stormy_weather_060,warm_high
0.831849,0.706903,0.127583,0.053897,1.0,1.0,0.0,0.0,1.0,0.0,0.1462,0.088412,0.904405,0.744281,1,warm,random,,,
0.398638,0.807189,0.713835,0.71803,0,0,1,1,1,1,0.885973,0.215869,0.187215,0.191509,0,quiet,controlled_contrast,stormy_weather,stormy_weather_047,calm_high
0.476349,0.107326,0.667887,0.012491,0.0,0.0,0.0,1.0,1.0,0.0,0.389095,0.148753,0.295173,0.147547,0,quiet,random,,,
0.024399,0.679454,0.291421,0.056353,1.0,0.0,0.0,1.0,1.0,0.0,0.534197,0.46553,0.638214,0.55514,1,warm,random,,,
0.031377,0.045616,0.058519,0.653328,0.0,0.0,0.0,0.0,0.0,0.0,0.455101,0.710431,0.051139,0.407024,3,lonely,random,,,
0.925732,0.492558,0.134531,0.405393,1.0,1.0,0.0,0.0,1.0,0.0,0.065514,0.082428,0.369342,0.335053,1,warm,random,,,
0.998835,0.65093,0.733899,0.642304,1.0,1.0,0.0,1.0,1.0,1.0,0.075959,0.349144,0.063507,0.713294,2,strange,random,,,
0.486897,0.24459,0.071247,0.198799,1,0,0,0,0,0,0.219823,0.209976,0.912491,0.185629,1,warm,controlled_contrast,neutral_weather,neutral_weather_001,warm_high
0.541762,0.758712,0.000367,0.136911,1.0,0.0,1.0,0.0,1.0,0.0,0.395559,0.377741,0.714138,0.737158,1,warm,random,,,
0.863581,0.989694,0.874485,0.701282,1.0,1.0,1.0,1.0,1.0,1.0,0.300086,0.354901,0.095327,0.267102,2,strange,random,,,
0.478331,0.420924,0.62463,0.772663,0.0,0.0,0.0,1.0,1.0,0.0,0.532685,0.676552,0.124688,0.232381,3,lonely,random,,,
0.615606,0.224925,0.988387,0.780028,1.0,0.0,0.0,1.0,1.0,1.0,0.744939,0.577609,0.838277,0.509365,2,strange,random,,,
0.318471,0.141037,0.132078,0.144726,1.0,0.0,0.0,0.0,1.0,0.0,0.460248,0.138721,0.440092,0.609662,1,warm,random,,,
0.391933,0.751051,0.427415,0.177521,0,0,1,1,1,0,0.889382,0.188304,0.176288,0.201426,0,quiet,controlled_contrast,rainy_room,rainy_room_059,calm_high
0.098356,0.215487,0.517928,0.610655,1.0,0.0,0.0,1.0,1.0,0.0,0.874478,0.357188,0.373449,0.293371,0,quiet,random,,,
0.484702,0.637353,0.875959,0.160056,0.0,0.0,0.0,1.0,1.0,0.0,0.40048,0.131212,0.421647,0.366132,3,lonely,random,,,
0.618096,0.37769,0.479781,0.686137,0.0,0.0,0.0,1.0,1.0,0.0,0.610515,0.363952,0.637657,0.095378,0,quiet,random,,,
0.436516,0.856015,0.710121,0.728432,0,0,1,1,1,1,0.20563,0.2002,0.198882,0.912421,3,lonely,controlled_contrast,stormy_weather,stormy_weather_017,lonely_high
0.474586,0.756832,0.054159,0.101638,0,0,1,0,1,0,0.195851,0.208368,0.90845,0.201005,3,lonely,controlled_contrast,humid_night,humid_night_066,warm_high
0.877824,0.967638,0.310304,0.660003,0.0,1.0,1.0,1.0,1.0,0.0,0.542145,0.3774,0.29064,0.886387,3,lonely,random,,,
0.954458,0.932859,0.01389,0.516213,0.0,1.0,1.0,0.0,1.0,0.0,0.492515,0.514685,0.181685,0.501204,3,lonely,random,,,
0.894336,0.35713,0.214601,0.803771,0.0,1.0,0.0,1.0,1.0,0.0,0.802849,0.25769,0.318896,0.4865,3,lonely,random,,,
0.435052,0.809392,0.718903,0.712853,0,0,1,1,1,1,0.222503,0.896409,0.198089,0.187222,2,strange,controlled_contrast,stormy_weather,stormy_weather_058,weird_high
0.806524,0.865311,0.001514,0.275512,1.0,1.0,1.0,0.0,1.0,0.0,0.287076,0.559057,0.177182,0.684134,3,lonely,random,,,
0.98211,0.452732,0.731926,0.179572,0.0,1.0,0.0,1.0,1.0,0.0,0.640418,0.271449,0.231517,0.17885,0,quiet,random,,,
0.465328,0.804782,0.080022,0.083526,0,0,1,0,1,0,0.901668,0.20782,0.204218,0.181856,0,quiet,controlled_contrast,humid_night,humid_night_023,calm_high
0.069607,0.012754,0.825205,0.626919,1.0,0.0,0.0,1.0,1.0,1.0,0.669913,0.744744,0.416247,0.521635,2,strange,random,,,
0.378335,0.902653,0.006753,0.004673,0.0,0.0,1.0,0.0,0.0,0.0,0.718567,0.163716,0.769897,0.116965,0,quiet,random,,,
0.707933,0.218516,0.0,0.174989,1,0,0,0,0,0,0.197053,0.20668,0.908674,0.211315,1,warm,controlled_contrast,clear_day,clear_day_041,warm_high
0.545102,0.802703,0.124575,0.067934,1.0,0.0,1.0,0.0,1.0,0.0,0.062453,0.434943,0.375029,0.363756,1,warm,random,,,
0.086203,0.775713,0.689613,0.667926,0.0,0.0,1.0,1.0,1.0,1.0,0.498464,0.526339,0.376482,0.072643,2,strange,random,,,
0.357471,0.908933,0.019575,0.589868,1.0,0.0,1.0,0.0,1.0,0.0,0.533265,0.799366,0.455192,0.515733,1,warm,random,,,
0.70412,0.268628,0.015835,0.184795,1,0,0,0,0,0,0.209271,0.910765,0.193463,0.188526,2,strange,controlled_contrast,clear_day,clear_day_045,weird_high
0.73141,0.291008,0.0,0.105323,1,0,0,0,0,0,0.195946,0.210854,0.912903,0.205596,1,warm,controlled_contrast,clear_day,clear_day_050,warm_high
0.943048,0.677097,0.005258,0.475414,0.0,1.0,0.0,0.0,0.0,0.0,0.414264,0.672469,0.600104,0.825924,3,lonely,random,,,
0.936803,0.412747,0.498295,0.308027,0.0,1.0,0.0,1.0,1.0,0.0,0.266566,0.561828,0.341007,0.216782,3,lonely,random,,,
0.749741,0.249,0.028631,0.163618,1,0,0,0,0,0,0.911348,0.208248,0.208068,0.192509,0,quiet,controlled_contrast,clear_day,clear_day_000,calm_high
0.215683,0.147928,0.025187,0.829047,0.0,0.0,0.0,0.0,0.0,0.0,0.223721,0.757189,0.635001,0.329044,2,strange,random,,,
0.162156,0.556498,0.167757,0.456773,1.0,0.0,0.0,0.0,1.0,0.0,0.194659,0.922965,0.050706,0.630803,3,lonely,random,,,
0.074916,0.373261,0.504472,0.81394,0.0,0.0,0.0,1.0,1.0,0.0,0.408464,0.587482,0.296445,0.091204,0,quiet,random,,,
0.66293,0.229875,0.880286,0.231352,1.0,0.0,0.0,1.0,1.0,0.0,0.863109,0.280158,0.186281,0.521575,0,quiet,random,,,
0.269854,0.121297,0.806542,0.676681,1.0,0.0,0.0,1.0,1.0,1.0,0.130106,0.516636,0.252609,0.083122,2,strange,random,,,
0.63699,0.734666,0.981402,0.837307,0.0,0.0,0.0,1.0,1.0,1.0,0.067636,0.62064,0.195878,0.518471,2,strange,random,,,
0.632362,0.662307,0.631837,0.082993,1.0,0.0,0.0,1.0,1.0,0.0,0.557524,0.368326,0.566762,0.546308,0,quiet,random,,,
0.997957,0.579029,0.064391,0.032041,1.0,1.0,0.0,0.0,0.0,0.0,0.141337,0.967244,0.714655,0.617698,1,warm,random,,,
0.733836,0.257026,0.183034,0.514428,0.0,0.0,0.0,0.0,1.0,0.0,0.433245,0.297256,0.41989,0.10564,3,lonely,random,,,
0.65563,0.828209,0.31015,0.856278,0.0,0.0,1.0,1.0,1.0,0.0,0.385637,0.995228,0.592147,0.148688,0,quiet,random,,,
0.878399,0.609112,0.919592,0.611457,1.0,1.0,0.0,1.0,1.0,1.0,0.450471,0.494617,0.070661,0.552913,2,strange,random,,,
0.364156,0.769021,0.436742,0.18704,0,0,1,1,1,0,0.215037,0.192434,0.193545,0.89811,3,lonely,controlled_contrast,rainy_room,rainy_room_043,lonely_high
0.755674,0.796639,0.002437,0.139937,1.0,1.0,1.0,0.0,1.0,0.0,0.268753,0.838756,0.062148,0.716393,3,lonely,random,,,
0.093486,0.61276,0.940906,0.955539,1.0,0.0,0.0,1.0,1.0,1.0,0.629592,0.590999,0.719383,0.724895,2,strange,random,,,
0.738297,0.488171,0.964033,0.64063,1.0,0.0,0.0,1.0,1.0,1.0,0.510136,0.563131,0.468025,0.085153,2,strange,random,,,
0.024752,0.723966,0.624451,0.393146,0.0,0.0,0.0,1.0,1.0,0.0,0.589157,0.588199,0.156487,0.756893,3,lonely,random,,,
0.727548,0.818054,0.102973,0.399844,1.0,0.0,1.0,0.0,1.0,0.0,0.696909,0.056957,0.065396,0.276322,0,quiet,random,,,
0.254785,0.925067,0.238086,0.22114,0.0,0.0,1.0,1.0,1.0,0.0,0.521197,0.159917,0.677674,0.572107,3,lonely,random,,,
0.625868,0.800649,0.771892,0.525431,1.0,0.0,1.0,1.0,1.0,1.0,0.424712,0.337032,0.221089,0.79383,0,quiet,random,,,
0.744478,0.051024,0.268787,0.853082,0.0,0.0,0.0,1.0,1.0,0.0,0.184053,0.992231,0.073945,0.250303,2,strange,random,,,
0.086995,0.997613,0.018682,0.094542,1.0,0.0,1.0,0.0,0.0,0.0,0.186724,0.968164,0.136953,0.108272,2,strange,random,,,
0.598552,0.807135,0.323247,0.332143,0.0,0.0,1.0,1.0,1.0,0.0,0.383447,0.106045,0.356264,0.195334,0,quiet,random,,,
0.053009,0.988736,0.399482,0.243032,1.0,0.0,1.0,1.0,1.0,0.0,0.631411,0.219273,0.818302,0.661829,0,quiet,random,,,
0.68474,0.239408,0.004469,0.153591,1,0,0,0,0,0,0.186091,0.196451,0.90739,0.194417,1,warm,controlled_contrast,clear_day,clear_day_030,warm_high
0.22418,0.390624,0.808648,0.921099,0.0,0.0,0.0,1.0,1.0,1.0,0.433314,0.972038,0.17042,0.637431,2,strange,random,,,
0.490711,0.256706,0.058635,0.23606,1,0,0,0,0,0,0.211051,0.181444,0.210942,0.893708,3,lonely,controlled_contrast,neutral_weather,neutral_weather_019,lonely_high
0.872073,0.261588,0.930349,0.646317,1.0,1.0,0.0,1.0,1.0,1.0,0.816458,0.670779,0.562258,0.184493,2,strange,random,,,
0.504375,0.813767,0.088849,0.11829,0,0,1,0,1,0,0.206219,0.882856,0.191711,0.191762,3,lonely,controlled_contrast,humid_night,humid_night_058,weird_high
0.369338,0.802307,0.43594,0.179186,0,0,1,1,1,0,0.188187,0.21492,0.215861,0.908499,3,lonely,controlled_contrast,rainy_room,rainy_room_008,lonely_high
0.43448,0.786281,0.755228,0.736375,0,0,1,1,1,1,0.204919,0.904424,0.196043,0.218587,2,strange,controlled_contrast,stormy_weather,stormy_weather_071,weird_high
0.478026,0.828252,0.707602,0.686605,0,0,1,1,1,1,0.931634,0.231716,0.212996,0.193938,0,quiet,controlled_contrast,stormy_weather,stormy_weather_070,calm_high
0.438822,0.009676,0.32164,0.971641,1.0,0.0,0.0,1.0,1.0,0.0,0.294479,0.515459,0.092689,0.118228,0,quiet,random,,,
0.31308,0.100763,0.799825,0.103322,1.0,0.0,0.0,1.0,1.0,0.0,0.732762,0.0655,0.188865,0.542867,0,quiet,random,,,
0.503949,0.814564,0.086967,0.10639,0,0,1,0,1,0,0.198253,0.189179,0.194672,0.897042,3,lonely,controlled_contrast,humid_night,humid_night_051,lonely_high
0.450869,0.339251,0.094425,0.177422,0.0,0.0,0.0,0.0,1.0,0.0,0.743082,0.465949,0.230493,0.30821,3,lonely,random,,,
0.033567,0.999194,0.013236,0.968327,1.0,0.0,1.0,0.0,1.0,0.0,0.730095,0.459295,0.315417,0.728298,3,lonely,random,,,
0.614313,0.770632,0.305323,0.236878,0.0,0.0,1.0,1.0,1.0,0.0,0.69304,0.194758,0.977927,0.351336,0,quiet,random,,,
0.411224,0.010487,0.690783,0.587286,1.0,0.0,0.0,1.0,1.0,1.0,0.058048,0.389556,0.905817,0.140986,1,warm,random,,,
0.074108,0.398993,0.016162,0.032847,0.0,0.0,0.0,0.0,0.0,0.0,0.713355,0.637804,0.149776,0.658638,3,lonely,random,,,
0.039724,0.42321,0.941177,0.54477,1.0,0.0,0.0,1.0,1.0,1.0,0.102624,0.364333,0.596874,0.627666,2,strange,random,,,
0.468909,0.841832,0.676199,0.713597,0,0,1,1,1,1,0.89495,0.208176,0.222854,0.193863,0,quiet,controlled_contrast,stormy_weather,stormy_weather_060,calm_high
0.779931,0.98279,0.287401,0.462116,1.0,1.0,1.0,1.0,1.0,0.0,0.372937,0.370173,0.248938,0.14805,0,quiet,random,,,
0.954975,0.95332,0.860444,0.563762,1.0,1.0,1.0,1.0,1.0,1.0,0.446773,0.589374,0.60412,0.814405,2,strange,random,,,
0.443028,0.340037,0.181404,0.51362,1.0,0.0,0.0,0.0,1.0,0.0,0.458868,0.943849,0.256366,0.291931,2,strange,random,,,
0.387937,0.778223,0.449234,0.208866,0,0,1,1,1,0,0.208358,0.8963,0.199728,0.181706,0,quiet,controlled_contrast,rainy_room,rainy_room_025,weird_high
0.451288,0.821652,0.682085,0.852222,1.0,0.0,1.0,1.0,1.0,1.0,0.654677,0.744843,0.071746,0.320588,2,strange,random,,,
0.379253,0.551646,0.629299,0.457469,1.0,0.0,0.0,1.0,1.0,0.0,0.165463,0.336695,0.522203,0.589778,3,lonely,random,,,
0.406642,0.357089,0.45963,0.049242,0.0,0.0,0.0,1.0,1.0,0.0,0.334205,0.308524,0.162415,0.117529,0,quiet,random,,,
0.395291,0.355953,0.725382,0.998024,1.0,0.0,0.0,1.0,1.0,1.0,0.952519,0.514424,0.719076,0.427147,2,strange,random,,,
0.078567,0.160047,0.780115,0.510335,1.0,0.0,0.0,1.0,1.0,1.0,0.661921,0.089003,0.337043,0.730117,0,quiet,random,,,
0.41587,0.728563,0.724365,0.745234,0,0,1,1,1,1,0.89956,0.201173,0.212753,0.202019,0,quiet,controlled_contrast,stormy_weather,stormy_weather_003,calm_high
0.730771,0.24666,0.0,0.138023,1,0,0,0,0,0,0.203555,0.201231,0.22576,0.872047,3,lonely,controlled_contrast,clear_day,clear_day_055,lonely_high
0.830845,0.765083,0.207473,0.245347,1.0,1.0,1.0,1.0,1.0,0.0,0.347118,0.078558,0.338795,0.202753,1,warm,random,,,
0.196603,0.568967,0.641758,0.022128,0.0,0.0,0.0,1.0,1.0,0.0,0.764822,0.448235,0.387289,0.055607,0,quiet,random,,,
0.883486,0.438035,0.759876,0.495649,1.0,1.0,0.0,1.0,1.0,1.0,0.127267,0.17102,0.703808,0.260696,1,warm,random,,,
0.08607,0.847483,0.027186,0.993443,1.0,0.0,1.0,0.0,0.0,0.0,0.737397,0.243196,0.722695,0.577797,1,warm,random,,,
0.751726,0.234695,0.0,0.155301,1,0,0,0,0,0,0.204667,0.183265,0.90961,0.196583,1,warm,controlled_contrast,clear_day,clear_day_020,warm_high
0.120303,0.643077,0.82772,0.577067,1.0,0.0,0.0,1.0,1.0,1.0,0.647597,0.854618,0.596643,0.053982,2,strange,random,,,
0.206682,0.109895,0.049235,0.000974,0.0,0.0,0.0,0.0,0.0,0.0,0.578019,0.358585,0.158805,0.735433,3,lonely,random,,,
0.765782,0.735266,0.00294,0.108248,1.0,1.0,0.0,0.0,1.0,0.0,0.742601,0.581626,0.387057,0.953526,3,lonely,random,,,
0.518874,0.803886,0.113318,0.141545,0,0,1,0,1,0,0.215181,0.910865,0.220968,0.185303,3,lonely,controlled_contrast,humid_night,humid_night_005,weird_high
0.703375,0.197223,0.403035,0.132388,1.0,0.0,0.0,1.0,1.0,0.0,0.355524,0.310489,0.727655,0.073044,1,warm,random,,,
0.762085,0.62081,0.56811,0.656956,1.0,1.0,0.0,1.0,1.0,0.0,0.201025,0.641015,0.135302,0.71109,3,lonely,random,,,
0.418221,0.502322,0.03608,0.037917,1.0,0.0,0.0,0.0,0.0,0.0,0.578856,0.39349,0.630763,0.54385,1,warm,random,,,
0.921202,0.909184,0.025524,0.583518,0.0,1.0,1.0,0.0,1.0,0.0,0.561248,0.251505,0.7878,0.605903,3,lonely,random,,,
0.666901,0.181119,0.392869,0.166323,1.0,0.0,0.0,1.0,1.0,0.0,0.570189,0.996141,0.501751,0.225146,0,quiet,random,,,
0.490242,0.258714,0.043628,0.187892,1,0,0,0,0,0,0.192986,0.206702,0.194676,0.893868,3,lonely,controlled_contrast,neutral_weather,neutral_weather_073,lonely_high
0.75915,0.153305,0.012256,0.547679,0.0,1.0,0.0,0.0,0.0,0.0,0.659154,0.879318,0.093777,0.441854,2,strange,random,,,
0.75912,0.227025,0.0,0.154651,1,0,0,0,0,0,0.198378,0.901052,0.210056,0.19846,1,warm,controlled_contrast,clear_day,clear_day_001,weird_high
0.451241,0.747714,0.449132,0.199429,0,0,1,1,1,0,0.196163,0.216893,0.172852,0.887678,3,lonely,controlled_contrast,rainy_room,rainy_room_053,lonely_high
0.914412,0.25203,0.119448,0.076157,1.0,1.0,0.0,0.0,1.0,0.0,0.134187,0.383844,0.885919,0.221328,1,warm,random,,,
0.834874,0.012137,0.829253,0.626944,1.0,1.0,0.0,1.0,1.0,1.0,0.330999,0.201634,0.297226,0.330792,2,strange,random,,,
0.891042,0.555326,0.291821,0.479929,1.0,1.0,0.0,1.0,1.0,0.0,0.86676,0.093982,0.34226,0.713243,0,quiet,random,,,
0.425916,0.814611,0.084313,0.129347,0,0,1,0,1,0,0.900737,0.215992,0.206892,0.197313,0,quiet,controlled_contrast,humid_night,humid_night_062,calm_high
0.089742,0.466643,0.203605,0.688326,0.0,0.0,0.0,1.0,1.0,0.0,0.792209,0.672745,0.061151,0.191249,0,quiet,random,,,
0.488173,0.790434,0.711747,0.736614,0,0,1,1,1,1,0.204148,0.218888,0.901931,0.221406,3,lonely,controlled_contrast,stormy_weather,stormy_weather_007,warm_high
0.390429,0.968036,0.660964,0.39949,0.0,0.0,1.0,1.0,1.0,0.0,0.527742,0.509462,0.538494,0.095189,0,quiet,random,,,
0.483239,0.234496,0.056259,0.164723,1,0,0,0,0,0,0.200103,0.227964,0.208482,0.924186,3,lonely,controlled_contrast,neutral_weather,neutral_weather_010,lonely_high
0.52196,0.194574,0.005094,0.194802,1.0,0.0,0.0,0.0,0.0,0.0,0.412766,0.173101,0.755855,0.706157,1,warm,random,,,
0.453906,0.753298,0.453886,0.207679,0,0,1,1,1,0,0.193497,0.208266,0.192283,0.903127,3,lonely,controlled_contrast,rainy_room,rainy_room_040,lonely_high
0.048509,0.623981,0.170241,0.994969,1.0,0.0,0.0,0.0,1.0,0.0,0.190031,0.803493,0.192218,0.193871,2,strange,random,,,
0.496625,0.298095,0.0507,0.149252,1,0,0,0,0,0,0.905211,0.20549,0.193932,0.190534,0,quiet,controlled_contrast,neutral_weather,neutral_weather_079,calm_high
0.813103,0.674076,0.664055,0.56549,0.0,1.0,0.0,1.0,1.0,1.0,0.712143,0.162583,0.942674,0.354785,1,warm,random,,,
0.7955,0.548881,0.100054,0.857176,0.0,1.0,0.0,0.0,1.0,0.0,0.680072,0.594003,0.325498,0.643131,3,lonely,random,,,
0.716959,0.499881,0.001963,0.313105,0.0,0.0,0.0,0.0,0.0,0.0,0.857321,0.111479,0.420539,0.169358,0,quiet,random,,,
0.208489,0.79961,0.164313,0.270875,0.0,0.0,1.0,0.0,1.0,0.0,0.414342,0.109328,0.766642,0.338536,3,lonely,random,,,
0.840908,0.700149,0.023991,0.324226,1.0,1.0,0.0,0.0,0.0,0.0,0.967092,0.652976,0.108631,0.682659,1,warm,random,,,
0.929831,0.540828,0.070422,0.205619,1.0,1.0,0.0,0.0,0.0,0.0,0.647657,0.672118,0.634261,0.595757,1,warm,random,,,
0.643852,0.048369,0.727933,0.000252,1.0,0.0,0.0,1.0,1.0,0.0,0.237963,0.474636,0.305562,0.167707,0,quiet,random,,,
0.916562,0.727429,0.169408,0.546075,1.0,1.0,0.0,0.0,1.0,0.0,0.15302,0.872106,0.379421,0.564314,1,warm,random,,,
0.748462,0.917089,0.061503,0.041264,1.0,0.0,1.0,0.0,0.0,0.0,0.355418,0.374763,0.206566,0.083865,0,quiet,random,,,
0.841166,0.006523,0.212432,0.684162,0.0,1.0,0.0,1.0,1.0,0.0,0.252761,0.786962,0.322602,0.10419,2,strange,random,,,
0.313996,0.168573,0.291767,0.139786,0.0,0.0,0.0,1.0,1.0,0.0,0.70824,0.636157,0.997309,0.370883,0,quiet,random,,,
0.485183,0.812857,0.714474,0.73985,0,0,1,1,1,1,0.236841,0.190432,0.904252,0.197848,3,lonely,controlled_contrast,stormy_weather,stormy_weather_032,warm_high
0.470795,0.355812,0.875884,0.552365,0.0,0.0,0.0,1.0,1.0,1.0,0.390677,0.433624,0.178518,0.678403,3,lonely,random,,,
0.972973,0.805278,0.845718,0.884125,0.0,1.0,1.0,1.0,1.0,1.0,0.876367,0.466026,0.345278,0.581105,0,quiet,random,,,
0.482738,0.768838,0.014083,0.865195,0.0,0.0,1.0,0.0,1.0,0.0,0.425727,0.131547,0.095711,0.68033,3,lonely,random,,,
0.474633,0.840555,0.03555,0.100491,0,0,1,0,1,0,0.179051,0.208087,0.908921,0.198936,3,lonely,controlled_contrast,humid_night,humid_night_006,warm_high
0.257154,0.742365,0.658709,0.968222,1.0,0.0,0.0,1.0,1.0,1.0,0.818246,0.628427,0.565763,0.580828,2,strange,random,,,
0.354301,0.219175,0.671754,0.501784,0.0,0.0,0.0,1.0,1.0,1.0,0.31584,0.850597,0.719255,0.654953,2,strange,random,,,
0.075141,0.746344,0.12369,0.299907,0.0,0.0,0.0,0.0,1.0,0.0,0.05315,0.116548,0.327848,0.230586,3,lonely,random,,,
0.45178,0.783866,0.701239,0.72033,0,0,1,1,1,1,0.213381,0.198397,0.903487,0.210806,3,lonely,controlled_contrast,stormy_weather,stormy_weather_036,warm_high
0.428645,0.779374,0.736634,0.768967,0,0,1,1,1,1,0.192811,0.908081,0.187851,0.201497,2,strange,controlled_contrast,stormy_weather,stormy_weather_025,weird_high
0.543171,0.370716,0.012393,0.15017,0.0,0.0,0.0,0.0,0.0,0.0,0.089109,0.075064,0.081426,0.050789,3,lonely,random,,,
0.613094,0.094322,0.901818,0.979157,1.0,0.0,0.0,1.0,1.0,1.0,0.17273,0.447795,0.719303,0.350093,2,strange,random,,,
0.109334,0.410625,0.046565,0.162516,1.0,0.0,0.0,0.0,0.0,0.0,0.365787,0.7824,0.070103,0.419795,2,strange,random,,,
0.100268,0.553961,0.12318,0.139495,1.0,0.0,0.0,0.0,1.0,0.0,0.218682,0.671341,0.53347,0.321026,1,warm,random,,,
0.300843,0.732662,0.381174,0.040997,1.0,0.0,0.0,1.0,1.0,0.0,0.466852,0.984736,0.104781,0.19379,0,quiet,random,,,
0.213679,0.654781,0.259969,0.590825,1.0,0.0,0.0,1.0,1.0,0.0,0.216138,0.995363,0.477371,0.121237,2,strange,random,,,
0.789697,0.127607,0.009395,0.285462,0.0,1.0,0.0,0.0,0.0,0.0,0.421131,0.766913,0.131032,0.087904,2,strange,random,,,
0.413557,0.799904,0.452945,0.183852,0,0,1,1,1,0,0.19284,0.201218,0.189961,0.8714,3,lonely,controlled_contrast,rainy_room,rainy_room_041,lonely_high
0.783548,0.453638,0.2191,0.47537,0.0,1.0,0.0,1.0,1.0,0.0,0.431923,0.493887,0.310594,0.836218,3,lonely,random,,,
0.969425,0.68906,0.137454,0.312545,0.0,1.0,0.0,0.0,1.0,0.0,0.726987,0.071409,0.931202,0.337506,1,warm,random,,,
0.64653,0.77642,0.759303,0.489306,0.0,0.0,1.0,1.0,1.0,1.0,0.183069,0.069454,0.738612,0.640121,3,lonely,random,,,
0.549853,0.302731,0.943155,0.18352,0.0,0.0,0.0,1.0,1.0,0.0,0.726024,0.61118,0.139578,0.089878,0,quiet,random,,,
0.321065,0.504017,0.363484,0.855645,1.0,0.0,0.0,1.0,1.0,0.0,0.559584,0.929062,0.396823,0.308145,2,strange,random,,,
0.701652,0.263011,0.0,0.111952,1,0,0,0,0,0,0.202206,0.21574,0.195622,0.905311,3,lonely,controlled_contrast,clear_day,clear_day_005,lonely_high
0.737988,0.385945,0.897023,0.577207,1.0,0.0,0.0,1.0,1.0,1.0,0.865605,0.571169,0.540751,0.684627,2,strange,random,,,
0.592805,0.08488,0.658519,0.897538,1.0,0.0,0.0,1.0,1.0,1.0,0.648708,0.889616,0.596608,0.490155,2,strange,random,,,
0.51071,0.377405,0.226583,0.243562,0.0,0.0,0.0,1.0,1.0,0.0,0.291821,0.546863,0.403591,0.492915,3,lonely,random,,,
0.260842,0.222518,0.58756,0.113526,0.0,0.0,0.0,1.0,1.0,0.0,0.063067,0.25202,0.920436,0.228433,3,lonely,random,,,
0.016092,0.113502,0.136326,0.026084,1.0,0.0,0.0,0.0,1.0,0.0,0.731509,0.640794,0.709438,0.469035,1,warm,random,,,
0.287388,0.428007,0.034971,0.627627,0.0,0.0,0.0,0.0,0.0,0.0,0.22267,0.475446,0.671042,0.61644,3,lonely,random,,,
0.479695,0.276863,0.045971,0.212916,1,0,0,0,0,0,0.909392,0.194824,0.203133,0.191746,0,quiet,controlled_contrast,neutral_weather,neutral_weather_077,calm_high
0.282196,0.214337,0.555689,0.575431,1.0,0.0,0.0,1.0,1.0,0.0,0.322985,0.362832,0.199925,0.416837,0,quiet,random,,,
0.220696,0.464113,0.628401,0.130311,0.0,0.0,0.0,1.0,1.0,0.0,0.206954,0.119423,0.055901,0.156123,3,lonely,random,,,
0.442672,0.795133,0.749037,0.707378,0,0,1,1,1,1,0.221596,0.210497,0.890654,0.181446,3,lonely,controlled_contrast,stormy_weather,stormy_weather_059,warm_high
0.152079,0.153234,0.093879,0.522501,1.0,0.0,0.0,0.0,1.0,0.0,0.095585,0.802524,0.181117,0.391843,2,strange,random,,,
0.448095,0.468704,0.33234,0.316245,1.0,0.0,0.0,1.0,1.0,0.0,0.648909,0.138548,0.735298,0.32347,1,warm,random,,,
0.343758,0.297858,0.720761,0.357615,1.0,0.0,0.0,1.0,1.0,0.0,0.620444,0.375484,0.094658,0.217249,0,quiet,random,,,
0.035275,0.027209,0.668667,0.556562,0.0,0.0,0.0,1.0,1.0,1.0,0.515753,0.519637,0.990456,0.457363,2,strange,random,,,
0.486521,0.821449,0.118301,0.09144,0,0,1,0,1,0,0.197538,0.916497,0.201968,0.207066,3,lonely,controlled_contrast,humid_night,humid_night_025,weird_high
0.377789,0.39919,0.310531,0.692164,0.0,0.0,0.0,1.0,1.0,0.0,0.338963,0.6095,0.467092,0.787512,3,lonely,random,,,
0.432216,0.786528,0.722484,0.68929,0,0,1,1,1,1,0.917637,0.196281,0.205877,0.206803,0,quiet,controlled_contrast,stormy_weather,stormy_weather_018,calm_high
0.055057,0.73173,0.273348,0.005781,0.0,0.0,0.0,1.0,1.0,0.0,0.67832,0.55366,0.687395,0.122198,0,quiet,random,,,
0.369338,0.802307,0.43594,0.179186,0,0,1,1,1,0,0.200595,0.206798,0.910515,0.196022,3,lonely,controlled_contrast,rainy_room,rainy_room_008,warm_high
0.692994,0.815233,0.934717,0.905469,1.0,0.0,1.0,1.0,1.0,1.0,0.087085,0.715459,0.714617,0.717307,2,strange,random,,,
0.619017,0.145487,0.820274,0.764972,0.0,0.0,0.0,1.0,1.0,1.0,0.365739,0.990096,0.643817,0.08351,2,strange,random,,,
0.139876,0.866341,0.700542,0.818731,0.0,0.0,1.0,1.0,1.0,1.0,0.396427,0.577651,0.084366,0.28198,2,strange,random,,,
0.035004,0.781497,0.336587,0.096132,1.0,0.0,1.0,1.0,1.0,0.0,0.670668,0.279789,0.409668,0.939935,0,quiet,random,,,
0.70667,0.042102,0.750024,0.105377,1.0,0.0,0.0,1.0,1.0,0.0,0.581299,0.538916,0.747099,0.355111,0,quiet,random,,,
0.414734,0.796917,0.500263,0.200343,0,0,1,1,1,0,0.892638,0.19199,0.21923,0.196275,0,quiet,controlled_contrast,rainy_room,rainy_room_028,calm_high
0.453957,0.785201,0.439411,0.183513,0,0,1,1,1,0,0.201304,0.908517,0.225602,0.215292,3,lonely,controlled_contrast,rainy_room,rainy_room_030,weird_high
0.904904,0.952668,0.646574,0.000611,1.0,1.0,1.0,1.0,1.0,0.0,0.762062,0.237348,0.189947,0.127927,0,quiet,random,,,
0.65341,0.992682,0.558581,0.590898,1.0,0.0,1.0,1.0,1.0,0.0,0.634387,0.212722,0.300897,0.732593,0,quiet,random,,,
0.984411,0.98949,0.617453,0.089319,1.0,1.0,1.0,1.0,1.0,0.0,0.255212,0.750681,0.245712,0.251251,0,quiet,random,,,
0.13512,0.329453,0.890067,0.603756,0.0,0.0,0.0,1.0,1.0,1.0,0.145445,0.783531,0.582926,0.458145,2,strange,random,,,
0.056809,0.943211,0.811038,0.217438,1.0,0.0,1.0,1.0,1.0,0.0,0.065059,0.28799,0.068178,0.6758,3,lonely,random,,,
0.10208,0.234482,0.309808,0.101077,1.0,0.0,0.0,1.0,1.0,0.0,0.878363,0.065651,0.062702,0.414293,0,quiet,random,,,
0.483625,0.61882,0.160354,0.928876,1.0,0.0,0.0,0.0,1.0,0.0,0.171524,0.233874,0.451827,0.066703,1,warm,random,,,
0.818594,0.445714,0.425006,0.0125,1.0,1.0,0.0,1.0,1.0,0.0,0.851757,0.061546,0.287801,0.699689,0,quiet,random,,,
0.294139,0.885425,0.016167,0.218687,0.0,0.0,1.0,0.0,1.0,0.0,0.99774,0.071713,0.449843,0.54081,3,lonely,random,,,
0.701363,0.640832,0.10158,0.951409,1.0,0.0,0.0,0.0,1.0,0.0,0.376204,0.733547,0.683591,0.937708,3,lonely,random,,,
0.023105,0.848915,0.019708,0.387699,0.0,0.0,1.0,0.0,0.0,0.0,0.140622,0.884067,0.523008,0.137873,2,strange,random,,,
0.071883,0.08936,0.899856,0.880608,0.0,0.0,0.0,1.0,1.0,1.0,0.16694,0.605319,0.777816,0.661797,2,strange,random,,,
0.560809,0.9316,0.291594,0.002264,1.0,0.0,1.0,1.0,1.0,0.0,0.349602,0.482034,0.113861,0.72242,0,quiet,random,,,
0.8916,0.566769,0.61358,0.129546,1.0,1.0,0.0,1.0,1.0,0.0,0.28774,0.064385,0.823053,0.10705,1,warm,random,,,
0.011669,0.13336,0.101751,0.374475,0.0,0.0,0.0,0.0,1.0,0.0,0.724865,0.626993,0.199977,0.864854,3,lonely,random,,,
0.518874,0.803886,0.113318,0.141545,0,0,1,0,1,0,0.90516,0.196953,0.196973,0.207782,0,quiet,controlled_contrast,humid_night,humid_night_005,calm_high
0.693827,0.890988,0.035006,0.000365,0.0,0.0,1.0,0.0,1.0,0.0,0.635098,0.707289,0.617943,0.762659,3,lonely,random,,,
0.525548,0.840425,0.098325,0.138125,0,0,1,0,1,0,0.184535,0.889225,0.215741,0.204056,3,lonely,controlled_contrast,humid_night,humid_night_053,weird_high
0.42489,0.757773,0.713745,0.75523,0,0,1,1,1,1,0.202907,0.192611,0.902662,0.192634,3,lonely,controlled_contrast,stormy_weather,stormy_weather_055,warm_high
0.519777,0.485477,0.029026,0.015884,1.0,0.0,0.0,0.0,0.0,0.0,0.631032,0.183404,0.141829,0.928775,3,lonely,random,,,
0.527197,0.212754,0.021069,0.221983,1,0,0,0,0,0,0.888545,0.179286,0.195311,0.20363,0,quiet,controlled_contrast,neutral_weather,neutral_weather_036,calm_high
0.301481,0.058288,0.044387,0.608752,0.0,0.0,0.0,0.0,0.0,0.0,0.291218,0.350234,0.588084,0.979647,3,lonely,random,,,
0.678879,0.717474,0.000733,0.675184,1.0,0.0,0.0,0.0,1.0,0.0,0.750455,0.473496,0.545162,0.513893,1,warm,random,,,
0.427709,0.274714,0.001575,0.350904,1.0,0.0,0.0,0.0,0.0,0.0,0.257023,0.160271,0.863101,0.240699,1,warm,random,,,
0.505224,0.284184,0.078797,0.189166,1,0,0,0,0,0,0.886672,0.19636,0.195784,0.178724,0,quiet,controlled_contrast,neutral_weather,neutral_weather_014,calm_high
0.595076,0.843554,0.313833,0.300673,0.0,0.0,1.0,1.0,1.0,0.0,0.135916,0.452264,0.473285,0.608842,3,lonely,random,,,
0.482986,0.226651,0.948308,0.552249,1.0,0.0,0.0,1.0,1.0,1.0,0.516987,0.416487,0.73829,0.17969,2,strange,random,,,
0.803735,0.600711,0.880119,0.017804,1.0,1.0,0.0,1.0,1.0,0.0,0.51327,0.441793,0.304601,0.552929,0,quiet,random,,,
0.928888,0.692673,0.424745,0.090459,0.0,1.0,0.0,1.0,1.0,0.0,0.072713,0.764137,0.747985,0.640204,3,lonely,random,,,
0.477323,0.452149,0.788456,0.598487,1.0,0.0,0.0,1.0,1.0,1.0,0.095777,0.810291,0.420842,0.476678,2,strange,random,,,
0.015556,0.015745,0.483602,0.82147,1.0,0.0,0.0,1.0,1.0,0.0,0.423362,0.420083,0.302571,0.286581,0,quiet,random,,,
0.576331,0.983179,0.833214,0.636752,0.0,0.0,1.0,1.0,1.0,1.0,0.220973,0.215373,0.114616,0.36449,3,lonely,random,,,
0.779947,0.345214,0.100638,0.261252,1.0,1.0,0.0,0.0,1.0,0.0,0.691341,0.507018,0.867408,0.690908,1,warm,random,,,
0.197318,0.374486,0.831984,0.992566,1.0,0.0,0.0,1.0,1.0,1.0,0.658784,0.379815,0.14586,0.685922,2,strange,random,,,
0.01365,0.267337,0.186422,0.698665,1.0,0.0,0.0,0.0,1.0,0.0,0.30955,0.71612,0.304369,0.252003,1,warm,random,,,
0.42564,0.791142,0.440276,0.150331,0,0,1,1,1,0,0.871512,0.219879,0.213217,0.201897,0,quiet,controlled_contrast,rainy_room,rainy_room_076,calm_high
0.766004,0.2136,0.020877,0.188472,1,0,0,0,0,0,0.215025,0.188079,0.213963,0.882415,3,lonely,controlled_contrast,clear_day,clear_day_079,lonely_high
0.597292,0.207389,0.862005,0.899564,1.0,0.0,0.0,1.0,1.0,1.0,0.701396,0.440327,0.741467,0.788884,2,strange,random,,,
0.923656,0.701261,0.000538,0.585892,1.0,1.0,0.0,0.0,1.0,0.0,0.145961,0.085569,0.514579,0.728511,1,warm,random,,,
0.945142,0.823551,0.072272,0.589065,1.0,1.0,1.0,0.0,1.0,0.0,0.092188,0.373102,0.878399,0.172332,1,warm,random,,,
0.160413,0.784276,0.73461,0.954978,1.0,0.0,1.0,1.0,1.0,1.0,0.232737,0.616318,0.329628,0.748536,2,strange,random,,,
0.753148,0.593133,0.691032,0.995881,1.0,1.0,0.0,1.0,1.0,1.0,0.605856,0.861914,0.538027,0.620735,2,strange,random,,,
0.653789,0.233953,0.115489,0.862673,1.0,0.0,0.0,0.0,1.0,0.0,0.053632,0.652633,0.143011,0.451999,2,strange,random,,,
0.289854,0.353833,0.131376,0.409838,0.0,0.0,0.0,0.0,1.0,0.0,0.058225,0.124908,0.310512,0.580636,3,lonely,random,,,
0.450492,0.349487,0.3692,0.564174,0.0,0.0,0.0,1.0,1.0,0.0,0.087632,0.425679,0.748706,0.588729,3,lonely,random,,,
0.581156,0.190711,0.085447,0.373515,0.0,0.0,0.0,0.0,1.0,0.0,0.620149,0.341908,0.939337,0.067167,1,warm,random,,,
0.574256,0.398875,0.799239,0.668363,0.0,0.0,0.0,1.0,1.0,1.0,0.71418,0.97138,0.564478,0.567494,2,strange,random,,,
0.451931,0.264526,0.0,0.20531,1,0,0,0,0,0,0.201441,0.886779,0.188802,0.195025,1,warm,controlled_contrast,neutral_weather,neutral_weather_002,weird_high
0.404418,0.803337,0.742406,0.670048,0,0,1,1,1,1,0.189748,0.215794,0.893074,0.184611,3,lonely,controlled_contrast,stormy_weather,stormy_weather_066,warm_high
0.207293,0.070198,0.66502,0.558697,1.0,0.0,0.0,1.0,1.0,1.0,0.187551,0.701579,0.317038,0.170865,2,strange,random,,,
0.457871,0.211359,0.050248,0.207994,1,0,0,0,0,0,0.19792,0.20659,0.194929,0.894559,3,lonely,controlled_contrast,neutral_weather,neutral_weather_054,lonely_high
0.818107,0.358301,0.056611,0.063781,0.0,1.0,0.0,0.0,0.0,0.0,0.246877,0.441219,0.707469,0.978567,3,lonely,random,,,
0.407002,0.123432,0.42852,0.592188,1.0,0.0,0.0,1.0,1.0,0.0,0.249823,0.283107,0.100694,0.880163,3,lonely,random,,,
0.242336,0.037285,0.982384,0.66155,0.0,0.0,0.0,1.0,1.0,1.0,0.317686,0.132411,0.142045,0.458172,3,lonely,random,,,
0.860336,0.863044,0.793195,0.687617,0.0,1.0,1.0,1.0,1.0,1.0,0.313474,0.664195,0.133154,0.084524,2,strange,random,,,
0.869385,0.92245,0.170818,0.407587,1.0,1.0,1.0,0.0,1.0,0.0,0.22582,0.824503,0.354379,0.590822,1,warm,random,,,
0.963182,0.578987,0.906451,0.099147,1.0,1.0,0.0,1.0,1.0,0.0,0.515377,0.266844,0.419999,0.480086,0,quiet,random,,,
0.487139,0.265078,0.036201,0.172238,1,0,0,0,0,0,0.191258,0.217447,0.20836,0.914948,3,lonely,controlled_contrast,neutral_weather,neutral_weather_013,lonely_high
0.516411,0.441906,0.263701,0.010338,1.0,0.0,0.0,1.0,1.0,0.0,0.362381,0.85654,0.284672,0.44449,0,quiet,random,,,
0.413827,0.789132,0.449986,0.209663,0,0,1,1,1,0,0.895343,0.204265,0.196679,0.191642,0,quiet,controlled_contrast,rainy_room,rainy_room_026,calm_high
0.849564,0.252131,0.880483,0.661211,1.0,1.0,0.0,1.0,1.0,1.0,0.347765,0.347488,0.400508,0.389397,2,strange,random,,,
0.928257,0.519022,0.318864,0.290269,1.0,1.0,0.0,1.0,1.0,0.0,0.055958,0.709172,0.184257,0.867915,3,lonely,random,,,
0.9112,0.323818,0.007017,0.867123,1.0,1.0,0.0,0.0,0.0,0.0,0.120532,0.264357,0.064558,0.981954,1,warm,random,,,
0.079756,0.052388,0.380002,0.506744,1.0,0.0,0.0,1.0,1.0,0.0,0.122498,0.525763,0.555865,0.508473,1,warm,random,,,
0.416678,0.853263,0.016881,0.401482,1.0,0.0,1.0,0.0,1.0,0.0,0.207679,0.173606,0.075402,0.680548,3,lonely,random,,,
0.70412,0.268628,0.015835,0.184795,1,0,0,0,0,0,0.908357,0.208916,0.217306,0.209887,0,quiet,controlled_contrast,clear_day,clear_day_045,calm_high
0.770362,0.205564,0.653865,0.500317,1.0,1.0,0.0,1.0,1.0,1.0,0.434681,0.850014,0.519819,0.722203,2,strange,random,,,
0.717739,0.252701,0.0,0.140951,1,0,0,0,0,0,0.201932,0.17732,0.914304,0.203001,1,warm,controlled_contrast,clear_day,clear_day_039,warm_high
0.997695,0.299229,0.0081,0.827095,1.0,1.0,0.0,0.0,0.0,0.0,0.61993,0.509721,0.618627,0.644568,1,warm,random,,,
0.503865,0.496617,0.033847,0.04221,1.0,0.0,0.0,0.0,0.0,0.0,0.307299,0.251592,0.412835,0.69495,1,warm,random,,,
0.869341,0.051548,0.385491,0.014618,1.0,1.0,0.0,1.0,1.0,0.0,0.236533,0.606911,0.341265,0.51394,1,warm,random,,,
0.514541,0.82359,0.06634,0.116058,0,0,1,0,1,0,0.909247,0.205848,0.177065,0.198663,0,quiet,controlled_contrast,humid_night,humid_night_070,calm_high
0.960532,0.685404,0.658099,0.598214,1.0,1.0,0.0,1.0,1.0,1.0,0.129317,0.722279,0.714415,0.42946,2,strange,random,,,
0.585542,0.736128,0.218299,0.00662,0.0,0.0,0.0,1.0,1.0,0.0,0.343631,0.717457,0.860052,0.296971,3,lonely,random,,,
0.436036,0.662151,0.004461,0.669478,0.0,0.0,0.0,0.0,0.0,0.0,0.184637,0.780308,0.207834,0.123242,2,strange,random,,,
0.218157,0.247074,6.9e-05,0.032766,1.0,0.0,0.0,0.0,0.0,0.0,0.202892,0.841087,0.633403,0.386748,1,warm,random,,,
0.051904,0.978135,0.263346,0.010438,1.0,0.0,1.0,1.0,1.0,0.0,0.571845,0.654786,0.632155,0.608491,0,quiet,random,,,
0.443866,0.845613,0.068583,0.333759,0.0,0.0,1.0,0.0,1.0,0.0,0.733835,0.594105,0.981311,0.28776,3,lonely,random,,,
0.296035,0.067467,0.290814,0.306191,1.0,0.0,0.0,1.0,1.0,0.0,0.727662,0.297525,0.072221,0.160903,0,quiet,random,,,
0.800466,0.93055,0.605739,0.173254,0.0,1.0,1.0,1.0,1.0,0.0,0.569931,0.422392,0.807976,0.538612,0,quiet,random,,,
0.604114,0.493665,0.090806,0.948637,1.0,0.0,0.0,0.0,1.0,0.0,0.575815,0.143381,0.057484,0.315927,3,lonely,random,,,
0.656024,0.857742,0.268748,0.951505,0.0,0.0,1.0,1.0,1.0,0.0,0.948846,0.065897,0.094232,0.66604,0,quiet,random,,,
0.637887,0.157846,0.316095,0.834931,1.0,0.0,0.0,1.0,1.0,0.0,0.309938,0.729255,0.190571,0.439221,2,strange,random,,,
0.406685,0.78765,0.727486,0.732764,0,0,1,1,1,1,0.191291,0.91961,0.203384,0.205464,2,strange,controlled_contrast,stormy_weather,stormy_weather_074,weird_high
0.6909,0.358472,0.862478,0.883896,1.0,0.0,0.0,1.0,1.0,1.0,0.29008,0.744282,0.10854,0.193533,2,strange,random,,,
0.090971,0.362899,0.31403,0.125056,0.0,0.0,0.0,1.0,1.0,0.0,0.564292,0.509168,0.243832,0.488364,3,lonely,random,,,
0.337742,0.998233,0.008674,0.146439,0.0,0.0,1.0,0.0,1.0,0.0,0.579481,0.921655,0.069336,0.313168,3,lonely,random,,,
0.58532,0.551881,0.261081,0.462994,0.0,0.0,0.0,1.0,1.0,0.0,0.643375,0.224764,0.981462,0.44919,3,lonely,random,,,
0.253814,0.814385,0.768989,0.530096,1.0,0.0,1.0,1.0,1.0,1.0,0.669033,0.953851,0.511775,0.593746,2,strange,random,,,
0.428484,0.756601,0.727773,0.733211,0,0,1,1,1,1,0.195438,0.22419,0.891247,0.19531,3,lonely,controlled_contrast,stormy_weather,stormy_weather_030,warm_high
0.053894,0.809542,0.056281,0.617005,1.0,0.0,1.0,0.0,1.0,0.0,0.613696,0.683574,0.963819,0.351984,1,warm,random,,,
0.471651,0.834391,0.092504,0.087796,1.0,0.0,1.0,0.0,1.0,0.0,0.425111,0.382974,0.315587,0.4947,3,lonely,random,,,
0.4421,0.781513,0.466002,0.148312,0,0,1,1,1,0,0.906704,0.198249,0.187221,0.172266,0,quiet,controlled_contrast,rainy_room,rainy_room_033,calm_high
0.441954,0.81054,0.704181,0.726959,0,0,1,1,1,1,0.188846,0.889911,0.201478,0.210113,2,strange,controlled_contrast,stormy_weather,stormy_weather_011,weird_high
0.452341,0.81282,0.45624,0.198754,0,0,1,1,1,0,0.190188,0.898048,0.217242,0.192787,3,lonely,controlled_contrast,rainy_room,rainy_room_038,weird_high
0.459981,0.147608,0.086266,0.60611,1.0,0.0,0.0,0.0,1.0,0.0,0.144242,0.080408,0.683303,0.313684,1,warm,random,,,
0.407964,0.820116,0.597203,0.072831,0.0,0.0,1.0,1.0,1.0,0.0,0.408495,0.12307,0.577843,0.997198,3,lonely,random,,,
0.601156,0.620034,0.735789,0.499799,0.0,0.0,0.0,1.0,1.0,1.0,0.245379,0.676495,0.446907,0.405287,2,strange,random,,,
0.373121,0.636083,0.393806,0.011324,0.0,0.0,0.0,1.0,1.0,0.0,0.469497,0.74788,0.389688,0.451101,3,lonely,random,,,
0.717739,0.252701,0.0,0.140951,1,0,0,0,0,0,0.218381,0.199273,0.20909,0.907701,3,lonely,controlled_contrast,clear_day,clear_day_039,lonely_high
0.724055,0.410302,0.960036,0.994888,0.0,0.0,0.0,1.0,1.0,1.0,0.137516,0.564208,0.144462,0.079925,2,strange,random,,,
0.693856,0.939831,0.019437,0.011013,1.0,0.0,1.0,0.0,1.0,0.0,0.910535,0.509026,0.574669,0.306475,0,quiet,random,,,
0.317432,0.95789,0.140804,0.540783,1.0,0.0,1.0,0.0,1.0,0.0,0.337078,0.4705,0.14112,0.552661,3,lonely,random,,,
0.42249,0.811286,0.448379,0.230857,0,0,1,1,1,0,0.196316,0.199863,0.909555,0.226485,3,lonely,controlled_contrast,rainy_room,rainy_room_012,warm_high
0.098407,0.507175,0.467444,0.006859,0.0,0.0,0.0,1.0,1.0,0.0,0.605483,0.229652,0.316586,0.305881,0,quiet,random,,,
0.398592,0.618808,0.180212,0.714648,1.0,0.0,0.0,0.0,1.0,0.0,0.661405,0.355826,0.845442,0.226546,1,warm,random,,,
0.381095,0.612072,0.280182,0.006464,0.0,0.0,0.0,1.0,1.0,0.0,0.212304,0.65118,0.74435,0.287235,3,lonely,random,,,
0.286139,0.955667,0.273691,0.074974,0.0,0.0,1.0,1.0,1.0,0.0,0.328758,0.228915,0.846092,0.29038,3,lonely,random,,,
0.30638,0.939238,0.560751,0.069702,1.0,0.0,1.0,1.0,1.0,0.0,0.110373,0.875595,0.689154,0.62321,3,lonely,random,,,
0.77882,0.257879,0.0,0.133074,1,0,0,0,0,0,0.190008,0.892899,0.200457,0.193087,1,warm,controlled_contrast,clear_day,clear_day_046,weird_high
0.503316,0.219901,0.052777,0.182964,1,0,0,0,0,0,0.890045,0.192486,0.207133,0.201082,0,quiet,controlled_contrast,neutral_weather,neutral_weather_035,calm_high
0.524709,0.502889,0.819822,0.998127,1.0,0.0,0.0,1.0,1.0,1.0,0.924012,0.575289,0.488329,0.716825,2,strange,random,,,
0.046574,0.741113,0.320538,0.383716,1.0,0.0,0.0,1.0,1.0,0.0,0.245785,0.524057,0.198852,0.121478,0,quiet,random,,,
0.995583,0.110193,0.917983,0.561428,1.0,1.0,0.0,1.0,1.0,1.0,0.622562,0.528548,0.327515,0.934784,2,strange,random,,,
0.289959,0.373274,0.792398,0.671877,1.0,0.0,0.0,1.0,1.0,1.0,0.546318,0.600889,0.629377,0.943885,2,strange,random,,,
0.489567,0.666062,0.107745,0.099638,0.0,0.0,0.0,0.0,1.0,0.0,0.060186,0.625782,0.899664,0.741584,3,lonely,random,,,
0.090465,0.932916,0.001263,0.936248,1.0,0.0,1.0,0.0,1.0,0.0,0.836397,0.368932,0.627891,0.474763,1,warm,random,,,
0.564177,0.777792,0.024936,0.006737,0.0,0.0,1.0,0.0,1.0,0.0,0.434629,0.7458,0.394286,0.285565,3,lonely,random,,,
0.558968,0.972745,0.240626,0.06273,1.0,0.0,1.0,1.0,1.0,0.0,0.497521,0.587104,0.505917,0.448166,0,quiet,random,,,
0.400315,0.844728,0.469226,0.154399,0,0,1,1,1,0,0.206335,0.201302,0.907209,0.228405,3,lonely,controlled_contrast,rainy_room,rainy_room_050,warm_high
0.01085,0.770127,0.316351,0.05471,0.0,0.0,1.0,1.0,1.0,0.0,0.698139,0.290437,0.820241,0.159908,0,quiet,random,,,
0.06,0.751874,0.480873,0.582927,1.0,0.0,1.0,1.0,1.0,0.0,0.497475,0.39558,0.894617,0.303919,0,quiet,random,,,
0.547261,0.979554,0.779303,0.002045,0.0,0.0,1.0,1.0,1.0,0.0,0.239049,0.592102,0.641538,0.389959,3,lonely,random,,,
0.803784,0.609238,0.701925,0.184087,0.0,1.0,0.0,1.0,1.0,0.0,0.200238,0.884861,0.63974,0.253278,3,lonely,random,,,
0.201701,0.010928,0.000619,0.739456,1.0,0.0,0.0,0.0,0.0,0.0,0.17114,0.578959,0.782399,0.314917,1,warm,random,,,
0.155935,0.787063,0.348299,0.687446,0.0,0.0,1.0,1.0,1.0,0.0,0.510379,0.743682,0.858567,0.131621,0,quiet,random,,,
0.467304,0.787746,0.737913,0.737994,0,0,1,1,1,1,0.201504,0.21236,0.197642,0.909307,3,lonely,controlled_contrast,stormy_weather,stormy_weather_013,lonely_high
0.578782,0.582952,0.72859,0.833694,1.0,0.0,0.0,1.0,1.0,1.0,0.723426,0.240384,0.586148,0.312338,0,quiet,random,,,
0.018821,0.932024,0.69631,0.42119,1.0,0.0,1.0,1.0,1.0,0.0,0.255478,0.464011,0.619326,0.205078,0,quiet,random,,,
0.078111,0.116154,0.167196,0.240405,1.0,0.0,0.0,0.0,1.0,0.0,0.369987,0.093955,0.367808,0.393188,1,warm,random,,,
0.052916,0.233094,0.635114,0.02777,0.0,0.0,0.0,1.0,1.0,0.0,0.335105,0.171005,0.74212,0.281226,3,lonely,random,,,
0.848764,0.092073,0.75532,0.649499,1.0,1.0,0.0,1.0,1.0,1.0,0.589922,0.966557,0.372535,0.624289,2,strange,random,,,
0.88746,0.565536,0.175147,0.010459,0.0,1.0,0.0,0.0,1.0,0.0,0.606789,0.749612,0.647094,0.726327,3,lonely,random,,,
0.819101,0.01012,0.377931,0.68623,1.0,1.0,0.0,1.0,1.0,0.0,0.181127,0.28858,0.396968,0.576171,1,warm,random,,,
0.797925,0.196578,0.938314,0.967682,1.0,1.0,0.0,1.0,1.0,1.0,0.92093,0.465406,0.243964,0.387028,2,strange,random,,,
0.814766,0.844763,0.934666,0.724858,1.0,1.0,1.0,1.0,1.0,1.0,0.145375,0.589762,0.430851,0.659522,2,strange,random,,,
0.405607,0.774047,0.475735,0.166638,0,0,1,1,1,0,0.19516,0.219192,0.910392,0.181729,3,lonely,controlled_contrast,rainy_room,rainy_room_079,warm_high
0.521159,0.208351,0.681523,0.486188,0.0,0.0,0.0,1.0,1.0,1.0,0.141677,0.604146,0.238835,0.521539,2,strange,random,,,
0.499172,0.354487,0.064533,0.222357,1.0,0.0,0.0,0.0,0.0,0.0,0.275234,0.278256,0.266233,0.11234,1,warm,random,,,
0.517989,0.678815,0.039008,0.294286,1.0,0.0,0.0,0.0,0.0,0.0,0.967993,0.266205,0.304775,0.500641,0,quiet,random,,,
0.452131,0.226592,0.014989,0.200035,1,0,0,0,0,0,0.208657,0.202427,0.885353,0.217843,1,warm,controlled_contrast,neutral_weather,neutral_weather_015,warm_high
0.382991,0.027473,0.839232,0.163053,1.0,0.0,0.0,1.0,1.0,0.0,0.573875,0.72119,0.51209,0.570594,0,quiet,random,,,
0.699937,0.253324,0.008887,0.156802,1,0,0,0,0,0,0.902272,0.195534,0.18175,0.204866,0,quiet,controlled_contrast,clear_day,clear_day_042,calm_high
0.398064,0.150215,0.054035,0.790691,0.0,0.0,0.0,0.0,0.0,0.0,0.626721,0.869658,0.244648,0.136468,2,strange,random,,,
0.466001,0.012828,0.171036,0.09823,1.0,0.0,0.0,0.0,1.0,0.0,0.924393,0.417832,0.189509,0.137569,0,quiet,random,,,
0.637838,0.996233,0.005633,0.368791,1.0,0.0,1.0,0.0,1.0,0.0,0.743448,0.307472,0.254992,0.452419,0,quiet,random,,,
0.440165,0.752407,0.486747,0.18134,0,0,1,1,1,0,0.232902,0.218419,0.211012,0.902363,3,lonely,controlled_contrast,rainy_room,rainy_room_001,lonely_high
0.927443,0.105548,0.317457,0.377542,1.0,1.0,0.0,1.0,1.0,0.0,0.148807,0.239256,0.674839,0.381615,1,warm,random,,,
0.826872,0.23248,0.805882,0.441562,1.0,1.0,0.0,1.0,1.0,0.0,0.338859,0.164246,0.688238,0.112181,1,warm,random,,,
0.438948,0.763676,0.474931,0.163755,0,0,1,1,1,0,0.193176,0.210613,0.911012,0.199622,0,quiet,controlled_contrast,rainy_room,rainy_room_055,warm_high
0.544922,0.222422,0.001943,0.680366,0.0,0.0,0.0,0.0,0.0,0.0,0.256209,0.575269,0.13413,0.602666,3,lonely,random,,,
0.531364,0.273814,0.135934,0.001912,1.0,0.0,0.0,0.0,1.0,0.0,0.602493,0.310664,0.732082,0.195798,1,warm,random,,,
0.630772,0.307183,0.066244,0.321409,1.0,0.0,0.0,0.0,0.0,0.0,0.4128,0.47312,0.058927,0.387766,1,warm,random,,,
0.506907,0.268731,0.066313,0.216348,1,0,0,0,0,0,0.207505,0.205653,0.909334,0.215234,1,warm,controlled_contrast,neutral_weather,neutral_weather_075,warm_high
0.303573,0.220874,0.509255,0.828862,1.0,0.0,0.0,1.0,1.0,0.0,0.196465,0.672432,0.734116,0.162582,1,warm,random,,,
0.810202,0.369333,0.368644,0.238535,0.0,1.0,0.0,1.0,1.0,0.0,0.490145,0.233366,0.463358,0.076741,0,quiet,random,,,
0.734508,0.478142,0.794066,0.598861,1.0,0.0,0.0,1.0,1.0,1.0,0.864829,0.629381,0.528792,0.111479,2,strange,random,,,
0.285612,0.033446,0.028969,0.120673,1.0,0.0,0.0,0.0,0.0,0.0,0.428002,0.290343,0.050348,0.625649,1,warm,random,,,
0.060885,0.13716,0.034681,0.234064,1.0,0.0,0.0,0.0,0.0,0.0,0.310318,0.56134,0.925722,0.056425,1,warm,random,,,
0.022006,0.302162,0.127539,0.867169,0.0,0.0,0.0,0.0,1.0,0.0,0.507698,0.274598,0.824937,0.618906,3,lonely,random,,,
0.399818,0.644389,0.030436,0.149649,0.0,0.0,0.0,0.0,0.0,0.0,0.655278,0.68872,0.652196,0.061845,1,warm,random,,,
0.953628,0.622393,0.002705,0.598126,1.0,1.0,0.0,0.0,0.0,0.0,0.297227,0.516105,0.218153,0.551235,1,warm,random,,,
0.354946,0.980039,0.44517,0.663836,1.0,0.0,1.0,1.0,1.0,0.0,0.146923,0.478582,0.088046,0.524125,3,lonely,random,,,
0.253179,0.881797,0.01382,0.364523,0.0,0.0,1.0,0.0,1.0,0.0,0.748828,0.140566,0.401999,0.715674,3,lonely,random,,,
0.452962,0.791547,0.058286,0.055722,0,0,1,0,1,0,0.172857,0.915031,0.220459,0.189067,3,lonely,controlled_contrast,humid_night,humid_night_011,weird_high
0.500229,0.525741,0.757335,0.455732,1.0,0.0,0.0,1.0,1.0,1.0,0.061845,0.459107,0.139099,0.434168,2,strange,random,,,
0.700746,0.348452,0.94658,0.659005,1.0,0.0,0.0,1.0,1.0,1.0,0.800206,0.051005,0.501016,0.718466,0,quiet,random,,,
0.103085,0.031063,0.015226,0.190669,0.0,0.0,0.0,0.0,0.0,0.0,0.298393,0.95269,0.542202,0.281569,2,strange,random,,,
0.595012,0.085208,0.015753,0.701878,1.0,0.0,0.0,0.0,0.0,0.0,0.647319,0.747454,0.132767,0.418853,2,strange,random,,,
0.77762,0.755005,0.488452,0.28008,0.0,1.0,1.0,1.0,1.0,0.0,0.400924,0.196185,0.145814,0.197362,0,quiet,random,,,
0.544875,0.669312,0.715723,0.550789,1.0,0.0,0.0,1.0,1.0,1.0,0.185494,0.212427,0.712535,0.73457,3,lonely,random,,,
0.474496,0.091662,0.269217,0.186872,1.0,0.0,0.0,1.0,1.0,0.0,0.138737,0.337222,0.73027,0.167684,1,warm,random,,,
0.192265,0.85216,0.21219,0.8188,1.0,0.0,1.0,1.0,1.0,0.0,0.053473,0.803579,0.124043,0.324634,2,strange,random,,,
0.572789,0.444493,0.426556,0.345812,0.0,0.0,0.0,1.0,1.0,0.0,0.202473,0.362852,0.27721,0.405927,3,lonely,random,,,
0.489853,0.029506,0.469799,0.448525,1.0,0.0,0.0,1.0,1.0,0.0,0.198907,0.260041,0.781633,0.32596,1,warm,random,,,
0.657205,0.446987,0.174491,0.076884,1.0,0.0,0.0,0.0,1.0,0.0,0.193237,0.635396,0.671065,0.418154,1,warm,random,,,
0.131642,0.103332,0.202145,0.153603,0.0,0.0,0.0,1.0,1.0,0.0,0.689179,0.756179,0.14032,0.191438,0,quiet,random,,,
0.068171,0.48227,0.753439,0.859766,1.0,0.0,0.0,1.0,1.0,1.0,0.43323,0.119081,0.534815,0.46098,2,strange,random,,,
0.381754,0.339776,0.837583,0.78277,1.0,0.0,0.0,1.0,1.0,1.0,0.130264,0.834426,0.479526,0.26471,2,strange,random,,,
0.910735,0.146793,0.235223,0.081561,1.0,1.0,0.0,1.0,1.0,0.0,0.444045,0.08551,0.781501,0.188087,1,warm,random,,,
0.451931,0.264526,0.0,0.20531,1,0,0,0,0,0,0.888617,0.185633,0.194829,0.192677,0,quiet,controlled_contrast,neutral_weather,neutral_weather_002,calm_high
0.417833,0.412855,0.066329,0.537974,0.0,0.0,0.0,0.0,0.0,0.0,0.176624,0.196793,0.48465,0.497426,3,lonely,random,,,
0.419904,0.623669,0.851194,0.200585,1.0,0.0,0.0,1.0,1.0,0.0,0.620852,0.250467,0.683132,0.117069,0,quiet,random,,,
0.965082,0.499144,0.415802,0.201021,1.0,1.0,0.0,1.0,1.0,0.0,0.726508,0.950144,0.117034,0.210729,0,quiet,random,,,
0.078721,0.666571,0.323136,0.038434,1.0,0.0,0.0,1.0,1.0,0.0,0.393157,0.080409,0.062713,0.173645,0,quiet,random,,,
0.049687,0.353644,0.978883,0.458215,1.0,0.0,0.0,1.0,1.0,1.0,0.200794,0.586887,0.213516,0.838084,2,strange,random,,,
0.495545,0.275323,0.036935,0.239497,1,0,0,0,0,0,0.905058,0.221788,0.211658,0.209012,0,quiet,controlled_contrast,neutral_weather,neutral_weather_038,calm_high
0.922673,0.961754,0.024982,0.000575,1.0,1.0,1.0,0.0,1.0,0.0,0.975242,0.228172,0.090991,0.714137,0,quiet,random,,,
0.446425,0.789636,0.768671,0.741157,0,0,1,1,1,1,0.216779,0.164215,0.913111,0.2057,3,lonely,controlled_contrast,stormy_weather,stormy_weather_064,warm_high
0.795192,0.84202,0.069307,0.110067,1.0,1.0,1.0,0.0,1.0,0.0,0.181767,0.507678,0.867658,0.444548,1,warm,random,,,
0.780171,0.240706,0.0,0.144051,1,0,0,0,0,0,0.211367,0.189013,0.210711,0.888742,3,lonely,controlled_contrast,clear_day,clear_day_076,lonely_high
0.266468,0.631316,0.651696,0.213808,0.0,0.0,0.0,1.0,1.0,0.0,0.544417,0.210587,0.574301,0.608485,3,lonely,random,,,
0.4641,0.143322,0.838695,0.803509,0.0,0.0,0.0,1.0,1.0,1.0,0.616561,0.403033,0.628346,0.364719,2,strange,random,,,
0.168211,0.142669,0.256221,0.088509,0.0,0.0,0.0,1.0,1.0,0.0,0.185795,0.464456,0.173687,0.814161,3,lonely,random,,,
0.303654,0.043905,0.614662,0.273892,1.0,0.0,0.0,1.0,1.0,0.0,0.668587,0.9613,0.084437,0.449128,0,quiet,random,,,
0.721608,0.267764,0.086782,0.099856,1.0,0.0,0.0,0.0,1.0,0.0,0.651696,0.569561,0.564273,0.826043,1,warm,random,,,
0.438423,0.513134,0.062022,0.098988,1.0,0.0,0.0,0.0,0.0,0.0,0.331124,0.770278,0.344976,0.297275,1,warm,random,,,
0.488173,0.790434,0.711747,0.736614,0,0,1,1,1,1,0.891738,0.189126,0.185662,0.197894,0,quiet,controlled_contrast,stormy_weather,stormy_weather_007,calm_high
0.428689,0.820801,0.726089,0.736096,0,0,1,1,1,1,0.212706,0.195557,0.179232,0.894905,3,lonely,controlled_contrast,stormy_weather,stormy_weather_065,lonely_high
0.395537,0.393567,0.095722,0.000201,1.0,0.0,0.0,0.0,1.0,0.0,0.272763,0.952191,0.227025,0.060527,2,strange,random,,,
0.42249,0.811286,0.448379,0.230857,0,0,1,1,1,0,0.905004,0.181001,0.209211,0.200723,0,quiet,controlled_contrast,rainy_room,rainy_room_012,calm_high
0.431184,0.279179,0.386782,0.015582,1.0,0.0,0.0,1.0,1.0,0.0,0.685828,0.754607,0.18382,0.60596,0,quiet,random,,,
0.537502,0.641476,0.682172,0.63413,0.0,0.0,0.0,1.0,1.0,1.0,0.576316,0.788645,0.110175,0.288217,2,strange,random,,,
0.929346,0.043182,9e-06,0.124873,1.0,1.0,0.0,0.0,0.0,0.0,0.314971,0.213539,0.24302,0.743164,1,warm,random,,,
0.568263,0.990871,0.010658,0.482632,1.0,0.0,1.0,0.0,1.0,0.0,0.902606,0.524904,0.215888,0.379253,0,quiet,random,,,
0.627225,0.570782,0.896644,0.795007,1.0,0.0,0.0,1.0,1.0,1.0,0.519939,0.25125,0.313791,0.436464,2,strange,random,,,
0.057279,0.569406,0.348209,0.448336,1.0,0.0,0.0,1.0,1.0,0.0,0.439713,0.408463,0.089632,0.236816,0,quiet,random,,,
0.266694,0.627528,0.045663,0.000232,0.0,0.0,0.0,0.0,0.0,0.0,0.639373,0.168575,0.971216,0.343506,1,warm,random,,,
0.794244,0.266132,0.544766,0.949827,0.0,1.0,0.0,1.0,1.0,0.0,0.686081,0.497209,0.799972,0.152565,1,warm,random,,,
0.955638,0.411534,0.439883,0.573931,0.0,1.0,0.0,1.0,1.0,0.0,0.717317,0.29585,0.064563,0.277935,0,quiet,random,,,
0.43482,0.806969,0.425369,0.16554,0,0,1,1,1,0,0.185932,0.193619,0.183542,0.877045,3,lonely,controlled_contrast,rainy_room,rainy_room_046,lonely_high
0.624029,0.557617,0.390954,0.16204,1.0,0.0,0.0,1.0,1.0,0.0,0.67035,0.24109,0.6163,0.110553,0,quiet,random,,,
0.016325,0.44469,0.000133,0.923268,1.0,0.0,0.0,0.0,0.0,0.0,0.512379,0.956558,0.099799,0.473299,2,strange,random,,,
0.724046,0.990571,0.966209,0.920159,0.0,0.0,1.0,1.0,1.0,1.0,0.377494,0.720513,0.69547,0.537404,2,strange,random,,,
0.612442,0.544028,0.733922,0.203084,1.0,0.0,0.0,1.0,1.0,0.0,0.324451,0.625721,0.179796,0.721176,3,lonely,random,,,
0.678751,0.260712,0.017594,0.124192,1,0,0,0,0,0,0.910081,0.198869,0.198707,0.210519,0,quiet,controlled_contrast,clear_day,clear_day_007,calm_high
0.464392,0.789191,0.703262,0.761852,0,0,1,1,1,1,0.891018,0.188852,0.193556,0.201975,0,quiet,controlled_contrast,stormy_weather,stormy_weather_069,calm_high
0.44074,0.090581,0.95225,0.155051,0.0,0.0,0.0,1.0,1.0,0.0,0.568911,0.361454,0.339474,0.544575,3,lonely,random,,,
0.54556,0.856,0.705656,0.137404,0.0,0.0,1.0,1.0,1.0,0.0,0.244313,0.670001,0.198527,0.175773,3,lonely,random,,,
0.923794,0.802593,0.130699,0.150517,1.0,1.0,1.0,0.0,1.0,0.0,0.191039,0.537044,0.601674,0.728575,1,warm,random,,,
0.422404,0.26098,0.043999,0.114348,0.0,0.0,0.0,0.0,0.0,0.0,0.174875,0.109426,0.23728,0.647574,3,lonely,random,,,
0.678445,0.62223,0.967395,0.648196,0.0,0.0,0.0,1.0,1.0,1.0,0.96558,0.146659,0.11449,0.063336,0,quiet,random,,,
0.780171,0.240706,0.0,0.144051,1,0,0,0,0,0,0.217503,0.206243,0.893183,0.203251,1,warm,controlled_contrast,clear_day,clear_day_076,warm_high
0.414391,0.804544,0.491505,0.185044,0,0,1,1,1,0,0.196596,0.202238,0.224798,0.886596,3,lonely,controlled_contrast,rainy_room,rainy_room_006,lonely_high
0.671371,0.380949,0.687862,0.822372,1.0,0.0,0.0,1.0,1.0,1.0,0.335908,0.080541,0.527537,0.470948,2,strange,random,,,
0.117877,0.553556,0.112363,0.738235,1.0,0.0,0.0,0.0,1.0,0.0,0.118911,0.377676,0.06601,0.094257,1,warm,random,,,
0.403787,0.773168,0.458253,0.19176,0,0,1,1,1,0,0.20228,0.220799,0.241527,0.88768,3,lonely,controlled_contrast,rainy_room,rainy_room_022,lonely_high
0.160572,0.264622,0.065741,0.869341,1.0,0.0,0.0,0.0,0.0,0.0,0.447978,0.725928,0.306523,0.215053,1,warm,random,,,
0.44404,0.455491,0.025695,0.903981,1.0,0.0,0.0,0.0,0.0,0.0,0.185835,0.736348,0.180197,0.693898,2,strange,random,,,
0.603999,0.311783,0.466787,0.067227,1.0,0.0,0.0,1.0,1.0,0.0,0.733834,0.338139,0.108323,0.184671,0,quiet,random,,,
0.570673,0.057979,0.127188,0.299152,1.0,0.0,0.0,0.0,1.0,0.0,0.20469,0.750014,0.233571,0.635564,3,lonely,random,,,
0.722055,0.249634,0.024234,0.148722,1,0,0,0,0,0,0.20476,0.211015,0.192258,0.906894,3,lonely,controlled_contrast,clear_day,clear_day_075,lonely_high
0.244798,0.459463,0.001314,0.008203,1.0,0.0,0.0,0.0,0.0,0.0,0.615881,0.253808,0.057292,0.319008,0,quiet,random,,,
0.983015,0.195574,0.624071,0.284154,1.0,1.0,0.0,1.0,1.0,0.0,0.286504,0.92558,0.064969,0.590584,2,strange,random,,,
0.674964,0.119449,0.31465,0.003052,1.0,0.0,0.0,1.0,1.0,0.0,0.763029,0.508526,0.694334,0.342522,0,quiet,random,,,
0.330581,0.274408,0.485816,0.109424,0.0,0.0,0.0,1.0,1.0,0.0,0.361536,0.516858,0.288569,0.175159,3,lonely,random,,,
0.426164,0.778149,0.434353,0.177893,0,0,1,1,1,0,0.887154,0.212978,0.221754,0.202867,0,quiet,controlled_contrast,rainy_room,rainy_room_056,calm_high
0.106332,0.836423,0.534407,0.464139,1.0,0.0,1.0,1.0,1.0,0.0,0.230169,0.731282,0.135293,0.365191,0,quiet,random,,,
0.95793,0.066381,0.758898,0.455343,1.0,1.0,0.0,1.0,1.0,1.0,0.280238,0.439049,0.324702,0.387681,2,strange,random,,,
0.13972,0.117224,0.74029,0.637935,1.0,0.0,0.0,1.0,1.0,1.0,0.33619,0.331197,0.111629,0.680023,2,strange,random,,,
0.493476,0.269295,0.041596,0.206136,1,0,0,0,0,0,0.210299,0.190336,0.200253,0.894669,3,lonely,controlled_contrast,neutral_weather,neutral_weather_034,lonely_high
0.105384,0.415383,0.898817,0.208433,1.0,0.0,0.0,1.0,1.0,0.0,0.462546,0.661785,0.674075,0.986056,3,lonely,random,,,
0.10031,0.020008,0.432702,0.19019,1.0,0.0,0.0,1.0,1.0,0.0,0.636815,0.462799,0.703261,0.219633,0,quiet,random,,,
0.365711,0.19325,0.036371,0.118002,1.0,0.0,0.0,0.0,0.0,0.0,0.340891,0.520416,0.405815,0.516811,1,warm,random,,,
0.704966,0.832911,0.790274,0.036779,1.0,0.0,1.0,1.0,1.0,0.0,0.607041,0.500358,0.4794,0.931954,0,quiet,random,,,
0.182313,0.97764,0.32712,0.313238,1.0,0.0,1.0,1.0,1.0,0.0,0.616682,0.414888,0.391931,0.077349,0,quiet,random,,,
0.3925,0.68728,0.035194,0.612766,0.0,0.0,0.0,0.0,1.0,0.0,0.502267,0.188706,0.304167,0.089158,3,lonely,random,,,
0.569383,0.933527,0.909336,0.924894,1.0,0.0,1.0,1.0,1.0,1.0,0.158875,0.818875,0.180853,0.299602,2,strange,random,,,
0.218774,0.492243,0.489159,0.181286,1.0,0.0,0.0,1.0,1.0,0.0,0.631504,0.703907,0.237099,0.423504,0,quiet,random,,,
0.451241,0.747714,0.449132,0.199429,0,0,1,1,1,0,0.199126,0.197674,0.909869,0.212018,3,lonely,controlled_contrast,rainy_room,rainy_room_053,warm_high
0.428777,0.573835,0.935522,0.904877,0.0,0.0,0.0,1.0,1.0,1.0,0.460374,0.053988,0.538269,0.25946,3,lonely,random,,,
0.589269,0.416361,0.600667,0.406892,1.0,0.0,0.0,1.0,1.0,0.0,0.666907,0.127733,0.085982,0.897498,3,lonely,random,,,
0.024361,0.915774,0.536927,0.754003,1.0,0.0,1.0,1.0,1.0,0.0,0.329256,0.12781,0.251794,0.670274,3,lonely,random,,,
0.107914,0.004844,0.02282,0.222707,1.0,0.0,0.0,0.0,0.0,0.0,0.307342,0.724564,0.344433,0.342705,1,warm,random,,,
0.657553,0.006162,0.837333,0.646818,1.0,0.0,0.0,1.0,1.0,1.0,0.53462,0.198516,0.956354,0.35883,1,warm,random,,,
0.492907,0.383799,0.960518,0.703073,0.0,0.0,0.0,1.0,1.0,1.0,0.269575,0.680355,0.935253,0.603737,2,strange,random,,,
0.546719,0.678075,0.185893,0.497633,1.0,0.0,0.0,0.0,1.0,0.0,0.657768,0.064086,0.693031,0.234821,1,warm,random,,,
0.41587,0.728563,0.724365,0.745234,0,0,1,1,1,1,0.191333,0.207809,0.218068,0.907184,3,lonely,controlled_contrast,stormy_weather,stormy_weather_003,lonely_high
0.744111,0.270631,0.00729,0.123541,1,0,0,0,0,0,0.205252,0.212658,0.243355,0.907292,3,lonely,controlled_contrast,clear_day,clear_day_037,lonely_high
0.255534,0.397035,0.444991,0.713736,1.0,0.0,0.0,1.0,1.0,0.0,0.083293,0.943763,0.270166,0.260826,2,strange,random,,,
0.213819,0.299623,0.000421,0.314169,1.0,0.0,0.0,0.0,0.0,0.0,0.201561,0.116917,0.741364,0.256431,1,warm,random,,,
0.806766,0.940117,0.056037,0.606031,1.0,1.0,1.0,0.0,0.0,0.0,0.280323,0.089127,0.79668,0.231235,1,warm,random,,,
0.237018,0.485697,0.404243,0.50218,1.0,0.0,0.0,1.0,1.0,0.0,0.478327,0.057749,0.16139,0.07437,0,quiet,random,,,
0.390476,0.600612,0.021804,0.312987,1.0,0.0,0.0,0.0,0.0,0.0,0.621442,0.934017,0.226367,0.402479,2,strange,random,,,
0.633187,0.104391,0.046347,0.625002,0.0,0.0,0.0,0.0,0.0,0.0,0.380301,0.90361,0.233217,0.461872,2,strange,random,,,
0.458185,0.795927,0.439585,0.194609,0,0,1,1,1,0,0.211941,0.886356,0.205116,0.202852,3,lonely,controlled_contrast,rainy_room,rainy_room_078,weird_high
0.401926,0.423192,0.05581,0.411392,1.0,0.0,0.0,0.0,0.0,0.0,0.186419,0.155879,0.900511,0.433066,1,warm,random,,,
0.224502,0.881808,0.006283,0.768518,1.0,0.0,1.0,0.0,1.0,0.0,0.410568,0.483589,0.106826,0.095643,0,quiet,random,,,
0.719273,0.475925,0.138323,0.762162,1.0,0.0,0.0,0.0,1.0,0.0,0.232157,0.065582,0.792148,0.748757,1,warm,random,,,
0.248433,0.061567,0.134256,0.23133,0.0,0.0,0.0,0.0,1.0,0.0,0.45668,0.726776,0.531375,0.65274,3,lonely,random,,,
0.69586,0.629115,0.000633,0.740878,1.0,0.0,0.0,0.0,0.0,0.0,0.23965,0.915871,0.394569,0.277852,1,warm,random,,,
0.487485,0.785948,0.054732,0.180169,0,0,1,0,1,0,0.205981,0.181223,0.904021,0.199848,3,lonely,controlled_contrast,humid_night,humid_night_077,warm_high
0.918687,0.073165,0.027608,0.04977,0.0,1.0,0.0,0.0,0.0,0.0,0.599604,0.191754,0.743588,0.317798,1,warm,random,,,
0.470113,0.785376,0.091195,0.141248,0,0,1,0,1,0,0.179461,0.90112,0.199734,0.198149,3,lonely,controlled_contrast,humid_night,humid_night_049,weird_high
0.398583,0.409415,0.706823,0.399637,1.0,0.0,0.0,1.0,1.0,0.0,0.428139,0.574354,0.60649,0.205703,1,warm,random,,,
0.107603,0.015692,0.347415,0.315453,0.0,0.0,0.0,1.0,1.0,0.0,0.854414,0.725813,0.614974,0.206853,0,quiet,random,,,
0.493927,0.488015,0.901504,0.36558,1.0,0.0,0.0,1.0,1.0,0.0,0.699762,0.723316,0.05513,0.743188,0,quiet,random,,,
0.163418,0.268882,0.003939,0.696595,1.0,0.0,0.0,0.0,0.0,0.0,0.14394,0.409738,0.107625,0.135564,1,warm,random,,,
0.886148,0.894771,0.225624,0.15807,1.0,1.0,1.0,1.0,1.0,0.0,0.405854,0.682372,0.223914,0.149002,0,quiet,random,,,
0.775682,0.968415,0.558795,0.068648,0.0,1.0,1.0,1.0,1.0,0.0,0.952945,0.677061,0.749775,0.568313,0,quiet,random,,,
0.435284,0.263148,0.053735,0.220091,1,0,0,0,0,0,0.199902,0.21095,0.169866,0.901499,3,lonely,controlled_contrast,neutral_weather,neutral_weather_026,lonely_high
0.179117,0.143716,0.692503,0.311103,0.0,0.0,0.0,1.0,1.0,0.0,0.570574,0.538292,0.435528,0.619889,3,lonely,random,,,
0.552168,0.149006,0.187694,0.805012,1.0,0.0,0.0,0.0,1.0,0.0,0.687386,0.668472,0.714716,0.448376,1,warm,random,,,
0.478042,0.854424,0.044846,0.141675,0,0,1,0,1,0,0.907321,0.184612,0.205419,0.209571,0,quiet,controlled_contrast,humid_night,humid_night_015,calm_high
0.175148,0.841262,0.085509,0.593387,1.0,0.0,1.0,0.0,1.0,0.0,0.520717,0.201333,0.825678,0.498439,1,warm,random,,,
0.9236,0.496727,0.170971,0.045346,1.0,1.0,0.0,0.0,1.0,0.0,0.103987,0.71915,0.369332,0.331316,1,warm,random,,,
0.847844,0.859142,0.360324,0.817352,1.0,1.0,1.0,1.0,1.0,0.0,0.70829,0.981969,0.187045,0.597325,0,quiet,random,,,
0.042493,0.365546,0.787169,0.983107,1.0,0.0,0.0,1.0,1.0,1.0,0.334662,0.932118,0.083016,0.564144,2,strange,random,,,
0.701941,0.280216,0.034219,0.136329,1.0,0.0,0.0,0.0,0.0,0.0,0.194875,0.497684,0.679311,0.740602,1,warm,random,,,
0.031538,0.158607,0.968165,8.5e-05,1.0,0.0,0.0,1.0,1.0,0.0,0.67099,0.053669,0.417823,0.607994,0,quiet,random,,,
0.452173,0.832109,0.088586,0.124073,0,0,1,0,1,0,0.201429,0.186174,0.205759,0.903924,3,lonely,controlled_contrast,humid_night,humid_night_007,lonely_high
0.427509,0.84731,0.085653,0.107923,0,0,1,0,1,0,0.193913,0.204828,0.889113,0.192128,3,lonely,controlled_contrast,humid_night,humid_night_052,warm_high
0.902289,0.119145,0.752208,0.03221,1.0,1.0,0.0,1.0,1.0,0.0,0.679872,0.243471,0.562569,0.343283,1,warm,random,,,
0.96904,0.432995,0.039067,0.770141,0.0,1.0,0.0,0.0,0.0,0.0,0.57671,0.97216,0.493529,0.207373,2,strange,random,,,
0.712653,0.326197,0.074305,0.742944,1.0,0.0,0.0,0.0,0.0,0.0,0.928297,0.24965,0.383438,0.502871,1,warm,random,,,
0.474025,0.800941,0.696671,0.742513,0,0,1,1,1,1,0.205074,0.906647,0.214504,0.218446,2,strange,controlled_contrast,stormy_weather,stormy_weather_037,weird_high
0.408032,0.768698,0.470256,0.171535,0,0,1,1,1,0,0.177106,0.892726,0.20295,0.183234,3,lonely,controlled_contrast,rainy_room,rainy_room_069,weird_high
0.169756,0.357382,0.216731,0.206327,1.0,0.0,0.0,1.0,1.0,0.0,0.372827,0.279802,0.142962,0.141989,0,quiet,random,,,
0.514497,0.228894,0.0,0.256122,1,0,0,0,0,0,0.202267,0.197355,0.211279,0.907204,3,lonely,controlled_contrast,neutral_weather,neutral_weather_032,lonely_high
0.519146,0.573486,0.713483,0.100148,1.0,0.0,0.0,1.0,1.0,0.0,0.230293,0.989823,0.457687,0.203964,2,strange,random,,,
0.507504,0.430509,0.127452,0.575219,0.0,0.0,0.0,0.0,1.0,0.0,0.583695,0.444044,0.141149,0.329421,3,lonely,random,,,
0.1196,0.204335,0.000246,0.368434,1.0,0.0,0.0,0.0,0.0,0.0,0.851668,0.749481,0.131817,0.09602,0,quiet,random,,,
0.656206,0.553496,0.800066,0.437388,0.0,0.0,0.0,1.0,1.0,0.0,0.309091,0.570619,0.102395,0.702537,3,lonely,random,,,
0.803214,0.975253,0.09633,0.412263,0.0,1.0,1.0,0.0,1.0,0.0,0.491003,0.253411,0.325755,0.077694,3,lonely,random,,,
0.759221,0.448491,0.609461,0.009464,1.0,1.0,0.0,1.0,1.0,0.0,0.594121,0.729004,0.651351,0.881871,1,warm,random,,,
0.509435,0.822,0.075961,0.134507,0,0,1,0,1,0,0.222086,0.216918,0.896256,0.206584,3,lonely,controlled_contrast,humid_night,humid_night_032,warm_high
0.414056,0.888018,0.104453,0.292306,0.0,0.0,1.0,0.0,1.0,0.0,0.84399,0.347763,0.561309,0.475331,3,lonely,random,,,
0.732054,0.620832,0.857832,0.635127,0.0,0.0,0.0,1.0,1.0,1.0,0.301478,0.432621,0.172535,0.321721,2,strange,random,,,
0.640737,0.618348,0.527269,0.952484,1.0,0.0,0.0,1.0,1.0,0.0,0.520884,0.57224,0.054017,0.158724,0,quiet,random,,,
0.803594,0.893119,0.325315,0.031163,0.0,1.0,1.0,1.0,1.0,0.0,0.579619,0.130986,0.322574,0.372373,0,quiet,random,,,
0.47864,0.780514,0.489346,0.548177,1.0,0.0,1.0,1.0,1.0,0.0,0.467964,0.301098,0.734187,0.487605,0,quiet,random,,,
0.206335,0.330881,0.726035,0.707802,1.0,0.0,0.0,1.0,1.0,1.0,0.464278,0.396462,0.526115,0.419688,2,strange,random,,,
0.666047,0.038489,0.684418,0.743627,1.0,0.0,0.0,1.0,1.0,1.0,0.413253,0.572215,0.935982,0.522662,2,strange,random,,,
0.458185,0.795927,0.439585,0.194609,0,0,1,1,1,0,0.911467,0.211571,0.201744,0.197934,0,quiet,controlled_contrast,rainy_room,rainy_room_078,calm_high
0.79177,0.656642,0.974447,0.752656,0.0,1.0,0.0,1.0,1.0,1.0,0.598342,0.904112,0.492277,0.585034,2,strange,random,,,
0.946126,0.785288,0.871671,0.896773,0.0,1.0,1.0,1.0,1.0,1.0,0.273846,0.715632,0.50657,0.188173,2,strange,random,,,
0.734584,0.002821,0.862174,0.046576,1.0,0.0,0.0,1.0,1.0,0.0,0.17896,0.799626,0.300932,0.735741,3,lonely,random,,,
0.334686,0.526629,0.004565,0.106415,1.0,0.0,0.0,0.0,0.0,0.0,0.68792,0.897655,0.700066,0.304059,1,warm,random,,,
0.992677,0.021459,0.808253,0.440268,1.0,1.0,0.0,1.0,1.0,0.0,0.547229,0.503183,0.682433,0.996329,1,warm,random,,,
0.661069,0.013072,0.005249,0.010999,0.0,0.0,0.0,0.0,0.0,0.0,0.928312,0.427596,0.733962,0.470701,0,quiet,random,,,
0.135268,0.408365,0.006658,0.690702,0.0,0.0,0.0,0.0,0.0,0.0,0.083466,0.752502,0.653533,0.584099,3,lonely,random,,,
0.482733,0.268402,0.061335,0.176731,1,0,0,0,0,0,0.212548,0.191576,0.208071,0.896146,3,lonely,controlled_contrast,neutral_weather,neutral_weather_046,lonely_high
0.486255,0.426094,0.025768,0.894158,1.0,0.0,0.0,0.0,0.0,0.0,0.748723,0.112389,0.932264,0.413682,1,warm,random,,,
0.939771,0.16688,0.807372,0.927182,0.0,1.0,0.0,1.0,1.0,1.0,0.742036,0.403722,0.611143,0.126445,2,strange,random,,,
0.49518,0.262392,0.075343,0.179894,1,0,0,0,0,0,0.201126,0.176959,0.196192,0.897107,3,lonely,controlled_contrast,neutral_weather,neutral_weather_065,lonely_high
0.342871,0.4393,0.863981,0.782626,0.0,0.0,0.0,1.0,1.0,1.0,0.494481,0.092454,0.781437,0.647251,3,lonely,random,,,
0.383706,0.288371,0.012258,0.833154,0.0,0.0,0.0,0.0,0.0,0.0,0.59593,0.994339,0.066797,0.383281,2,strange,random,,,
0.068964,0.422926,0.288999,0.000174,1.0,0.0,0.0,1.0,1.0,0.0,0.357413,0.230767,0.123357,0.730891,3,lonely,random,,,
0.715088,0.220268,0.0,0.171592,1,0,0,0,0,0,0.197343,0.227238,0.184131,0.905808,3,lonely,controlled_contrast,clear_day,clear_day_031,lonely_high
0.062458,0.798274,0.652948,0.552887,0.0,0.0,1.0,1.0,1.0,1.0,0.391293,0.627668,0.609613,0.33829,2,strange,random,,,
0.875756,0.02396,0.485968,0.040858,0.0,1.0,0.0,1.0,1.0,0.0,0.389071,0.145517,0.990379,0.472071,1,warm,random,,,
0.81101,0.239685,0.369563,0.613801,0.0,1.0,0.0,1.0,1.0,0.0,0.244128,0.238495,0.699217,0.620074,3,lonely,random,,,
0.79423,0.477614,0.006217,0.97931,0.0,1.0,0.0,0.0,0.0,0.0,0.675945,0.478905,0.542096,0.077682,1,warm,random,,,
0.504375,0.813767,0.088849,0.11829,0,0,1,0,1,0,0.190874,0.197233,0.904953,0.189804,3,lonely,controlled_contrast,humid_night,humid_night_058,warm_high
0.288905,0.736152,0.17035,0.728643,1.0,0.0,0.0,0.0,1.0,0.0,0.57804,0.744063,0.504245,0.3812,1,warm,random,,,
0.800937,0.66567,0.147231,0.245422,1.0,1.0,0.0,0.0,1.0,0.0,0.149073,0.65256,0.656362,0.953551,1,warm,random,,,
0.520636,0.295328,0.06323,0.183465,1,0,0,0,0,0,0.209531,0.216639,0.210818,0.877778,3,lonely,controlled_contrast,neutral_weather,neutral_weather_068,lonely_high
0.421381,0.84788,0.897255,0.574691,1.0,0.0,1.0,1.0,1.0,1.0,0.428982,0.366691,0.160664,0.164576,0,quiet,random,,,
0.099604,0.00527,0.822567,0.710107,0.0,0.0,0.0,1.0,1.0,1.0,0.22103,0.439166,0.808008,0.302731,2,strange,random,,,
0.417201,0.910623,0.687656,0.722813,0.0,0.0,1.0,1.0,1.0,1.0,0.773317,0.131171,0.715554,0.410224,0,quiet,random,,,
0.275805,0.464435,0.572614,0.041191,0.0,0.0,0.0,1.0,1.0,0.0,0.535485,0.164868,0.611544,0.152358,0,quiet,random,,,
0.384954,0.816617,0.306735,0.026063,0.0,0.0,1.0,1.0,1.0,0.0,0.6799,0.156444,0.104915,0.28108,0,quiet,random,,,
0.45212,0.328346,0.680036,0.179751,1.0,0.0,0.0,1.0,1.0,0.0,0.599438,0.335785,0.696308,0.451907,0,quiet,random,,,
0.3818,0.133588,0.682496,0.115153,0.0,0.0,0.0,1.0,1.0,0.0,0.209482,0.659405,0.424879,0.369651,3,lonely,random,,,
0.791411,0.095015,0.128585,0.771356,0.0,1.0,0.0,0.0,1.0,0.0,0.365744,0.738974,0.562862,0.510176,3,lonely,random,,,
0.681751,0.42979,0.177198,0.873921,1.0,0.0,0.0,0.0,1.0,0.0,0.710008,0.994319,0.086262,0.074858,2,strange,random,,,
0.881339,0.618346,0.033481,0.017442,0.0,1.0,0.0,0.0,0.0,0.0,0.214615,0.380515,0.55797,0.086362,1,warm,random,,,
0.590965,0.252287,0.141986,0.016568,1.0,0.0,0.0,0.0,1.0,0.0,0.238197,0.223308,0.56787,0.96354,3,lonely,random,,,
0.781901,0.270017,0.007114,0.780327,1.0,1.0,0.0,0.0,0.0,0.0,0.578169,0.395907,0.803642,0.456835,1,warm,random,,,
0.013276,0.479348,0.225004,0.084657,0.0,0.0,0.0,1.0,1.0,0.0,0.868456,0.55483,0.343671,0.185265,0,quiet,random,,,
0.843841,0.366466,0.422669,0.118163,1.0,1.0,0.0,1.0,1.0,0.0,0.484554,0.510331,0.738114,0.989116,1,warm,random,,,
0.709325,0.151537,0.010603,0.012755,0.0,0.0,0.0,0.0,0.0,0.0,0.454191,0.606671,0.662731,0.305708,1,warm,random,,,
0.275219,0.495805,0.784395,0.554697,0.0,0.0,0.0,1.0,1.0,1.0,0.528093,0.456751,0.095062,0.190288,2,strange,random,,,
0.56581,0.259042,0.021299,0.363987,1.0,0.0,0.0,0.0,0.0,0.0,0.132854,0.629348,0.441028,0.188811,1,warm,random,,,
0.072859,0.163455,0.869604,0.600685,1.0,0.0,0.0,1.0,1.0,1.0,0.099015,0.431687,0.169719,0.75832,2,strange,random,,,
0.177307,0.442354,0.001957,0.478376,1.0,0.0,0.0,0.0,0.0,0.0,0.546913,0.797907,0.529901,0.623445,1,warm,random,,,
0.024493,0.973979,0.939841,0.654746,1.0,0.0,1.0,1.0,1.0,1.0,0.662405,0.70651,0.658779,0.231684,2,strange,random,,,
0.466793,0.699892,0.265825,0.263734,0.0,0.0,0.0,1.0,1.0,0.0,0.182247,0.535823,0.638738,0.31378,3,lonely,random,,,
0.104165,0.765371,0.659388,0.074167,1.0,0.0,1.0,1.0,1.0,0.0,0.317861,0.064072,0.390472,0.897257,3,lonely,random,,,
0.733404,0.240872,0.0,0.197369,1,0,0,0,0,0,0.88331,0.199345,0.191907,0.205683,0,quiet,controlled_contrast,clear_day,clear_day_018,calm_high
0.433374,0.741812,0.071793,0.186124,0.0,0.0,0.0,0.0,1.0,0.0,0.501413,0.446016,0.125096,0.088889,3,lonely,random,,,
0.516669,0.733029,0.058665,0.610228,1.0,0.0,0.0,0.0,1.0,0.0,0.55007,0.513992,0.543001,0.544857,1,warm,random,,,
0.179194,0.310659,0.040978,0.004467,0.0,0.0,0.0,0.0,0.0,0.0,0.070007,0.187068,0.469664,0.407174,3,lonely,random,,,
0.111119,0.396171,0.662521,0.996856,1.0,0.0,0.0,1.0,1.0,1.0,0.677239,0.912531,0.571292,0.483208,2,strange,random,,,
0.454938,0.270066,0.058622,0.177683,1,0,0,0,0,0,0.918973,0.229291,0.195236,0.214511,0,quiet,controlled_contrast,neutral_weather,neutral_weather_033,calm_high
0.194514,0.355895,0.727891,0.470101,1.0,0.0,0.0,1.0,1.0,1.0,0.173125,0.647114,0.271668,0.20511,2,strange,random,,,
0.721243,0.578397,0.07163,0.713218,1.0,0.0,0.0,0.0,0.0,0.0,0.719129,0.449314,0.338821,0.605184,1,warm,random,,,
0.271796,0.338782,0.523085,0.290504,1.0,0.0,0.0,1.0,1.0,0.0,0.528297,0.487494,0.567338,0.079352,0,quiet,random,,,
0.545174,0.286122,0.0,0.213426,1,0,0,0,0,0,0.911198,0.219054,0.205513,0.19857,0,quiet,controlled_contrast,neutral_weather,neutral_weather_056,calm_high
0.54251,0.425473,0.858469,0.907567,1.0,0.0,0.0,1.0,1.0,1.0,0.324197,0.649023,0.178976,0.304382,2,strange,random,,,
0.625653,0.816037,0.026144,0.603274,1.0,0.0,1.0,0.0,1.0,0.0,0.604064,0.594242,0.980143,0.092456,1,warm,random,,,
0.451781,0.739549,0.872558,0.838121,0.0,0.0,0.0,1.0,1.0,1.0,0.64493,0.936091,0.712732,0.118154,2,strange,random,,,
0.646125,0.723118,0.176083,0.005281,1.0,0.0,0.0,0.0,1.0,0.0,0.786285,0.479247,0.084858,0.148615,0,quiet,random,,,
0.888398,0.758874,0.330012,0.446077,0.0,1.0,1.0,1.0,1.0,0.0,0.932783,0.182137,0.638838,0.160315,0,quiet,random,,,
0.838318,0.889632,0.659975,0.758683,0.0,1.0,1.0,1.0,1.0,1.0,0.299105,0.57577,0.910869,0.3393,2,strange,random,,,
0.093363,0.929974,0.011434,0.057592,1.0,0.0,1.0,0.0,0.0,0.0,0.683037,0.406881,0.10228,0.522469,0,quiet,random,,,
0.803953,0.789163,0.178572,0.026024,0.0,1.0,1.0,0.0,1.0,0.0,0.437594,0.282043,0.893646,0.210933,1,warm,random,,,
0.734011,0.733737,0.397484,0.269841,0.0,0.0,0.0,1.0,1.0,0.0,0.261514,0.375802,0.711984,0.766959,3,lonely,random,,,
0.870865,0.750368,0.725336,0.699778,0.0,1.0,1.0,1.0,1.0,1.0,0.495817,0.88425,0.169165,0.586526,2,strange,random,,,
0.655563,0.305066,0.464401,0.215961,1.0,0.0,0.0,1.0,1.0,0.0,0.918012,0.601366,0.569162,0.604224,0,quiet,random,,,
0.132505,0.158353,0.10807,0.156612,1.0,0.0,0.0,0.0,1.0,0.0,0.095396,0.948116,0.638824,0.348004,1,warm,random,,,
0.451545,0.618871,0.109404,0.161531,0.0,0.0,0.0,0.0,1.0,0.0,0.723317,0.661031,0.959062,0.587104,3,lonely,random,,,
0.140997,0.105883,0.0787,0.175648,1.0,0.0,0.0,0.0,0.0,0.0,0.085824,0.537937,0.129169,0.770307,1,warm,random,,,
0.76622,0.802594,0.847708,0.574192,1.0,1.0,1.0,1.0,1.0,1.0,0.336604,0.485515,0.196862,0.569343,2,strange,random,,,
0.653944,0.508063,0.50902,0.09195,1.0,0.0,0.0,1.0,1.0,0.0,0.06249,0.856789,0.317097,0.64027,3,lonely,random,,,
0.704265,0.216204,0.164717,0.013149,1.0,0.0,0.0,0.0,1.0,0.0,0.712507,0.467212,0.070055,0.877727,3,lonely,random,,,
0.66639,0.789334,0.029917,0.196942,1.0,0.0,1.0,0.0,1.0,0.0,0.384323,0.916591,0.123004,0.188177,2,strange,random,,,
0.956691,0.465693,0.003531,0.805052,1.0,1.0,0.0,0.0,0.0,0.0,0.339073,0.325084,0.455231,0.898786,1,warm,random,,,
0.647151,0.268364,0.004799,0.182842,1,0,0,0,0,0,0.202562,0.210391,0.898274,0.201582,1,warm,controlled_contrast,clear_day,clear_day_068,warm_high
0.735283,0.698613,0.027761,0.059298,0.0,0.0,0.0,0.0,1.0,0.0,0.55163,0.513582,0.094082,0.488159,3,lonely,random,,,
0.826809,0.693537,0.692473,0.805495,1.0,1.0,0.0,1.0,1.0,1.0,0.572855,0.655506,0.547454,0.502224,2,strange,random,,,
0.548828,0.248973,0.079311,0.163816,1,0,0,0,0,0,0.200729,0.194633,0.884371,0.204681,1,warm,controlled_contrast,neutral_weather,neutral_weather_067,warm_high
0.48791,0.828642,0.0594,0.096731,0,0,1,0,1,0,0.21718,0.201215,0.218252,0.909874,3,lonely,controlled_contrast,humid_night,humid_night_060,lonely_high
0.019487,0.416514,0.131469,0.342127,1.0,0.0,0.0,0.0,1.0,0.0,0.39765,0.722878,0.482053,0.171949,1,warm,random,,,
0.489518,0.330843,0.669348,0.247671,1.0,0.0,0.0,1.0,1.0,0.0,0.417267,0.996874,0.128293,0.397576,0,quiet,random,,,
0.958185,0.859234,0.177686,0.80364,0.0,1.0,1.0,0.0,1.0,0.0,0.144458,0.825321,0.258343,0.32877,3,lonely,random,,,
0.636503,0.592142,0.689334,0.900917,1.0,0.0,0.0,1.0,1.0,1.0,0.721018,0.845618,0.371734,0.691474,2,strange,random,,,
0.32861,0.025857,0.646908,0.17819,1.0,0.0,0.0,1.0,1.0,0.0,0.299442,0.084793,0.724606,0.43022,1,warm,random,,,
0.349161,0.28699,0.37632,0.339761,0.0,0.0,0.0,1.0,1.0,0.0,0.208456,0.932716,0.586657,0.069397,2,strange,random,,,
0.093032,0.600518,0.003903,0.361441,1.0,0.0,0.0,0.0,0.0,0.0,0.723657,0.476019,0.274672,0.593405,1,warm,random,,,
0.475255,0.819495,0.716322,0.716754,0,0,1,1,1,1,0.215226,0.208848,0.195874,0.910586,3,lonely,controlled_contrast,stormy_weather,stormy_weather_062,lonely_high
0.140484,0.516238,0.124711,0.708252,0.0,0.0,0.0,0.0,1.0,0.0,0.204965,0.658149,0.483809,0.926875,3,lonely,random,,,
0.112581,0.010721,0.17059,0.389175,1.0,0.0,0.0,0.0,1.0,0.0,0.726842,0.771168,0.114158,0.55314,2,strange,random,,,
0.599885,0.678605,0.206053,0.501701,1.0,0.0,0.0,1.0,1.0,0.0,0.701519,0.815526,0.710819,0.561996,1,warm,random,,,
0.702406,0.927038,0.972545,0.950424,0.0,0.0,1.0,1.0,1.0,1.0,0.757135,0.722389,0.407193,0.16653,2,strange,random,,,
0.39902,0.7404,0.492235,0.182758,0,0,1,1,1,0,0.186731,0.189647,0.866166,0.193718,3,lonely,controlled_contrast,rainy_room,rainy_room_023,warm_high
0.954526,0.65109,0.919095,0.693617,1.0,1.0,0.0,1.0,1.0,1.0,0.783903,0.501318,0.559043,0.738605,2,strange,random,,,
0.42564,0.791142,0.440276,0.150331,0,0,1,1,1,0,0.197016,0.205615,0.889751,0.201816,3,lonely,controlled_contrast,rainy_room,rainy_room_076,warm_high
0.980602,0.174665,0.563193,0.553872,1.0,1.0,0.0,1.0,1.0,0.0,0.49307,0.595928,0.785454,0.522515,1,warm,random,,,
0.555825,0.347402,2.5e-05,0.580495,1.0,0.0,0.0,0.0,0.0,0.0,0.708432,0.344084,0.430179,0.53669,1,warm,random,,,
0.803111,0.300448,0.006973,0.673346,1.0,1.0,0.0,0.0,0.0,0.0,0.812811,0.568405,0.386322,0.116798,1,warm,random,,,
0.726077,0.324236,0.015819,0.093656,1.0,0.0,0.0,0.0,0.0,0.0,0.232084,0.57565,0.728502,0.687514,1,warm,random,,,
0.735824,0.207574,0.0,0.168404,1,0,0,0,0,0,0.213663,0.186271,0.203299,0.887865,3,lonely,controlled_contrast,clear_day,clear_day_066,lonely_high
0.7199,0.968807,0.213722,0.430768,0.0,0.0,1.0,1.0,1.0,0.0,0.495976,0.651729,0.355052,0.553554,3,lonely,random,,,
0.834748,0.628764,0.836215,0.94226,0.0,1.0,0.0,1.0,1.0,1.0,0.101635,0.409705,0.055015,0.308396,2,strange,random,,,
0.572217,0.213722,0.131347,0.250532,1.0,0.0,0.0,0.0,1.0,0.0,0.238773,0.97437,0.562128,0.081741,1,warm,random,,,
0.382881,0.887469,0.861853,0.141582,0.0,0.0,1.0,1.0,1.0,0.0,0.628399,0.444476,0.965247,0.406793,0,quiet,random,,,
0.332065,0.945706,0.561082,0.296755,1.0,0.0,1.0,1.0,1.0,0.0,0.296105,0.206141,0.32849,0.943579,3,lonely,random,,,
0.48564,0.219952,0.477119,0.103476,1.0,0.0,0.0,1.0,1.0,0.0,0.622128,0.28618,0.888802,0.739176,1,warm,random,,,
0.193237,0.381495,0.533495,0.08535,0.0,0.0,0.0,1.0,1.0,0.0,0.657997,0.714549,0.666924,0.086505,0,quiet,random,,,
0.027593,0.927597,0.213577,0.896836,1.0,0.0,1.0,1.0,1.0,0.0,0.698937,0.138643,0.749831,0.166994,0,quiet,random,,,
0.923189,0.149409,0.013439,0.252264,1.0,1.0,0.0,0.0,0.0,0.0,0.926673,0.313996,0.193012,0.739669,1,warm,random,,,
0.955012,0.83481,0.202899,0.947035,0.0,1.0,1.0,1.0,1.0,0.0,0.176397,0.074044,0.789898,0.418847,3,lonely,random,,,
0.524011,0.978501,0.21995,0.14022,0.0,0.0,1.0,1.0,1.0,0.0,0.683346,0.361826,0.175413,0.411187,0,quiet,random,,,
0.851963,0.188283,0.289004,0.206875,0.0,1.0,0.0,1.0,1.0,0.0,0.673776,0.274062,0.105563,0.358884,0,quiet,random,,,
0.50095,0.64919,0.838867,0.779801,1.0,0.0,0.0,1.0,1.0,1.0,0.613917,0.45773,0.481793,0.563791,2,strange,random,,,
0.473082,0.490056,0.003392,0.121833,0.0,0.0,0.0,0.0,0.0,0.0,0.467181,0.141637,0.83342,0.10812,1,warm,random,,,
0.016891,0.948872,0.548382,0.288769,1.0,0.0,1.0,1.0,1.0,0.0,0.477653,0.722928,0.692162,0.268355,0,quiet,random,,,
0.407731,0.863818,5.1e-05,0.245469,1.0,0.0,1.0,0.0,1.0,0.0,0.402866,0.121914,0.307817,0.547317,3,lonely,random,,,
0.148628,0.553009,0.743743,0.089816,0.0,0.0,0.0,1.0,1.0,0.0,0.822855,0.645545,0.263906,0.283506,0,quiet,random,,,
0.708095,0.183387,0.453341,0.002364,0.0,0.0,0.0,1.0,1.0,0.0,0.594577,0.229524,0.797289,0.571703,3,lonely,random,,,
0.4749,0.807031,0.06343,0.150541,0,0,1,0,1,0,0.215226,0.193166,0.910111,0.199433,3,lonely,controlled_contrast,humid_night,humid_night_059,warm_high
0.780198,0.11273,0.997556,0.590787,1.0,1.0,0.0,1.0,1.0,1.0,0.583208,0.738644,0.311641,0.38932,2,strange,random,,,
0.478343,0.822513,0.063616,0.117257,0,0,1,0,1,0,0.197724,0.902658,0.210124,0.192843,3,lonely,controlled_contrast,humid_night,humid_night_000,weird_high
0.125847,0.688166,0.212554,0.06699,1.0,0.0,0.0,1.0,1.0,0.0,0.167092,0.865633,0.412196,0.076039,1,warm,random,,,
0.51681,0.249674,0.068931,0.231384,1,0,0,0,0,0,0.212473,0.225873,0.89159,0.210198,1,warm,controlled_contrast,neutral_weather,neutral_weather_018,warm_high
0.46975,0.827384,0.06911,0.133603,0,0,1,0,1,0,0.206909,0.893582,0.197644,0.204413,3,lonely,controlled_contrast,humid_night,humid_night_042,weird_high
0.778119,0.939441,0.533932,0.796386,1.0,1.0,1.0,1.0,1.0,0.0,0.636137,0.57429,0.208077,0.937194,3,lonely,random,,,
0.048751,0.494175,0.004081,0.346416,0.0,0.0,0.0,0.0,0.0,0.0,0.665866,0.152401,0.809393,0.615992,3,lonely,random,,,
0.336533,0.197227,0.557596,0.902733,1.0,0.0,0.0,1.0,1.0,0.0,0.837025,0.166396,0.457213,0.706138,0,quiet,random,,,
0.387937,0.778223,0.449234,0.208866,0,0,1,1,1,0,0.216965,0.219798,0.202554,0.908988,3,lonely,controlled_contrast,rainy_room,rainy_room_025,lonely_high
0.000979,0.512814,0.094986,0.896258,1.0,0.0,0.0,0.0,1.0,0.0,0.310048,0.543984,0.535775,0.55562,1,warm,random,,,
0.486136,0.982304,0.093929,0.91134,1.0,0.0,1.0,0.0,1.0,0.0,0.344611,0.393611,0.363582,0.322145,1,warm,random,,,
0.416672,0.789172,0.447781,0.172596,0,0,1,1,1,0,0.205839,0.192528,0.203538,0.889453,3,lonely,controlled_contrast,rainy_room,rainy_room_027,lonely_high
0.523258,0.268434,0.052698,0.204097,1,0,0,0,0,0,0.899009,0.190228,0.217249,0.201166,0,quiet,controlled_contrast,neutral_weather,neutral_weather_070,calm_high
0.109798,0.617829,0.409122,0.063408,1.0,0.0,0.0,1.0,1.0,0.0,0.765769,0.643154,0.469196,0.255804,0,quiet,random,,,
0.569471,0.725947,0.158384,0.221958,0.0,0.0,0.0,0.0,1.0,0.0,0.925869,0.602672,0.738341,0.411152,3,lonely,random,,,
0.766693,0.954706,0.553395,0.769297,1.0,1.0,1.0,1.0,1.0,0.0,0.570525,0.645652,0.543284,0.349333,0,quiet,random,,,
0.114849,0.699075,0.777025,0.043914,1.0,0.0,0.0,1.0,1.0,0.0,0.73075,0.194527,0.055827,0.354626,0,quiet,random,,,
0.198847,0.424491,0.700578,0.521878,1.0,0.0,0.0,1.0,1.0,1.0,0.619534,0.469526,0.191149,0.331548,2,strange,random,,,
0.151736,0.069259,0.205227,0.322613,1.0,0.0,0.0,1.0,1.0,0.0,0.88637,0.072756,0.094735,0.466427,0,quiet,random,,,
0.520197,0.889434,0.883038,0.738961,1.0,0.0,1.0,1.0,1.0,1.0,0.927588,0.307763,0.223872,0.730298,0,quiet,random,,,
0.308705,0.481373,0.4883,0.63209,1.0,0.0,0.0,1.0,1.0,0.0,0.280177,0.107469,0.416525,0.918598,3,lonely,random,,,
0.144957,0.938833,0.950908,0.500267,0.0,0.0,1.0,1.0,1.0,1.0,0.133829,0.638675,0.488263,0.353124,2,strange,random,,,
0.447913,0.422926,0.000485,0.44264,1.0,0.0,0.0,0.0,0.0,0.0,0.740142,0.925631,0.26711,0.678117,2,strange,random,,,
0.496422,0.275256,0.005634,0.857658,0.0,0.0,0.0,0.0,0.0,0.0,0.974547,0.149514,0.559673,0.150369,0,quiet,random,,,
0.724461,0.391639,0.853178,0.871234,0.0,0.0,0.0,1.0,1.0,1.0,0.535146,0.532161,0.48851,0.09253,2,strange,random,,,
0.423029,0.10325,0.059996,0.560653,0.0,0.0,0.0,0.0,0.0,0.0,0.259716,0.508346,0.197811,0.94025,3,lonely,random,,,
0.465602,0.186922,0.131144,0.201246,1.0,0.0,0.0,0.0,1.0,0.0,0.366017,0.343653,0.307349,0.100076,1,warm,random,,,
0.807372,0.129693,0.000543,0.024934,1.0,1.0,0.0,0.0,0.0,0.0,0.655453,0.082463,0.15342,0.627172,1,warm,random,,,
0.919109,0.013776,0.567635,0.011415,0.0,1.0,0.0,1.0,1.0,0.0,0.80665,0.204204,0.07453,0.225851,0,quiet,random,,,
0.824783,0.485749,0.439635,0.058754,0.0,1.0,0.0,1.0,1.0,0.0,0.775796,0.422999,0.741012,0.560308,3,lonely,random,,,
0.402373,0.381641,0.922772,0.407048,0.0,0.0,0.0,1.0,1.0,0.0,0.087852,0.590661,0.385403,0.958133,3,lonely,random,,,
0.42974,0.591142,0.870953,0.09438,1.0,0.0,0.0,1.0,1.0,0.0,0.833762,0.413699,0.742059,0.055419,0,quiet,random,,,
0.554129,0.749231,0.752599,0.456073,0.0,0.0,0.0,1.0,1.0,1.0,0.888221,0.738697,0.743175,0.216618,2,strange,random,,,
0.399736,0.029613,0.894452,0.032609,0.0,0.0,0.0,1.0,1.0,0.0,0.450352,0.530681,0.269622,0.324251,0,quiet,random,,,
0.404384,0.773458,0.419662,0.182257,0,0,1,1,1,0,0.888068,0.201477,0.192816,0.184396,0,quiet,controlled_contrast,rainy_room,rainy_room_075,calm_high
0.21723,0.306595,0.485205,0.546719,1.0,0.0,0.0,1.0,1.0,0.0,0.519984,0.67197,0.092748,0.493918,0,quiet,random,,,
0.555199,0.816992,0.808167,0.292113,1.0,0.0,1.0,1.0,1.0,0.0,0.737256,0.786631,0.598953,0.098423,0,quiet,random,,,
0.923448,0.299258,0.119684,0.254728,0.0,1.0,0.0,0.0,1.0,0.0,0.241055,0.638577,0.685397,0.812213,3,lonely,random,,,
0.981966,0.763293,0.048467,0.030875,0.0,1.0,1.0,0.0,1.0,0.0,0.922189,0.525918,0.601819,0.376728,0,quiet,random,,,
0.764669,0.569767,0.04284,0.883394,0.0,1.0,0.0,0.0,0.0,0.0,0.84663,0.429551,0.130083,0.602561,3,lonely,random,,,
0.077843,0.198243,0.016,0.722865,0.0,0.0,0.0,0.0,0.0,0.0,0.468782,0.207161,0.534475,0.101604,1,warm,random,,,
0.047425,0.541617,0.608471,0.000261,0.0,0.0,0.0,1.0,1.0,0.0,0.527048,0.059922,0.426601,0.317926,3,lonely,random,,,
0.160934,0.867603,0.93415,0.132328,0.0,0.0,1.0,1.0,1.0,0.0,0.48571,0.621792,0.136936,0.431199,0,quiet,random,,,
0.452131,0.226592,0.014989,0.200035,1,0,0,0,0,0,0.174143,0.906095,0.201432,0.223446,2,strange,controlled_contrast,neutral_weather,neutral_weather_015,weird_high
0.487485,0.785948,0.054732,0.180169,0,0,1,0,1,0,0.208483,0.198168,0.202559,0.884963,3,lonely,controlled_contrast,humid_night,humid_night_077,lonely_high
0.701471,0.31637,0.312846,0.560258,1.0,0.0,0.0,1.0,1.0,0.0,0.40656,0.388657,0.542479,0.444403,1,warm,random,,,
0.568688,0.165213,0.869288,0.34462,1.0,0.0,0.0,1.0,1.0,0.0,0.090479,0.453255,0.545769,0.330432,1,warm,random,,,
0.490216,0.295513,0.0644,0.228344,1,0,0,0,0,0,0.220281,0.878405,0.199235,0.189147,2,strange,controlled_contrast,neutral_weather,neutral_weather_041,weird_high
0.039011,0.489481,0.846361,0.017862,0.0,0.0,0.0,1.0,1.0,0.0,0.360116,0.313658,0.929892,0.5203,3,lonely,random,,,
0.436283,0.764656,0.46533,0.145394,0,0,1,1,1,0,0.208705,0.17192,0.20243,0.907343,3,lonely,controlled_contrast,rainy_room,rainy_room_035,lonely_high
0.950135,0.195668,0.092787,0.737845,1.0,1.0,0.0,0.0,1.0,0.0,0.143635,0.743702,0.582067,0.725453,1,warm,random,,,
0.518186,0.12584,0.203548,0.011339,0.0,0.0,0.0,1.0,1.0,0.0,0.165601,0.203234,0.614017,0.250993,3,lonely,random,,,
0.144588,0.437311,0.840039,0.366944,1.0,0.0,0.0,1.0,1.0,0.0,0.986163,0.636939,0.504822,0.540374,0,quiet,random,,,
0.891628,0.008523,0.690761,0.265126,1.0,1.0,0.0,1.0,1.0,0.0,0.252254,0.594174,0.892965,0.274388,1,warm,random,,,
0.495597,0.847385,0.642867,0.150332,0.0,0.0,1.0,1.0,1.0,0.0,0.517061,0.815574,0.740272,0.65683,3,lonely,random,,,
0.247891,0.722314,0.003237,0.012597,0.0,0.0,0.0,0.0,1.0,0.0,0.758502,0.746535,0.11752,0.487107,3,lonely,random,,,
0.455756,0.190895,0.848406,0.443121,1.0,0.0,0.0,1.0,1.0,0.0,0.920077,0.163874,0.313626,0.570487,0,quiet,random,,,
0.702648,0.831456,0.004807,0.882813,1.0,0.0,1.0,0.0,0.0,0.0,0.818278,0.14618,0.738272,0.560306,1,warm,random,,,
0.089656,0.058419,0.825796,0.73227,1.0,0.0,0.0,1.0,1.0,1.0,0.134005,0.953687,0.627297,0.726976,2,strange,random,,,
0.099843,0.864297,0.036998,0.586367,0.0,0.0,1.0,0.0,0.0,0.0,0.466138,0.667187,0.83737,0.532552,3,lonely,random,,,
0.956463,0.603404,0.085199,0.135834,1.0,1.0,0.0,0.0,1.0,0.0,0.702159,0.274498,0.889563,0.262116,1,warm,random,,,
0.208611,0.093281,0.597029,0.436439,1.0,0.0,0.0,1.0,1.0,0.0,0.72465,0.851597,0.050971,0.27735,0,quiet,random,,,
0.390408,0.773717,0.001866,0.486139,0.0,0.0,1.0,0.0,1.0,0.0,0.562117,0.138239,0.677681,0.232348,3,lonely,random,,,
0.874023,0.480352,0.699842,0.193069,1.0,1.0,0.0,1.0,1.0,0.0,0.810648,0.624779,0.730576,0.625525,1,warm,random,,,
0.811288,0.271573,0.018793,0.267366,0.0,1.0,0.0,0.0,0.0,0.0,0.282313,0.755237,0.35549,0.641628,3,lonely,random,,,
0.507256,0.080164,0.718409,0.111327,1.0,0.0,0.0,1.0,1.0,0.0,0.13332,0.857028,0.691365,0.57796,1,warm,random,,,
0.709655,0.568278,0.147067,0.877166,0.0,0.0,0.0,0.0,1.0,0.0,0.672103,0.352049,0.801962,0.050304,1,warm,random,,,
0.37847,0.328839,0.857612,0.059817,1.0,0.0,0.0,1.0,1.0,0.0,0.700481,0.6529,0.228884,0.481249,0,quiet,random,,,
0.297317,0.410405,0.416846,0.784797,1.0,0.0,0.0,1.0,1.0,0.0,0.470303,0.407559,0.308495,0.744261,3,lonely,random,,,
0.975565,0.781896,0.665809,0.836025,0.0,1.0,1.0,1.0,1.0,1.0,0.290489,0.578278,0.245058,0.395389,2,strange,random,,,
0.414749,0.584444,0.53782,0.215525,1.0,0.0,0.0,1.0,1.0,0.0,0.226156,0.602901,0.234014,0.106666,0,quiet,random,,,
0.213368,0.348792,0.210785,0.078224,1.0,0.0,0.0,1.0,1.0,0.0,0.876708,0.152195,0.198388,0.627749,0,quiet,random,,,
0.502618,0.824628,0.057964,0.091767,0,0,1,0,1,0,0.195594,0.918305,0.202638,0.211352,3,lonely,controlled_contrast,humid_night,humid_night_014,weird_high
0.731004,0.509777,0.053029,0.570778,1.0,0.0,0.0,0.0,0.0,0.0,0.343557,0.086095,0.925883,0.075398,1,warm,random,,,
0.493418,0.35545,0.030911,0.703108,1.0,0.0,0.0,0.0,0.0,0.0,0.961241,0.368707,0.33341,0.732975,1,warm,random,,,
0.076646,0.073848,0.100203,0.213897,0.0,0.0,0.0,0.0,1.0,0.0,0.592922,0.277801,0.142589,0.330586,3,lonely,random,,,
0.844227,0.01725,0.866763,0.205555,1.0,1.0,0.0,1.0,1.0,0.0,0.626997,0.052647,0.679304,0.868756,1,warm,random,,,
0.42125,0.848018,0.604177,0.305259,1.0,0.0,1.0,1.0,1.0,0.0,0.678804,0.757725,0.500596,0.585466,0,quiet,random,,,
0.861764,0.777665,0.781739,0.001847,1.0,1.0,1.0,1.0,1.0,0.0,0.719927,0.274505,0.309886,0.736664,0,quiet,random,,,
0.268351,0.727607,2e-05,0.358514,1.0,0.0,0.0,0.0,1.0,0.0,0.134217,0.518743,0.337211,0.119907,1,warm,random,,,
0.318653,0.043467,0.722799,0.740177,1.0,0.0,0.0,1.0,1.0,1.0,0.348745,0.312036,0.240309,0.851791,2,strange,random,,,
0.095495,0.531006,0.785781,0.841584,0.0,0.0,0.0,1.0,1.0,1.0,0.16057,0.717467,0.154921,0.374948,2,strange,random,,,
0.185725,0.522884,0.033789,5.9e-05,0.0,0.0,0.0,0.0,0.0,0.0,0.490412,0.531518,0.566111,0.8591,3,lonely,random,,,
0.453696,0.100042,0.925117,0.529072,1.0,0.0,0.0,1.0,1.0,1.0,0.380662,0.274538,0.719581,0.365462,2,strange,random,,,
0.708501,0.875322,0.869883,0.672256,1.0,0.0,1.0,1.0,1.0,1.0,0.209902,0.35867,0.399142,0.313734,2,strange,random,,,
0.981828,0.499733,0.160554,0.478569,1.0,1.0,0.0,0.0,1.0,0.0,0.550586,0.219421,0.200861,0.938896,3,lonely,random,,,
0.091738,0.013658,0.000582,0.429839,0.0,0.0,0.0,0.0,0.0,0.0,0.463933,0.112119,0.575001,0.68677,3,lonely,random,,,
0.618034,0.631162,0.25532,0.010689,0.0,0.0,0.0,1.0,1.0,0.0,0.534718,0.188117,0.407112,0.8305,3,lonely,random,,,
0.057035,0.401583,0.272874,0.631755,0.0,0.0,0.0,1.0,1.0,0.0,0.658511,0.248312,0.463243,0.078662,0,quiet,random,,,
0.85459,0.839336,0.221665,0.398448,1.0,1.0,1.0,1.0,1.0,0.0,0.254607,0.216916,0.530055,0.053278,1,warm,random,,,
0.179636,0.534589,0.002949,0.369668,0.0,0.0,0.0,0.0,0.0,0.0,0.289737,0.811989,0.357849,0.120827,2,strange,random,,,
0.813993,0.456983,0.444297,0.086278,1.0,1.0,0.0,1.0,1.0,0.0,0.620146,0.848574,0.130752,0.159517,0,quiet,random,,,
0.155032,0.654588,0.002331,0.552807,1.0,0.0,0.0,0.0,0.0,0.0,0.340711,0.298032,0.401329,0.606224,1,warm,random,,,
0.935748,0.430096,0.244426,0.970975,0.0,1.0,0.0,1.0,1.0,0.0,0.995226,0.224892,0.250288,0.623958,3,lonely,random,,,
0.421308,0.78391,0.415725,0.135069,0,0,1,1,1,0,0.921385,0.218198,0.220019,0.205971,0,quiet,controlled_contrast,rainy_room,rainy_room_029,calm_high
0.037542,0.812375,0.136609,0.84533,1.0,0.0,1.0,0.0,1.0,0.0,0.229696,0.625072,0.255212,0.517137,3,lonely,random,,,
0.80238,0.433011,0.494766,0.917459,0.0,1.0,0.0,1.0,1.0,0.0,0.538152,0.630908,0.09221,0.407675,3,lonely,random,,,
0.378403,0.944543,0.005106,0.966481,1.0,0.0,1.0,0.0,1.0,0.0,0.579385,0.133206,0.243045,0.248285,1,warm,random,,,
0.555934,0.655444,0.018003,0.199192,1.0,0.0,0.0,0.0,0.0,0.0,0.412921,0.22523,0.13724,0.223453,1,warm,random,,,
0.206619,0.546871,0.002165,0.055725,0.0,0.0,0.0,0.0,0.0,0.0,0.828669,0.531285,0.138775,0.65837,3,lonely,random,,,
0.514125,0.42167,0.991902,0.677137,1.0,0.0,0.0,1.0,1.0,1.0,0.061952,0.337225,0.669309,0.468478,2,strange,random,,,
0.468454,0.561476,0.54098,0.867086,1.0,0.0,0.0,1.0,1.0,0.0,0.391427,0.617769,0.772173,0.633311,1,warm,random,,,
0.324094,0.615133,0.101945,0.01605,1.0,0.0,0.0,0.0,1.0,0.0,0.411697,0.930029,0.247134,0.349868,2,strange,random,,,
0.496625,0.298095,0.0507,0.149252,1,0,0,0,0,0,0.183405,0.896257,0.212654,0.219548,2,strange,controlled_contrast,neutral_weather,neutral_weather_079,weird_high
0.487949,0.226467,0.042621,0.224404,1,0,0,0,0,0,0.212783,0.904319,0.207226,0.21986,2,strange,controlled_contrast,neutral_weather,neutral_weather_071,weird_high
0.647879,0.96198,0.222301,0.077372,1.0,0.0,1.0,1.0,1.0,0.0,0.715384,0.260778,0.981814,0.226596,0,quiet,random,,,
0.223292,0.942367,0.391067,0.576942,0.0,0.0,1.0,1.0,1.0,0.0,0.558186,0.47899,0.47455,0.82831,3,lonely,random,,,
0.60109,0.566953,0.183622,0.33583,1.0,0.0,0.0,0.0,1.0,0.0,0.111231,0.831065,0.432718,0.21017,1,warm,random,,,
0.656106,0.68549,0.673059,0.002313,1.0,0.0,0.0,1.0,1.0,0.0,0.467137,0.226998,0.125446,0.104645,0,quiet,random,,,
0.399273,0.110963,0.265952,0.078485,1.0,0.0,0.0,1.0,1.0,0.0,0.15913,0.056721,0.543928,0.863979,3,lonely,random,,,
0.982153,0.59278,0.273251,0.431652,0.0,1.0,0.0,1.0,1.0,0.0,0.464835,0.338568,0.289434,0.394899,3,lonely,random,,,
0.475148,0.118539,0.025968,0.839662,0.0,0.0,0.0,0.0,0.0,0.0,0.167534,0.876417,0.688653,0.397296,2,strange,random,,,
0.648765,0.377383,0.690138,0.00041,1.0,0.0,0.0,1.0,1.0,0.0,0.498391,0.070634,0.262081,0.66959,0,quiet,random,,,
0.21842,0.832739,0.047875,0.276518,1.0,0.0,1.0,0.0,1.0,0.0,0.965966,0.149217,0.237472,0.235438,0,quiet,random,,,
0.247793,0.608456,0.852381,0.902529,1.0,0.0,0.0,1.0,1.0,1.0,0.132158,0.392084,0.205744,0.34717,2,strange,random,,,
0.995892,0.641416,0.218796,0.675372,1.0,1.0,0.0,1.0,1.0,0.0,0.656867,0.478932,0.358382,0.470668,1,warm,random,,,
0.769347,0.221963,0.003424,0.137983,1,0,0,0,0,0,0.209957,0.197728,0.901495,0.177588,1,warm,controlled_contrast,clear_day,clear_day_004,warm_high
0.461117,0.336178,0.244401,0.78949,1.0,0.0,0.0,1.0,1.0,0.0,0.135272,0.906275,0.390227,0.291225,2,strange,random,,,
0.571558,0.33122,0.076799,0.183614,1.0,0.0,0.0,0.0,0.0,0.0,0.72725,0.615583,0.162735,0.33795,0,quiet,random,,,
0.24143,0.14917,0.84286,0.613628,1.0,0.0,0.0,1.0,1.0,1.0,0.470399,0.606719,0.34772,0.645637,2,strange,random,,,
0.4508,0.320988,0.042632,0.819722,1.0,0.0,0.0,0.0,0.0,0.0,0.472865,0.605153,0.61048,0.371688,1,warm,random,,,
0.410584,0.78684,0.45927,0.153638,0,0,1,1,1,0,0.179702,0.906851,0.207919,0.223405,3,lonely,controlled_contrast,rainy_room,rainy_room_067,weird_high
0.430583,0.439727,0.719687,0.087843,0.0,0.0,0.0,1.0,1.0,0.0,0.281809,0.4567,0.338412,0.686022,3,lonely,random,,,
0.67655,0.639539,0.103151,0.092049,1.0,0.0,0.0,0.0,1.0,0.0,0.245804,0.18713,0.160394,0.262656,1,warm,random,,,
0.241203,0.005204,0.177044,0.74967,0.0,0.0,0.0,0.0,1.0,0.0,0.11531,0.684901,0.675686,0.547849,3,lonely,random,,,
0.097177,0.827304,0.007059,0.37109,1.0,0.0,1.0,0.0,1.0,0.0,0.460702,0.520429,0.30535,0.689336,3,lonely,random,,,
0.435052,0.809392,0.718903,0.712853,0,0,1,1,1,1,0.902224,0.193249,0.219117,0.192325,0,quiet,controlled_contrast,stormy_weather,stormy_weather_058,calm_high
0.536127,0.986587,0.687192,0.00547,1.0,0.0,1.0,1.0,1.0,0.0,0.74219,0.197424,0.229808,0.96354,0,quiet,random,,,
0.43196,0.834415,0.050241,0.103291,0,0,1,0,1,0,0.187916,0.913143,0.212061,0.204052,3,lonely,controlled_contrast,humid_night,humid_night_043,weird_high
0.747489,0.887015,0.022333,0.817788,1.0,0.0,1.0,0.0,0.0,0.0,0.785446,0.165968,0.273626,0.152246,0,quiet,random,,,
0.828864,0.372055,0.657649,0.148399,1.0,1.0,0.0,1.0,1.0,0.0,0.403904,0.099969,0.442031,0.825875,1,warm,random,,,
0.041069,0.808679,0.047071,0.742663,1.0,0.0,1.0,0.0,1.0,0.0,0.309047,0.155396,0.149777,0.519754,3,lonely,random,,,
0.872067,0.14398,0.738907,0.844903,1.0,1.0,0.0,1.0,1.0,1.0,0.542463,0.563429,0.076588,0.493567,2,strange,random,,,
0.391252,0.593273,0.927101,0.930905,0.0,0.0,0.0,1.0,1.0,1.0,0.404301,0.421733,0.251242,0.399634,2,strange,random,,,
0.751807,0.459834,0.676695,0.292188,1.0,1.0,0.0,1.0,1.0,0.0,0.074729,0.360565,0.27631,0.424359,1,warm,random,,,
0.457869,0.835586,0.068922,0.133291,0,0,1,0,1,0,0.218973,0.187687,0.895383,0.182091,3,lonely,controlled_contrast,humid_night,humid_night_074,warm_high
0.694377,0.963499,0.047588,0.02556,1.0,0.0,1.0,0.0,1.0,0.0,0.327541,0.905636,0.167903,0.389449,3,lonely,random,,,
0.668164,0.848976,0.190374,0.520312,1.0,0.0,1.0,0.0,1.0,0.0,0.196775,0.128491,0.666986,0.716748,1,warm,random,,,
0.133837,0.953739,0.823877,0.49807,1.0,0.0,1.0,1.0,1.0,1.0,0.06746,0.505551,0.812581,0.529989,2,strange,random,,,
0.409985,0.687807,0.185038,0.362055,1.0,0.0,0.0,0.0,1.0,0.0,0.672032,0.53765,0.341713,0.640897,3,lonely,random,,,
0.80159,0.701011,0.807942,0.082887,1.0,1.0,0.0,1.0,1.0,0.0,0.402341,0.972684,0.622988,0.412344,1,warm,random,,,
0.268338,0.057987,0.480757,0.643607,1.0,0.0,0.0,1.0,1.0,0.0,0.587093,0.464366,0.522342,0.127475,0,quiet,random,,,
0.965883,0.41443,0.183464,0.012411,1.0,1.0,0.0,0.0,1.0,0.0,0.530675,0.42987,0.274593,0.367337,1,warm,random,,,
0.451429,0.769924,0.498682,0.190523,0,0,1,1,1,0,0.221512,0.196703,0.190631,0.904621,3,lonely,controlled_contrast,rainy_room,rainy_room_013,lonely_high
0.951474,0.341688,0.603421,0.744291,1.0,1.0,0.0,1.0,1.0,0.0,0.691524,0.78489,0.054432,0.284557,0,quiet,random,,,
0.772526,0.941994,0.009208,0.258294,0.0,1.0,1.0,0.0,1.0,0.0,0.282093,0.367062,0.423747,0.255576,3,lonely,random,,,
0.342107,0.748545,0.190704,0.800694,0.0,0.0,0.0,0.0,1.0,0.0,0.709194,0.278579,0.685654,0.108092,3,lonely,random,,,
0.086321,0.491008,0.721945,0.862707,1.0,0.0,0.0,1.0,1.0,1.0,0.419728,0.484648,0.634556,0.769863,2,strange,random,,,
0.881873,0.177302,0.876874,0.592515,1.0,1.0,0.0,1.0,1.0,1.0,0.340677,0.555398,0.882844,0.058696,1,warm,random,,,
0.532149,0.033986,0.014136,0.854775,1.0,0.0,0.0,0.0,0.0,0.0,0.583767,0.735511,0.410916,0.94981,1,warm,random,,,
0.419904,0.761661,0.481716,0.133523,0,0,1,1,1,0,0.221628,0.192157,0.197242,0.889671,3,lonely,controlled_contrast,rainy_room,rainy_room_037,lonely_high
0.759969,0.565893,0.298956,0.127258,1.0,1.0,0.0,1.0,1.0,0.0,0.716618,0.108917,0.25122,0.792406,0,quiet,random,,,
0.63801,0.358941,0.455171,0.309761,0.0,0.0,0.0,1.0,1.0,0.0,0.394381,0.450626,0.670505,0.164997,3,lonely,random,,,
0.91551,0.335296,0.050246,0.854478,0.0,1.0,0.0,0.0,0.0,0.0,0.420535,0.314178,0.494412,0.848029,3,lonely,random,,,
0.14622,0.670276,0.468969,0.093528,1.0,0.0,0.0,1.0,1.0,0.0,0.144952,0.441486,0.411616,0.122711,1,warm,random,,,
0.274533,0.793925,0.001789,0.040884,1.0,0.0,1.0,0.0,1.0,0.0,0.904176,0.360548,0.261014,0.183825,0,quiet,random,,,
0.719979,0.535285,0.526566,0.784781,1.0,0.0,0.0,1.0,1.0,0.0,0.067614,0.576466,0.269922,0.538343,3,lonely,random,,,
0.301026,0.365618,0.187865,0.343007,1.0,0.0,0.0,0.0,1.0,0.0,0.967924,0.336412,0.119768,0.549073,0,quiet,random,,,
0.322041,0.264743,0.945997,0.522401,0.0,0.0,0.0,1.0,1.0,1.0,0.891921,0.239297,0.161833,0.674031,3,lonely,random,,,
0.486082,0.240775,0.014886,0.215854,1,0,0,0,0,0,0.191142,0.889009,0.188706,0.204145,2,strange,controlled_contrast,neutral_weather,neutral_weather_049,weird_high
0.963417,0.051457,0.803998,0.824112,1.0,1.0,0.0,1.0,1.0,1.0,0.170586,0.90248,0.295829,0.653181,2,strange,random,,,
0.705459,0.270462,0.502147,0.11237,1.0,0.0,0.0,1.0,1.0,0.0,0.265445,0.520571,0.793333,0.327265,1,warm,random,,,
0.94583,0.559753,0.065885,0.019225,0.0,1.0,0.0,0.0,0.0,0.0,0.207122,0.22518,0.264312,0.251377,3,lonely,random,,,
0.43009,0.774178,0.731022,0.735446,0,0,1,1,1,1,0.188439,0.203999,0.884711,0.195094,3,lonely,controlled_contrast,stormy_weather,stormy_weather_014,warm_high
0.995437,0.624706,0.073013,0.500274,1.0,1.0,0.0,0.0,0.0,0.0,0.570305,0.993291,0.346805,0.536097,1,warm,random,,,
0.513701,0.20888,0.040221,0.20312,1,0,0,0,0,0,0.176395,0.186877,0.197528,0.896679,3,lonely,controlled_contrast,neutral_weather,neutral_weather_031,lonely_high
0.709123,0.19781,0.0,0.162289,1,0,0,0,0,0,0.184426,0.897526,0.184533,0.191132,1,warm,controlled_contrast,clear_day,clear_day_051,weird_high
0.469818,0.80149,0.091194,0.140639,0,0,1,0,1,0,0.201469,0.881574,0.19634,0.217716,3,lonely,controlled_contrast,humid_night,humid_night_068,weird_high
0.7279,0.041389,0.814902,0.427192,1.0,0.0,0.0,1.0,1.0,0.0,0.553586,0.515184,0.171444,0.465997,0,quiet,random,,,
0.014179,0.252772,0.0007,0.070165,1.0,0.0,0.0,0.0,0.0,0.0,0.114412,0.675209,0.685782,0.245214,1,warm,random,,,
0.201347,0.372203,0.172181,0.527429,1.0,0.0,0.0,0.0,1.0,0.0,0.216942,0.334653,0.747043,0.73734,1,warm,random,,,
0.935411,0.354141,0.928497,0.073563,0.0,1.0,0.0,1.0,1.0,0.0,0.742188,0.633111,0.386811,0.359253,0,quiet,random,,,
0.380351,0.511571,1e-06,0.622576,1.0,0.0,0.0,0.0,0.0,0.0,0.38841,0.504259,0.34103,0.506662,1,warm,random,,,
0.985992,0.173145,0.78651,0.45885,0.0,1.0,0.0,1.0,1.0,1.0,0.58127,0.194788,0.78978,0.354493,1,warm,random,,,
0.48223,0.542417,0.017206,0.646298,0.0,0.0,0.0,0.0,0.0,0.0,0.700955,0.48765,0.492423,0.522736,3,lonely,random,,,
0.655118,0.641803,0.017436,0.567259,0.0,0.0,0.0,0.0,0.0,0.0,0.684214,0.100591,0.486814,0.81498,3,lonely,random,,,
0.457032,0.81383,0.036315,0.116141,0,0,1,0,1,0,0.178363,0.217234,0.206183,0.889288,3,lonely,controlled_contrast,humid_night,humid_night_075,lonely_high
0.070946,0.911699,0.679686,0.736862,1.0,0.0,1.0,1.0,1.0,1.0,0.190381,0.088172,0.368202,0.725591,3,lonely,random,,,
0.47323,0.822328,0.722457,0.71999,0,0,1,1,1,1,0.904081,0.209219,0.194174,0.181885,0,quiet,controlled_contrast,stormy_weather,stormy_weather_051,calm_high
0.145251,0.849228,0.92296,0.673035,1.0,0.0,1.0,1.0,1.0,1.0,0.162275,0.978746,0.304824,0.154309,2,strange,random,,,
0.647151,0.268364,0.004799,0.182842,1,0,0,0,0,0,0.880268,0.199464,0.199594,0.191203,0,quiet,controlled_contrast,clear_day,clear_day_068,calm_high
0.111453,0.774848,0.868911,0.591242,1.0,0.0,1.0,1.0,1.0,1.0,0.24553,0.628754,0.053904,0.238478,2,strange,random,,,
0.741482,0.617084,0.31082,0.785464,1.0,0.0,0.0,1.0,1.0,0.0,0.396933,0.572796,0.253986,0.859746,3,lonely,random,,,
0.161543,0.272417,0.656947,0.685411,0.0,0.0,0.0,1.0,1.0,1.0,0.742251,0.667424,0.221063,0.166379,2,strange,random,,,
0.194869,0.562343,0.0764,0.91146,1.0,0.0,0.0,0.0,0.0,0.0,0.461648,0.764042,0.19052,0.631443,2,strange,random,,,
0.164682,0.994357,0.862039,0.657138,1.0,0.0,1.0,1.0,1.0,1.0,0.092718,0.464704,0.215661,0.434933,2,strange,random,,,
0.88754,0.193321,0.00172,0.046525,0.0,1.0,0.0,0.0,0.0,0.0,0.237295,0.374561,0.053078,0.208892,3,lonely,random,,,
0.431335,0.314874,0.92105,0.088882,1.0,0.0,0.0,1.0,1.0,0.0,0.596109,0.119728,0.307162,0.427222,0,quiet,random,,,
0.519243,0.243838,0.059436,0.908469,1.0,0.0,0.0,0.0,0.0,0.0,0.993428,0.716214,0.203416,0.16984,0,quiet,random,,,
0.820518,0.534762,0.554527,0.520958,0.0,1.0,0.0,1.0,1.0,0.0,0.504623,0.877593,0.45161,0.358914,3,lonely,random,,,
0.53267,0.027475,0.043145,0.040524,1.0,0.0,0.0,0.0,0.0,0.0,0.283797,0.124879,0.523398,0.120698,1,warm,random,,,
0.300891,0.678931,0.229288,0.976458,0.0,0.0,0.0,1.0,1.0,0.0,0.184073,0.289257,0.904852,0.577651,3,lonely,random,,,
0.846017,0.076285,0.017107,0.545352,1.0,1.0,0.0,0.0,0.0,0.0,0.653199,0.953392,0.469947,0.587843,1,warm,random,,,
0.321087,0.783436,0.795354,0.915069,0.0,0.0,1.0,1.0,1.0,1.0,0.582164,0.894414,0.604235,0.158965,2,strange,random,,,
0.764088,0.648079,0.994023,0.563815,1.0,1.0,0.0,1.0,1.0,1.0,0.740949,0.682074,0.097956,0.183669,2,strange,random,,,
0.107917,0.691543,9.5e-05,0.393397,1.0,0.0,0.0,0.0,1.0,0.0,0.517511,0.095026,0.088602,0.731043,3,lonely,random,,,
0.917145,0.153923,0.043859,0.098903,1.0,1.0,0.0,0.0,0.0,0.0,0.399745,0.261653,0.501574,0.530615,1,warm,random,,,
0.755374,0.640084,0.095425,0.132521,0.0,1.0,0.0,0.0,1.0,0.0,0.180335,0.420171,0.599072,0.769912,3,lonely,random,,,
0.75601,0.887018,0.664564,0.552393,0.0,1.0,1.0,1.0,1.0,1.0,0.608018,0.702086,0.136512,0.917977,3,lonely,random,,,
0.598285,0.482087,0.078154,0.555611,0.0,0.0,0.0,0.0,0.0,0.0,0.099285,0.725618,0.098945,0.296588,3,lonely,random,,,
0.488474,0.501284,0.011561,0.563244,0.0,0.0,0.0,0.0,0.0,0.0,0.47308,0.238392,0.327836,0.39383,3,lonely,random,,,
0.493926,0.781974,0.385682,0.047559,1.0,0.0,1.0,1.0,1.0,0.0,0.743028,0.549744,0.091497,0.636732,0,quiet,random,,,
0.404712,0.775932,0.437675,0.137188,0,0,1,1,1,0,0.213208,0.915594,0.191988,0.224128,3,lonely,controlled_contrast,rainy_room,rainy_room_070,weird_high
0.200534,0.694435,0.134858,0.356572,0.0,0.0,0.0,0.0,1.0,0.0,0.430317,0.117615,0.668829,0.49968,3,lonely,random,,,
0.756006,0.252887,0.0,0.128958,1,0,0,0,0,0,0.200137,0.916949,0.213852,0.201594,2,strange,controlled_contrast,clear_day,clear_day_074,weird_high
0.097765,0.106501,0.655506,0.468597,1.0,0.0,0.0,1.0,1.0,1.0,0.406667,0.365925,0.334534,0.404174,2,strange,random,,,
0.737482,0.29492,0.0,0.184097,1,0,0,0,0,0,0.193767,0.19785,0.212167,0.906531,3,lonely,controlled_contrast,clear_day,clear_day_047,lonely_high
0.380969,0.224414,0.347069,0.398896,0.0,0.0,0.0,1.0,1.0,0.0,0.383883,0.505856,0.337916,0.765742,3,lonely,random,,,
0.458408,0.489277,0.003619,0.705967,1.0,0.0,0.0,0.0,0.0,0.0,0.230132,0.186437,0.400023,0.393491,1,warm,random,,,
0.661862,0.108478,0.051187,0.127748,0.0,0.0,0.0,0.0,0.0,0.0,0.525702,0.205068,0.951335,0.262079,1,warm,random,,,
0.309322,0.01309,0.141906,0.459531,1.0,0.0,0.0,0.0,1.0,0.0,0.756671,0.545459,0.450998,0.179622,1,warm,random,,,
0.577006,0.742949,0.000837,0.064748,1.0,0.0,0.0,0.0,1.0,0.0,0.237407,0.771821,0.26263,0.092684,1,warm,random,,,
0.413557,0.799904,0.452945,0.183852,0,0,1,1,1,0,0.899143,0.233744,0.215152,0.191922,0,quiet,controlled_contrast,rainy_room,rainy_room_041,calm_high
0.807105,0.668245,0.032052,0.342502,1.0,1.0,0.0,0.0,0.0,0.0,0.220412,0.764941,0.284734,0.386018,1,warm,random,,,
0.895162,0.499222,0.864637,0.612219,1.0,1.0,0.0,1.0,1.0,1.0,0.557952,0.704141,0.536642,0.370672,2,strange,random,,,
0.460425,0.814954,0.705975,0.73641,0,0,1,1,1,1,0.909118,0.189199,0.197025,0.18892,0,quiet,controlled_contrast,stormy_weather,stormy_weather_015,calm_high
0.400459,0.776188,0.440042,0.21102,0,0,1,1,1,0,0.206823,0.189119,0.187423,0.899199,3,lonely,controlled_contrast,rainy_room,rainy_room_003,lonely_high
0.854788,0.137831,0.283834,0.873836,1.0,1.0,0.0,1.0,1.0,0.0,0.70562,0.162991,0.162077,0.388432,0,quiet,random,,,
0.605519,0.6194,0.268689,0.12765,0.0,0.0,0.0,1.0,1.0,0.0,0.599653,0.967691,0.648423,0.656468,3,lonely,random,,,
0.526906,0.726374,0.425451,0.255565,1.0,0.0,0.0,1.0,1.0,0.0,0.356857,0.986282,0.100911,0.076052,2,strange,random,,,
0.566028,0.012375,0.008119,0.860395,1.0,0.0,0.0,0.0,0.0,0.0,0.46579,0.988662,0.230529,0.621204,2,strange,random,,,
0.108771,0.036138,0.811006,0.141683,0.0,0.0,0.0,1.0,1.0,0.0,0.200399,0.96098,0.615175,0.232623,3,lonely,random,,,
0.469818,0.80149,0.091194,0.140639,0,0,1,0,1,0,0.896154,0.196515,0.204075,0.201002,0,quiet,controlled_contrast,humid_night,humid_night_068,calm_high
0.674584,0.224987,0.003632,0.150768,1,0,0,0,0,0,0.197498,0.21781,0.884169,0.198085,1,warm,controlled_contrast,clear_day,clear_day_034,warm_high
0.484959,0.991018,0.902302,0.909759,0.0,0.0,1.0,1.0,1.0,1.0,0.64292,0.354456,0.066184,0.063445,0,quiet,random,,,
0.283401,0.699713,0.507266,0.061128,0.0,0.0,0.0,1.0,1.0,0.0,0.180627,0.746904,0.678651,0.546633,3,lonely,random,,,
0.561315,0.807166,0.076223,0.085203,0,0,1,0,1,0,0.186793,0.199315,0.934887,0.209216,3,lonely,controlled_contrast,humid_night,humid_night_027,warm_high
0.723876,0.268474,0.001609,0.176655,1,0,0,0,0,0,0.893656,0.2157,0.220454,0.212294,0,quiet,controlled_contrast,clear_day,clear_day_056,calm_high
0.204395,0.43186,0.829941,0.233915,0.0,0.0,0.0,1.0,1.0,0.0,0.553583,0.507782,0.737455,0.450331,3,lonely,random,,,
0.982027,0.862904,0.079718,0.36637,0.0,1.0,1.0,0.0,1.0,0.0,0.723771,0.110376,0.204631,0.729839,3,lonely,random,,,
0.163651,0.732495,0.395392,0.558769,1.0,0.0,0.0,1.0,1.0,0.0,0.999951,0.52701,0.076221,0.547127,0,quiet,random,,,
0.240606,0.739173,0.200384,0.010876,1.0,0.0,0.0,1.0,1.0,0.0,0.975723,0.638615,0.544478,0.235421,0,quiet,random,,,
0.707244,0.286615,0.0,0.133347,1,0,0,0,0,0,0.202404,0.208723,0.178213,0.899838,3,lonely,controlled_contrast,clear_day,clear_day_071,lonely_high
0.159866,0.130635,0.026162,0.981221,0.0,0.0,0.0,0.0,0.0,0.0,0.972247,0.6924,0.128494,0.331197,0,quiet,random,,,
0.999136,0.115453,0.12618,0.010479,1.0,1.0,0.0,0.0,1.0,0.0,0.279627,0.176605,0.506631,0.154263,1,warm,random,,,
0.576234,0.185823,0.086232,0.042376,1.0,0.0,0.0,0.0,1.0,0.0,0.662592,0.578411,0.690153,0.400168,1,warm,random,,,
0.634559,0.757512,0.115128,0.430953,1.0,0.0,1.0,0.0,1.0,0.0,0.967035,0.201559,0.127166,0.322411,0,quiet,random,,,
0.017675,0.172496,0.006563,0.003795,1.0,0.0,0.0,0.0,0.0,0.0,0.53098,0.80897,0.538995,0.417419,1,warm,random,,,
0.644134,0.993644,0.335419,0.067661,1.0,0.0,1.0,1.0,1.0,0.0,0.28149,0.526705,0.802377,0.583246,1,warm,random,,,
0.73619,0.630768,0.000216,0.455565,1.0,0.0,0.0,0.0,0.0,0.0,0.705627,0.750303,0.173942,0.518271,1,warm,random,,,
0.590833,0.742828,0.739104,0.909958,0.0,0.0,0.0,1.0,1.0,1.0,0.090204,0.383498,0.677497,0.128483,2,strange,random,,,
0.675851,0.349783,0.056259,0.376977,1.0,0.0,0.0,0.0,0.0,0.0,0.490313,0.058052,0.557796,0.399925,1,warm,random,,,
0.331236,0.386488,0.002703,0.714951,1.0,0.0,0.0,0.0,0.0,0.0,0.991179,0.435501,0.337986,0.54186,1,warm,random,,,
0.68474,0.239408,0.004469,0.153591,1,0,0,0,0,0,0.20625,0.196515,0.208703,0.88672,3,lonely,controlled_contrast,clear_day,clear_day_030,lonely_high
0.426608,0.273395,0.041525,0.018794,0.0,0.0,0.0,0.0,0.0,0.0,0.74047,0.525535,0.692634,0.49959,3,lonely,random,,,
0.223603,0.628592,0.644672,0.877842,1.0,0.0,0.0,1.0,1.0,0.0,0.16253,0.084579,0.31432,0.399678,3,lonely,random,,,
0.717739,0.252701,0.0,0.140951,1,0,0,0,0,0,0.187488,0.907489,0.213578,0.199401,2,strange,controlled_contrast,clear_day,clear_day_039,weird_high
0.449291,0.666499,0.709265,0.324999,1.0,0.0,0.0,1.0,1.0,0.0,0.324103,0.291909,0.097114,0.388569,0,quiet,random,,,
0.608683,0.209216,0.004714,0.892316,1.0,0.0,0.0,0.0,0.0,0.0,0.241454,0.858463,0.224416,0.551677,2,strange,random,,,
0.490216,0.295513,0.0644,0.228344,1,0,0,0,0,0,0.186536,0.211785,0.883842,0.189773,1,warm,controlled_contrast,neutral_weather,neutral_weather_041,warm_high
0.324188,0.975766,0.431156,0.137054,1.0,0.0,1.0,1.0,1.0,0.0,0.150219,0.575548,0.260574,0.433281,0,quiet,random,,,
0.363821,0.532843,0.408849,0.879298,1.0,0.0,0.0,1.0,1.0,0.0,0.185049,0.35781,0.101794,0.20536,0,quiet,random,,,
0.014719,0.336911,0.210848,0.322481,0.0,0.0,0.0,1.0,1.0,0.0,0.851924,0.265728,0.482331,0.113498,0,quiet,random,,,
0.437247,0.411336,0.300724,0.720825,1.0,0.0,0.0,1.0,1.0,0.0,0.879751,0.729859,0.426028,0.740539,0,quiet,random,,,
0.888078,0.681974,0.018311,0.580142,0.0,1.0,0.0,0.0,1.0,0.0,0.06349,0.983349,0.073204,0.5293,3,lonely,random,,,
0.504761,0.291045,0.074355,0.188636,1,0,0,0,0,0,0.89492,0.207554,0.221443,0.20068,0,quiet,controlled_contrast,neutral_weather,neutral_weather_047,calm_high
0.186822,0.373907,0.24782,0.116552,0.0,0.0,0.0,1.0,1.0,0.0,0.411539,0.664399,0.735754,0.102871,0,quiet,random,,,
0.447526,0.914614,0.230338,0.1147,1.0,0.0,1.0,1.0,1.0,0.0,0.598962,0.5083,0.673865,0.694859,0,quiet,random,,,
0.445282,0.854872,0.084355,0.106715,0,0,1,0,1,0,0.217239,0.185539,0.199111,0.882214,3,lonely,controlled_contrast,humid_night,humid_night_004,lonely_high
0.75346,0.737846,0.00603,0.777028,1.0,1.0,0.0,0.0,1.0,0.0,0.60579,0.141311,0.084491,0.21202,1,warm,random,,,
0.910619,0.457319,0.477963,0.250493,1.0,1.0,0.0,1.0,1.0,0.0,0.491477,0.92614,0.430574,0.206993,1,warm,random,,,
0.357855,0.180761,0.060383,0.352112,1.0,0.0,0.0,0.0,0.0,0.0,0.464136,0.490242,0.735855,0.448495,1,warm,random,,,
0.813287,0.943025,0.016311,0.006695,0.0,1.0,1.0,0.0,1.0,0.0,0.281794,0.627722,0.352996,0.616776,3,lonely,random,,,
0.837319,0.914323,0.253784,0.359409,0.0,1.0,1.0,1.0,1.0,0.0,0.990701,0.123199,0.24362,0.638689,0,quiet,random,,,
0.16239,0.153128,0.748834,0.469799,1.0,0.0,0.0,1.0,1.0,1.0,0.645822,0.632858,0.300879,0.184366,2,strange,random,,,
0.456386,0.941559,0.799028,0.182458,1.0,0.0,1.0,1.0,1.0,0.0,0.216396,0.43121,0.440269,0.932988,3,lonely,random,,,
0.756382,0.267416,0.002126,0.170955,1,0,0,0,0,0,0.192258,0.196266,0.174773,0.904791,3,lonely,controlled_contrast,clear_day,clear_day_053,lonely_high
0.50575,0.93783,0.802672,0.96529,0.0,0.0,1.0,1.0,1.0,1.0,0.548414,0.550882,0.351009,0.432826,2,strange,random,,,
0.444417,0.767875,0.679867,0.747214,0,0,1,1,1,1,0.2044,0.186668,0.198058,0.858549,3,lonely,controlled_contrast,stormy_weather,stormy_weather_028,lonely_high
0.144217,0.207424,0.001086,0.191816,0.0,0.0,0.0,0.0,0.0,0.0,0.213943,0.954682,0.59145,0.369496,2,strange,random,,,
0.906948,0.04771,0.259372,0.806263,1.0,1.0,0.0,1.0,1.0,0.0,0.970905,0.165644,0.171915,0.576667,0,quiet,random,,,
0.358708,0.233985,1.2e-05,0.952061,1.0,0.0,0.0,0.0,0.0,0.0,0.464835,0.231685,0.635182,0.119225,1,warm,random,,,
0.548828,0.248973,0.079311,0.163816,1,0,0,0,0,0,0.191996,0.19385,0.195696,0.910826,3,lonely,controlled_contrast,neutral_weather,neutral_weather_067,lonely_high
0.603544,0.890664,0.763586,0.16645,1.0,0.0,1.0,1.0,1.0,0.0,0.732938,0.730504,0.402365,0.172821,0,quiet,random,,,
0.495545,0.275323,0.036935,0.239497,1,0,0,0,0,0,0.209087,0.908299,0.189955,0.195816,2,strange,controlled_contrast,neutral_weather,neutral_weather_038,weird_high
0.224695,0.064472,0.984814,0.925931,0.0,0.0,0.0,1.0,1.0,1.0,0.708203,0.81702,0.522693,0.351282,2,strange,random,,,
0.400315,0.844728,0.469226,0.154399,0,0,1,1,1,0,0.206867,0.196313,0.18921,0.911273,3,lonely,controlled_contrast,rainy_room,rainy_room_050,lonely_high
0.638696,0.612026,0.874133,0.78983,0.0,0.0,0.0,1.0,1.0,1.0,0.687008,0.62014,0.562811,0.324156,2,strange,random,,,
0.583285,0.722262,0.373387,0.16094,1.0,0.0,0.0,1.0,1.0,0.0,0.18969,0.407554,0.103698,0.251944,0,quiet,random,,,
0.529976,0.90528,0.003511,0.661434,0.0,0.0,1.0,0.0,0.0,0.0,0.357328,0.744933,0.273508,0.0695,2,strange,random,,,
0.736948,0.90186,0.094291,0.906773,0.0,0.0,1.0,0.0,1.0,0.0,0.207307,0.122218,0.292923,0.507772,3,lonely,random,,,
0.331391,0.520462,0.339733,0.029536,1.0,0.0,0.0,1.0,1.0,0.0,0.536961,0.499378,0.585584,0.498435,0,quiet,random,,,
0.18894,0.841181,0.770169,0.521993,0.0,0.0,1.0,1.0,1.0,1.0,0.734571,0.530728,0.882301,0.476245,0,quiet,random,,,
0.69576,0.684424,0.004917,0.030041,1.0,0.0,0.0,0.0,1.0,0.0,0.34382,0.508601,0.549662,0.520298,1,warm,random,,,
0.513701,0.20888,0.040221,0.20312,1,0,0,0,0,0,0.227046,0.193116,0.908661,0.194519,1,warm,controlled_contrast,neutral_weather,neutral_weather_031,warm_high
0.343987,0.447104,0.020265,0.205415,1.0,0.0,0.0,0.0,0.0,0.0,0.394552,0.660471,0.860542,0.342235,1,warm,random,,,
0.329787,0.115436,0.309796,0.128052,1.0,0.0,0.0,1.0,1.0,0.0,0.057741,0.090249,0.524051,0.342895,1,warm,random,,,
0.250403,0.67324,0.308732,0.047486,1.0,0.0,0.0,1.0,1.0,0.0,0.682184,0.938297,0.442239,0.133793,0,quiet,random,,,
0.237775,0.34148,0.930176,0.675373,1.0,0.0,0.0,1.0,1.0,1.0,0.075943,0.384052,0.309309,0.740216,2,strange,random,,,
0.807555,0.765456,0.334081,0.931362,1.0,1.0,1.0,1.0,1.0,0.0,0.630146,0.156232,0.326975,0.574845,0,quiet,random,,,
0.725962,0.814948,0.671728,0.842749,1.0,0.0,1.0,1.0,1.0,1.0,0.562487,0.74672,0.149027,0.368204,2,strange,random,,,
0.350077,0.536719,0.524388,0.289119,1.0,0.0,0.0,1.0,1.0,0.0,0.741141,0.78409,0.073694,0.365118,0,quiet,random,,,
0.42489,0.757773,0.713745,0.75523,0,0,1,1,1,1,0.885893,0.231349,0.189146,0.218529,0,quiet,controlled_contrast,stormy_weather,stormy_weather_055,calm_high
0.15157,0.570478,0.000245,0.116121,0.0,0.0,0.0,0.0,0.0,0.0,0.080838,0.363495,0.38517,0.296665,3,lonely,random,,,
0.294497,0.323314,0.036065,0.217103,1.0,0.0,0.0,0.0,0.0,0.0,0.451754,0.808008,0.702812,0.710484,1,warm,random,,,
0.001531,0.066836,0.173764,0.660686,1.0,0.0,0.0,0.0,1.0,0.0,0.833561,0.475831,0.185735,0.353978,0,quiet,random,,,
0.03812,0.410016,0.563459,0.987114,0.0,0.0,0.0,1.0,1.0,0.0,0.982383,0.223475,0.62717,0.365373,0,quiet,random,,,
0.667986,0.220213,0.0,0.121476,1,0,0,0,0,0,0.215492,0.894062,0.218893,0.204852,1,warm,controlled_contrast,clear_day,clear_day_010,weird_high
0.090811,0.789545,0.911933,0.014387,0.0,0.0,1.0,1.0,1.0,0.0,0.412869,0.110224,0.607227,0.672528,3,lonely,random,,,
0.44572,0.867424,0.067026,0.48196,1.0,0.0,1.0,0.0,1.0,0.0,0.364938,0.821962,0.487615,0.586896,1,warm,random,,,
0.493476,0.269295,0.041596,0.206136,1,0,0,0,0,0,0.206175,0.900646,0.207805,0.214042,2,strange,controlled_contrast,neutral_weather,neutral_weather_034,weird_high
0.607302,0.583439,0.446306,0.385603,0.0,0.0,0.0,1.0,1.0,0.0,0.511074,0.328914,0.215227,0.153905,3,lonely,random,,,
0.274991,0.270212,0.882111,0.232094,1.0,0.0,0.0,1.0,1.0,0.0,0.555426,0.701585,0.315573,0.221439,0,quiet,random,,,
0.400878,0.789006,0.450206,0.193393,0,0,1,1,1,0,0.888937,0.207628,0.194346,0.197639,0,quiet,controlled_contrast,rainy_room,rainy_room_002,calm_high
0.235628,0.606024,0.700284,0.207166,0.0,0.0,0.0,1.0,1.0,0.0,0.55837,0.72837,0.341887,0.124919,0,quiet,random,,,
0.965541,0.813496,0.112504,0.060121,1.0,1.0,1.0,0.0,1.0,0.0,0.693766,0.686426,0.170842,0.150464,0,quiet,random,,,
0.711181,0.261921,0.0,0.143742,1,0,0,0,0,0,0.182405,0.914727,0.208287,0.202337,2,strange,controlled_contrast,clear_day,clear_day_043,weird_high
0.95553,0.001968,0.870759,0.964805,0.0,1.0,0.0,1.0,1.0,1.0,0.743805,0.623214,0.128291,0.211652,2,strange,random,,,
0.67813,0.399574,0.435131,0.278115,0.0,0.0,0.0,1.0,1.0,0.0,0.781383,0.515721,0.127437,0.732561,3,lonely,random,,,
0.751677,0.465818,0.03676,0.460088,0.0,1.0,0.0,0.0,0.0,0.0,0.59048,0.187617,0.10415,0.421449,3,lonely,random,,,
0.781539,0.985985,0.475506,0.914707,1.0,1.0,1.0,1.0,1.0,0.0,0.648271,0.098727,0.962788,0.573985,1,warm,random,,,
0.668821,0.253156,0.0,0.183904,1,0,0,0,0,0,0.194946,0.200105,0.191858,0.901493,3,lonely,controlled_contrast,clear_day,clear_day_025,lonely_high
0.737,0.270922,0.0,0.152224,1,0,0,0,0,0,0.903783,0.204784,0.217242,0.20152,0,quiet,controlled_contrast,clear_day,clear_day_036,calm_high
0.5006,0.142011,0.776015,0.499558,1.0,0.0,0.0,1.0,1.0,1.0,0.246108,0.618732,0.488003,0.154724,2,strange,random,,,
0.950705,0.236119,0.900775,0.935703,1.0,1.0,0.0,1.0,1.0,1.0,0.901035,0.076954,0.419988,0.516949,0,quiet,random,,,
0.78081,0.603501,0.07648,0.050541,1.0,1.0,0.0,0.0,0.0,0.0,0.386933,0.264886,0.619227,0.665113,1,warm,random,,,
0.687422,0.498164,2.6e-05,0.136665,0.0,0.0,0.0,0.0,0.0,0.0,0.711805,0.619041,0.453905,0.635157,3,lonely,random,,,
0.060956,0.09349,0.15375,0.911684,0.0,0.0,0.0,0.0,1.0,0.0,0.465961,0.203649,0.319666,0.29697,3,lonely,random,,,
0.766768,0.769393,0.062734,0.009951,1.0,1.0,1.0,0.0,1.0,0.0,0.116319,0.26554,0.294106,0.634992,1,warm,random,,,
0.437409,0.078738,0.267136,0.665727,1.0,0.0,0.0,1.0,1.0,0.0,0.479983,0.430302,0.189626,0.548308,0,quiet,random,,,
0.298998,0.709183,0.010308,0.764498,1.0,0.0,0.0,0.0,1.0,0.0,0.319429,0.891607,0.204271,0.266473,2,strange,random,,,
0.481164,0.80875,0.073456,0.112015,0,0,1,0,1,0,0.196714,0.203909,0.212773,0.921166,3,lonely,controlled_contrast,humid_night,humid_night_064,lonely_high
0.122628,0.653289,0.005508,0.121162,0.0,0.0,0.0,0.0,0.0,0.0,0.313402,0.501545,0.584669,0.814,3,lonely,random,,,
0.27005,0.712418,0.293253,0.253221,1.0,0.0,0.0,1.0,1.0,0.0,0.969029,0.210181,0.349516,0.080209,0,quiet,random,,,
0.345139,0.590984,0.139493,0.730118,1.0,0.0,0.0,0.0,1.0,0.0,0.335232,0.805484,0.728729,0.162836,1,warm,random,,,
0.970098,0.981861,0.690151,0.686414,1.0,1.0,1.0,1.0,1.0,1.0,0.697944,0.82449,0.297761,0.676719,2,strange,random,,,
0.089304,0.732306,0.818129,0.534518,1.0,0.0,0.0,1.0,1.0,1.0,0.073183,0.396764,0.084287,0.644954,2,strange,random,,,
0.830478,0.181776,0.850352,0.907575,1.0,1.0,0.0,1.0,1.0,1.0,0.599139,0.651407,0.324101,0.2784,2,strange,random,,,
0.489365,0.775133,0.735368,0.715609,0,0,1,1,1,1,0.217156,0.895266,0.19156,0.191978,2,strange,controlled_contrast,stormy_weather,stormy_weather_068,weird_high
0.375352,0.036285,0.10031,0.008151,1.0,0.0,0.0,0.0,1.0,0.0,0.122939,0.577503,0.683497,0.339859,1,warm,random,,,
0.891949,0.038566,0.029837,0.049765,1.0,1.0,0.0,0.0,0.0,0.0,0.335997,0.433949,0.9528,0.603926,1,warm,random,,,
0.460005,0.819733,0.720939,0.709062,0,0,1,1,1,1,0.205259,0.201988,0.199143,0.920184,3,lonely,controlled_contrast,stormy_weather,stormy_weather_039,lonely_high
0.239543,0.461868,0.019767,0.177425,0.0,0.0,0.0,0.0,0.0,0.0,0.340293,0.118413,0.722607,0.48108,3,lonely,random,,,
0.459459,0.48164,0.758369,0.9028,1.0,0.0,0.0,1.0,1.0,1.0,0.655334,0.42599,0.466608,0.703456,2,strange,random,,,
0.218509,0.880909,0.321003,0.944137,0.0,0.0,1.0,1.0,1.0,0.0,0.292895,0.905272,0.173124,0.317732,3,lonely,random,,,
0.837101,0.899601,0.278634,0.005947,1.0,1.0,1.0,1.0,1.0,0.0,0.619689,0.65576,0.183374,0.689942,0,quiet,random,,,
0.409418,0.286696,0.021975,0.606037,0.0,0.0,0.0,0.0,0.0,0.0,0.278996,0.173616,0.267365,0.156102,3,lonely,random,,,
0.46868,0.796066,0.073938,0.108911,0,0,1,0,1,0,0.20017,0.196642,0.197606,0.913117,3,lonely,controlled_contrast,humid_night,humid_night_018,lonely_high
0.654605,0.19113,0.080284,0.177999,0.0,0.0,0.0,0.0,1.0,0.0,0.60564,0.633449,0.100484,0.468879,3,lonely,random,,,
0.708896,0.803199,0.123157,0.172131,1.0,0.0,1.0,0.0,1.0,0.0,0.214699,0.505493,0.658995,0.946789,3,lonely,random,,,
0.505487,0.607124,0.00022,0.023882,1.0,0.0,0.0,0.0,0.0,0.0,0.063904,0.661262,0.679322,0.580391,1,warm,random,,,
0.889152,0.336735,0.007626,0.061875,0.0,1.0,0.0,0.0,0.0,0.0,0.363485,0.437714,0.478876,0.183791,1,warm,random,,,
0.576762,0.761554,0.015864,0.338519,1.0,0.0,1.0,0.0,1.0,0.0,0.196457,0.050237,0.10417,0.196108,1,warm,random,,,
0.619082,0.76744,0.233584,0.028734,1.0,0.0,1.0,1.0,1.0,0.0,0.530832,0.515714,0.101395,0.53818,0,quiet,random,,,
0.167113,0.628564,0.492488,0.363976,0.0,0.0,0.0,1.0,1.0,0.0,0.509848,0.429159,0.466887,0.793894,3,lonely,random,,,
0.419991,0.893446,0.875013,0.025266,1.0,0.0,1.0,1.0,1.0,0.0,0.710681,0.188511,0.345492,0.250645,0,quiet,random,,,
0.941657,0.416813,0.268395,0.665047,0.0,1.0,0.0,1.0,1.0,0.0,0.693889,0.234728,0.402767,0.60664,3,lonely,random,,,
0.749467,0.434474,0.905522,0.497245,1.0,0.0,0.0,1.0,1.0,1.0,0.274427,0.748295,0.701733,0.346433,2,strange,random,,,
0.996627,0.113599,0.877705,0.352796,0.0,1.0,0.0,1.0,1.0,0.0,0.708028,0.064475,0.530194,0.66167,3,lonely,random,,,
0.38928,0.568522,0.52732,0.542785,1.0,0.0,0.0,1.0,1.0,0.0,0.400347,0.626143,0.310238,0.973878,3,lonely,random,,,
0.148277,0.917144,0.97406,0.656286,0.0,0.0,1.0,1.0,1.0,1.0,0.180888,0.88142,0.306149,0.174564,2,strange,random,,,
0.381324,0.515514,0.356408,0.453237,0.0,0.0,0.0,1.0,1.0,0.0,0.27813,0.35646,0.321828,0.2082,3,lonely,random,,,
0.509435,0.822,0.075961,0.134507,0,0,1,0,1,0,0.185165,0.906896,0.207539,0.183719,3,lonely,controlled_contrast,humid_night,humid_night_032,weird_high
0.220797,0.37303,0.756962,0.482633,0.0,0.0,0.0,1.0,1.0,1.0,0.468146,0.876222,0.365869,0.238388,2,strange,random,,,
0.489782,0.845374,0.058039,0.131533,0,0,1,0,1,0,0.214924,0.196774,0.895748,0.20343,3,lonely,controlled_contrast,humid_night,humid_night_044,warm_high
0.39196,0.167064,0.829319,0.81418,1.0,0.0,0.0,1.0,1.0,1.0,0.165256,0.258973,0.136451,0.594272,2,strange,random,,,
0.163826,0.965635,0.00048,0.303281,1.0,0.0,1.0,0.0,1.0,0.0,0.543541,0.231834,0.611487,0.33297,1,warm,random,,,
0.77882,0.257879,0.0,0.133074,1,0,0,0,0,0,0.192481,0.220881,0.871346,0.218013,1,warm,controlled_contrast,clear_day,clear_day_046,warm_high
0.037068,0.501657,0.196229,0.350778,1.0,0.0,0.0,0.0,1.0,0.0,0.081641,0.899829,0.053385,0.241467,2,strange,random,,,
0.736546,0.045159,0.702225,0.554489,0.0,0.0,0.0,1.0,1.0,1.0,0.65953,0.412454,0.984776,0.473946,2,strange,random,,,
0.722246,0.49678,0.554908,0.696219,1.0,0.0,0.0,1.0,1.0,0.0,0.091336,0.581706,0.397689,0.326304,1,warm,random,,,
0.715709,0.88598,0.147816,0.032862,1.0,0.0,1.0,0.0,1.0,0.0,0.145037,0.351712,0.675725,0.189065,1,warm,random,,,
0.726848,0.086715,0.245516,0.706092,1.0,0.0,0.0,1.0,1.0,0.0,0.406007,0.827692,0.14068,0.272574,2,strange,random,,,
0.848271,0.186639,0.95315,0.62057,1.0,1.0,0.0,1.0,1.0,1.0,0.524315,0.418875,0.318461,0.106692,2,strange,random,,,
0.513701,0.20888,0.040221,0.20312,1,0,0,0,0,0,0.894906,0.188877,0.201815,0.195057,0,quiet,controlled_contrast,neutral_weather,neutral_weather_031,calm_high
0.689198,0.477296,0.076117,0.999621,0.0,0.0,0.0,0.0,0.0,0.0,0.364165,0.732104,0.078754,0.17087,2,strange,random,,,
0.431211,0.764225,0.741804,0.746938,0,0,1,1,1,1,0.219012,0.921335,0.199158,0.174463,2,strange,controlled_contrast,stormy_weather,stormy_weather_077,weird_high
0.760675,0.348978,0.023279,0.025814,0.0,1.0,0.0,0.0,0.0,0.0,0.194612,0.201724,0.719688,0.228174,1,warm,random,,,
0.060306,0.130848,0.688349,0.882285,0.0,0.0,0.0,1.0,1.0,1.0,0.514798,0.469207,0.09555,0.279774,2,strange,random,,,
0.479813,0.811181,0.762715,0.715129,0,0,1,1,1,1,0.194004,0.887733,0.211203,0.220904,2,strange,controlled_contrast,stormy_weather,stormy_weather_022,weird_high
0.425655,0.818968,0.482917,0.200169,0,0,1,1,1,0,0.211954,0.214219,0.915008,0.198949,3,lonely,controlled_contrast,rainy_room,rainy_room_021,warm_high
0.60324,0.504226,0.323783,0.046811,1.0,0.0,0.0,1.0,1.0,0.0,0.321096,0.968584,0.331913,0.075242,0,quiet,random,,,
0.760101,0.957319,0.478582,0.152074,1.0,1.0,1.0,1.0,1.0,0.0,0.635328,0.183098,0.261963,0.222289,0,quiet,random,,,
0.426466,0.777419,0.458461,0.137524,0,0,1,1,1,0,0.19816,0.213666,0.894381,0.206938,0,quiet,controlled_contrast,rainy_room,rainy_room_065,warm_high
0.009912,0.460573,0.259906,0.697989,1.0,0.0,0.0,1.0,1.0,0.0,0.731714,0.603329,0.824555,0.501567,1,warm,random,,,
0.475996,0.088435,0.574954,0.190557,0.0,0.0,0.0,1.0,1.0,0.0,0.535054,0.977788,0.684649,0.060534,0,quiet,random,,,
0.452329,0.358967,0.730791,0.600942,1.0,0.0,0.0,1.0,1.0,1.0,0.726589,0.614495,0.638244,0.667901,2,strange,random,,,
0.498312,0.449337,0.08806,0.878268,0.0,0.0,0.0,0.0,1.0,0.0,0.429782,0.300854,0.716221,0.56273,3,lonely,random,,,
0.635404,0.160218,0.271007,0.10352,1.0,0.0,0.0,1.0,1.0,0.0,0.65825,0.675735,0.072987,0.73151,0,quiet,random,,,
0.414734,0.796917,0.500263,0.200343,0,0,1,1,1,0,0.199287,0.195329,0.17714,0.897169,3,lonely,controlled_contrast,rainy_room,rainy_room_028,lonely_high
0.758063,0.087322,0.000418,0.8967,1.0,1.0,0.0,0.0,0.0,0.0,0.368258,0.402762,0.103425,0.221832,1,warm,random,,,
0.828876,0.21811,0.587988,0.252903,0.0,1.0,0.0,1.0,1.0,0.0,0.292303,0.70256,0.719293,0.618858,3,lonely,random,,,
0.71511,0.241664,0.017554,0.123825,1,0,0,0,0,0,0.882563,0.210142,0.182404,0.200445,0,quiet,controlled_contrast,clear_day,clear_day_016,calm_high
0.355902,0.507648,0.006309,0.000801,0.0,0.0,0.0,0.0,0.0,0.0,0.10325,0.996188,0.22732,0.216786,2,strange,random,,,
0.122998,0.884561,0.932145,0.774527,1.0,0.0,1.0,1.0,1.0,1.0,0.294926,0.94986,0.097566,0.580171,2,strange,random,,,
0.854054,0.48733,0.027114,0.316572,1.0,1.0,0.0,0.0,0.0,0.0,0.879233,0.584757,0.189248,0.273968,1,warm,random,,,
0.873243,0.143669,0.075409,0.579009,0.0,1.0,0.0,0.0,0.0,0.0,0.808461,0.087494,0.667957,0.287231,1,warm,random,,,
0.180028,0.526169,0.215398,0.107153,1.0,0.0,0.0,1.0,1.0,0.0,0.609827,0.468968,0.55452,0.8271,3,lonely,random,,,
0.446325,0.390442,0.444148,0.629112,0.0,0.0,0.0,1.0,1.0,0.0,0.683055,0.412781,0.580884,0.568703,3,lonely,random,,,
0.385502,0.447251,0.200922,0.924976,1.0,0.0,0.0,1.0,1.0,0.0,0.200979,0.888417,0.487182,0.550306,1,warm,random,,,
0.312558,0.633988,0.749147,0.136161,0.0,0.0,0.0,1.0,1.0,0.0,0.313945,0.23882,0.227674,0.519682,3,lonely,random,,,
0.954484,0.881236,0.303885,0.064317,0.0,1.0,1.0,1.0,1.0,0.0,0.622453,0.305521,0.590439,0.170682,0,quiet,random,,,
0.790787,0.063547,0.576393,0.480924,1.0,1.0,0.0,1.0,1.0,0.0,0.818261,0.673707,0.163249,0.303922,0,quiet,random,,,
0.426718,0.813981,0.701738,0.725874,0,0,1,1,1,1,0.228294,0.208221,0.215752,0.90486,3,lonely,controlled_contrast,stormy_weather,stormy_weather_019,lonely_high
0.145952,0.268019,0.67154,0.771805,0.0,0.0,0.0,1.0,1.0,1.0,0.349078,0.50333,0.065267,0.466,2,strange,random,,,
0.654224,0.309985,0.013221,0.465397,0.0,0.0,0.0,0.0,0.0,0.0,0.868246,0.060245,0.513455,0.460136,3,lonely,random,,,
0.961465,0.284373,0.12874,0.670816,0.0,1.0,0.0,0.0,1.0,0.0,0.15073,0.57888,0.358884,0.862267,3,lonely,random,,,
0.071247,0.218503,0.013003,0.025643,0.0,0.0,0.0,0.0,0.0,0.0,0.703152,0.642908,0.059461,0.364308,3,lonely,random,,,
0.457459,0.261029,0.024628,0.237019,1,0,0,0,0,0,0.190022,0.221289,0.188723,0.896234,3,lonely,controlled_contrast,neutral_weather,neutral_weather_023,lonely_high
0.577201,0.29827,0.023315,0.999041,0.0,0.0,0.0,0.0,0.0,0.0,0.078894,0.792163,0.073321,0.330658,2,strange,random,,,
0.743533,0.234817,0.016855,0.135074,1,0,0,0,0,0,0.205006,0.896432,0.21343,0.206263,1,warm,controlled_contrast,clear_day,clear_day_038,weird_high
0.239777,0.996228,0.016218,0.178213,1.0,0.0,1.0,0.0,1.0,0.0,0.220364,0.260872,0.722147,0.296693,1,warm,random,,,
0.936899,0.865072,0.41623,0.034865,1.0,1.0,1.0,1.0,1.0,0.0,0.992943,0.104,0.129739,0.638459,0,quiet,random,,,
0.461366,0.815854,0.069816,0.093938,0,0,1,0,1,0,0.203073,0.196197,0.910564,0.183184,3,lonely,controlled_contrast,humid_night,humid_night_035,warm_high
0.466441,0.466335,0.96742,0.106499,1.0,0.0,0.0,1.0,1.0,0.0,0.625736,0.462709,0.963579,0.3017,1,warm,random,,,
0.840951,0.501267,0.000606,0.218583,0.0,1.0,0.0,0.0,0.0,0.0,0.678394,0.72201,0.732427,0.58307,1,warm,random,,,
0.47323,0.822328,0.722457,0.71999,0,0,1,1,1,1,0.211913,0.898442,0.210284,0.218134,2,strange,controlled_contrast,stormy_weather,stormy_weather_051,weird_high
0.722942,0.225679,0.348617,0.356313,0.0,0.0,0.0,1.0,1.0,0.0,0.247417,0.997569,0.32768,0.549468,3,lonely,random,,,
0.963872,0.844055,0.022138,0.247197,0.0,1.0,1.0,0.0,0.0,0.0,0.107008,0.446489,0.583928,0.740077,3,lonely,random,,,
0.067909,0.453959,0.659375,0.627276,0.0,0.0,0.0,1.0,1.0,1.0,0.267581,0.727881,0.145863,0.101368,2,strange,random,,,
0.569375,0.306295,0.981374,0.471935,1.0,0.0,0.0,1.0,1.0,1.0,0.639182,0.674658,0.574954,0.54201,2,strange,random,,,
0.844831,0.909921,0.806247,0.404801,1.0,1.0,1.0,1.0,1.0,0.0,0.228268,0.177166,0.279743,0.553662,0,quiet,random,,,
0.027307,0.325907,0.002753,0.25273,0.0,0.0,0.0,0.0,0.0,0.0,0.391667,0.389337,0.603835,0.257156,1,warm,random,,,
0.511493,0.209351,0.443614,0.269506,1.0,0.0,0.0,1.0,1.0,0.0,0.831153,0.593818,0.268701,0.452341,0,quiet,random,,,
0.361463,0.50351,0.779525,0.606394,0.0,0.0,0.0,1.0,1.0,1.0,0.406369,0.460136,0.495431,0.169932,2,strange,random,,,
0.724142,0.211017,0.0,0.10884,1,0,0,0,0,0,0.890851,0.184386,0.188204,0.206211,0,quiet,controlled_contrast,clear_day,clear_day_049,calm_high
0.415736,0.485317,0.000681,0.133199,1.0,0.0,0.0,0.0,0.0,0.0,0.68706,0.256428,0.906905,0.402467,1,warm,random,,,
0.275664,0.863086,0.341188,0.095677,0.0,0.0,1.0,1.0,1.0,0.0,0.559437,0.4674,0.729094,0.899502,3,lonely,random,,,
0.553019,0.891734,0.449134,0.413491,1.0,0.0,1.0,1.0,1.0,0.0,0.763656,0.679414,0.129912,0.497813,0,quiet,random,,,
0.182684,0.324487,0.790073,0.713513,1.0,0.0,0.0,1.0,1.0,1.0,0.47521,0.633814,0.484895,0.49576,2,strange,random,,,
0.875038,0.542576,0.070462,0.984293,1.0,1.0,0.0,0.0,0.0,0.0,0.077749,0.383344,0.118434,0.693246,1,warm,random,,,
0.49233,0.809072,0.732544,0.676548,0,0,1,1,1,1,0.193467,0.213141,0.205195,0.929571,3,lonely,controlled_contrast,stormy_weather,stormy_weather_049,lonely_high
0.518646,0.24433,0.059233,0.204622,1,0,0,0,0,0,0.192749,0.899094,0.204027,0.199686,2,strange,controlled_contrast,neutral_weather,neutral_weather_012,weird_high
0.271067,0.527628,0.960404,0.42411,1.0,0.0,0.0,1.0,1.0,0.0,0.291095,0.187522,0.579405,0.139672,1,warm,random,,,
0.60137,0.945368,0.799686,0.855893,0.0,0.0,1.0,1.0,1.0,1.0,0.552323,0.761213,0.055266,0.319339,2,strange,random,,,
0.904441,0.420753,0.351371,0.030134,0.0,1.0,0.0,1.0,1.0,0.0,0.297708,0.186265,0.154743,0.092523,3,lonely,random,,,
0.212419,0.86071,0.053382,0.000491,1.0,0.0,1.0,0.0,1.0,0.0,0.269924,0.553253,0.538179,0.184052,1,warm,random,,,
0.20075,0.859512,0.811112,0.477181,1.0,0.0,1.0,1.0,1.0,1.0,0.982463,0.171395,0.456357,0.59326,0,quiet,random,,,
0.243297,0.935355,0.00081,0.042557,1.0,0.0,1.0,0.0,1.0,0.0,0.365139,0.704889,0.861952,0.464454,1,warm,random,,,
0.490242,0.258714,0.043628,0.187892,1,0,0,0,0,0,0.892214,0.195597,0.211633,0.215694,0,quiet,controlled_contrast,neutral_weather,neutral_weather_073,calm_high
0.123867,0.898455,0.621514,0.702909,1.0,0.0,1.0,1.0,1.0,0.0,0.273882,0.750033,0.535335,0.277455,0,quiet,random,,,
0.405485,0.406338,0.073873,0.219539,1.0,0.0,0.0,0.0,0.0,0.0,0.573292,0.812098,0.401877,0.579256,1,warm,random,,,
0.786008,0.0068,0.311825,0.317565,1.0,1.0,0.0,1.0,1.0,0.0,0.331311,0.544338,0.358168,0.921812,1,warm,random,,,
0.435202,0.957301,0.913274,0.977407,1.0,0.0,1.0,1.0,1.0,1.0,0.197993,0.70916,0.369851,0.537519,2,strange,random,,,
0.474335,0.220931,0.099687,0.793811,1.0,0.0,0.0,0.0,1.0,0.0,0.457418,0.921929,0.209348,0.690599,2,strange,random,,,
0.383487,0.03536,0.488117,0.010142,1.0,0.0,0.0,1.0,1.0,0.0,0.445432,0.661681,0.292616,0.642795,0,quiet,random,,,
0.814195,0.197686,0.84701,0.699824,0.0,1.0,0.0,1.0,1.0,1.0,0.195856,0.941956,0.545313,0.452509,2,strange,random,,,
0.453595,0.261301,0.377424,0.158572,1.0,0.0,0.0,1.0,1.0,0.0,0.566166,0.740213,0.058449,0.409621,0,quiet,random,,,
0.507875,0.801792,0.068082,0.089508,0,0,1,0,1,0,0.200538,0.184067,0.872474,0.214255,3,lonely,controlled_contrast,humid_night,humid_night_028,warm_high
0.246086,0.972426,0.538072,0.034542,1.0,0.0,1.0,1.0,1.0,0.0,0.459558,0.129533,0.981926,0.497096,1,warm,random,,,
0.426164,0.778149,0.434353,0.177893,0,0,1,1,1,0,0.187331,0.204245,0.194749,0.899123,3,lonely,controlled_contrast,rainy_room,rainy_room_056,lonely_high
0.989071,0.266486,0.432447,0.252211,1.0,1.0,0.0,1.0,1.0,0.0,0.748176,0.361379,0.176928,0.546137,0,quiet,random,,,
0.239398,0.367569,0.677959,0.745238,1.0,0.0,0.0,1.0,1.0,1.0,0.505476,0.626907,0.148383,0.91759,2,strange,random,,,
0.463141,0.565649,0.290737,0.283635,1.0,0.0,0.0,1.0,1.0,0.0,0.419548,0.344547,0.709824,0.835425,1,warm,random,,,
0.628624,0.459477,0.136445,0.989671,0.0,0.0,0.0,0.0,1.0,0.0,0.35937,0.719985,0.696068,0.420632,3,lonely,random,,,
0.563534,0.142149,0.066614,0.482696,0.0,0.0,0.0,0.0,0.0,0.0,0.235265,0.989637,0.740948,0.308764,2,strange,random,,,
0.849779,0.12592,0.000259,0.059098,1.0,1.0,0.0,0.0,0.0,0.0,0.871374,0.532512,0.104776,0.306626,1,warm,random,,,
0.4421,0.781513,0.466002,0.148312,0,0,1,1,1,0,0.197392,0.905189,0.202118,0.208571,3,lonely,controlled_contrast,rainy_room,rainy_room_033,weird_high
0.243536,0.532185,0.449852,0.103907,1.0,0.0,0.0,1.0,1.0,0.0,0.859561,0.098629,0.281977,0.208155,0,quiet,random,,,
0.248678,0.979964,0.115278,0.791363,0.0,0.0,1.0,0.0,1.0,0.0,0.304762,0.067368,0.736704,0.375605,3,lonely,random,,,
0.669168,0.035648,0.133694,0.227547,1.0,0.0,0.0,0.0,1.0,0.0,0.606766,0.546545,0.473372,0.085721,1,warm,random,,,
0.586861,0.077156,0.795344,0.680983,0.0,0.0,0.0,1.0,1.0,1.0,0.368939,0.073157,0.952961,0.187831,2,strange,random,,,
0.908132,0.994924,0.034157,0.312814,1.0,1.0,1.0,0.0,0.0,0.0,0.64896,0.150651,0.936898,0.521312,1,warm,random,,,
0.724014,0.6562,0.725916,0.47013,0.0,0.0,0.0,1.0,1.0,1.0,0.098067,0.370426,0.424684,0.345453,3,lonely,random,,,
0.73141,0.291008,0.0,0.105323,1,0,0,0,0,0,0.202988,0.200083,0.199667,0.887815,3,lonely,controlled_contrast,clear_day,clear_day_050,lonely_high
0.9418,0.433403,0.72786,0.683363,0.0,1.0,0.0,1.0,1.0,1.0,0.363779,0.985205,0.616178,0.110747,2,strange,random,,,
0.392058,0.74951,0.482807,0.108556,0,0,1,1,1,0,0.207938,0.200859,0.898129,0.211384,3,lonely,controlled_contrast,rainy_room,rainy_room_077,warm_high
0.479156,0.763591,0.791122,0.405691,1.0,0.0,1.0,1.0,1.0,0.0,0.275384,0.15348,0.408612,0.07547,0,quiet,random,,,
0.307767,0.596943,0.151029,0.019736,1.0,0.0,0.0,0.0,1.0,0.0,0.24869,0.58466,0.293672,0.639519,3,lonely,random,,,
0.304828,0.48266,0.650588,0.436281,0.0,0.0,0.0,1.0,1.0,0.0,0.205846,0.78643,0.423208,0.531431,3,lonely,random,,,
0.49321,0.426509,0.077518,0.005109,0.0,0.0,0.0,0.0,0.0,0.0,0.484949,0.731295,0.899613,0.735622,3,lonely,random,,,
0.584466,0.004635,0.038427,0.101587,1.0,0.0,0.0,0.0,0.0,0.0,0.866903,0.745006,0.144625,0.234339,0,quiet,random,,,
0.461201,0.829207,0.098287,0.062909,0,0,1,0,1,0,0.198527,0.199262,0.202533,0.900389,3,lonely,controlled_contrast,humid_night,humid_night_008,lonely_high
0.490216,0.295513,0.0644,0.228344,1,0,0,0,0,0,0.907224,0.197207,0.218108,0.201259,0,quiet,controlled_contrast,neutral_weather,neutral_weather_041,calm_high
0.791697,0.94368,0.51982,0.380571,0.0,1.0,1.0,1.0,1.0,0.0,0.721642,0.688756,0.150471,0.449425,0,quiet,random,,,
0.209495,0.778891,0.350711,0.398819,0.0,0.0,1.0,1.0,1.0,0.0,0.718866,0.597787,0.233104,0.619474,0,quiet,random,,,
0.099586,0.404757,0.164019,0.708404,1.0,0.0,0.0,0.0,1.0,0.0,0.742833,0.334666,0.686011,0.681404,1,warm,random,,,
0.412099,0.783001,0.68509,0.72673,0,0,1,1,1,1,0.219316,0.199321,0.918131,0.201011,3,lonely,controlled_contrast,stormy_weather,stormy_weather_072,warm_high
0.487421,0.812635,0.097172,0.144091,0,0,1,0,1,0,0.194377,0.919625,0.198132,0.17652,3,lonely,controlled_contrast,humid_night,humid_night_033,weird_high
0.91226,0.442223,0.277789,0.848179,1.0,1.0,0.0,1.0,1.0,0.0,0.091886,0.939163,0.093505,0.401536,2,strange,random,,,
0.688907,0.823615,0.152233,0.841089,1.0,0.0,1.0,0.0,1.0,0.0,0.11382,0.245838,0.412458,0.736626,3,lonely,random,,,
0.481164,0.80875,0.073456,0.112015,0,0,1,0,1,0,0.897237,0.19309,0.19349,0.193118,0,quiet,controlled_contrast,humid_night,humid_night_064,calm_high
0.331454,0.669109,0.01276,0.279771,0.0,0.0,0.0,0.0,0.0,0.0,0.958184,0.63487,0.611644,0.415601,3,lonely,random,,,
0.08742,0.187184,0.596166,0.728419,1.0,0.0,0.0,1.0,1.0,0.0,0.665824,0.33085,0.535753,0.168522,0,quiet,random,,,
0.421306,0.829717,0.720169,0.751901,0,0,1,1,1,1,0.193122,0.184958,0.190921,0.923844,3,lonely,controlled_contrast,stormy_weather,stormy_weather_026,lonely_high
0.997034,0.203769,0.878014,0.894632,0.0,1.0,0.0,1.0,1.0,1.0,0.345074,0.145159,0.4558,0.18508,2,strange,random,,,
0.652485,0.153303,0.684193,0.846909,1.0,0.0,0.0,1.0,1.0,1.0,0.389209,0.887854,0.648123,0.712389,2,strange,random,,,
0.487547,0.806552,0.699567,0.703576,0,0,1,1,1,1,0.212378,0.912732,0.179921,0.195308,2,strange,controlled_contrast,stormy_weather,stormy_weather_020,weird_high
0.487139,0.265078,0.036201,0.172238,1,0,0,0,0,0,0.203259,0.907311,0.198973,0.2153,2,strange,controlled_contrast,neutral_weather,neutral_weather_013,weird_high
0.678955,0.271686,0.0,0.140333,1,0,0,0,0,0,0.20097,0.183242,0.903124,0.209696,1,warm,controlled_contrast,clear_day,clear_day_063,warm_high
0.450595,0.759854,0.461411,0.142916,0,0,1,1,1,0,0.200073,0.906724,0.206423,0.192863,0,quiet,controlled_contrast,rainy_room,rainy_room_010,weird_high
0.791646,0.208115,0.306317,0.669144,0.0,1.0,0.0,1.0,1.0,0.0,0.630015,0.567448,0.592773,0.075361,0,quiet,random,,,
0.76768,0.944234,0.00035,0.003652,0.0,1.0,1.0,0.0,0.0,0.0,0.998987,0.628015,0.589455,0.512009,0,quiet,random,,,
0.467177,0.791877,0.106549,0.111496,0,0,1,0,1,0,0.208374,0.206374,0.187594,0.890693,3,lonely,controlled_contrast,humid_night,humid_night_073,lonely_high
0.436371,0.999209,0.958301,0.805517,1.0,0.0,1.0,1.0,1.0,1.0,0.227807,0.349812,0.424569,0.121779,2,strange,random,,,
0.11034,0.237403,0.321898,0.16438,1.0,0.0,0.0,1.0,1.0,0.0,0.327809,0.697269,0.133173,0.354829,0,quiet,random,,,
0.96435,0.659226,0.253618,0.850913,0.0,1.0,0.0,1.0,1.0,0.0,0.589082,0.762608,0.38596,0.315455,3,lonely,random,,,
0.095601,0.128433,0.701201,0.152289,1.0,0.0,0.0,1.0,1.0,0.0,0.716726,0.837921,0.647023,0.465411,0,quiet,random,,,
0.470113,0.785376,0.091195,0.141248,0,0,1,0,1,0,0.196803,0.232424,0.914873,0.189935,3,lonely,controlled_contrast,humid_night,humid_night_049,warm_high
0.107262,0.028095,0.005422,0.099898,0.0,0.0,0.0,0.0,0.0,0.0,0.707452,0.685589,0.557176,0.384923,0,quiet,random,,,
0.485523,0.803604,0.09697,0.117788,0,0,1,0,1,0,0.195935,0.210263,0.208164,0.887706,3,lonely,controlled_contrast,humid_night,humid_night_045,lonely_high
0.156317,0.519163,0.211039,0.611629,1.0,0.0,0.0,1.0,1.0,0.0,0.681666,0.359016,0.403957,0.233626,0,quiet,random,,,
0.434589,0.815336,0.07522,0.097036,0,0,1,0,1,0,0.870614,0.197452,0.188187,0.206599,0,quiet,controlled_contrast,humid_night,humid_night_072,calm_high
0.631729,0.447127,0.179097,0.755041,0.0,0.0,0.0,0.0,1.0,0.0,0.812104,0.473084,0.320047,0.546574,3,lonely,random,,,
0.225481,0.743121,0.093716,0.302828,1.0,0.0,0.0,0.0,1.0,0.0,0.433343,0.860895,0.171797,0.211906,2,strange,random,,,
0.483365,0.27534,0.0,0.2122,1,0,0,0,0,0,0.183193,0.183956,0.20602,0.878154,3,lonely,controlled_contrast,neutral_weather,neutral_weather_030,lonely_high
0.520636,0.295328,0.06323,0.183465,1,0,0,0,0,0,0.187363,0.21795,0.897732,0.196887,1,warm,controlled_contrast,neutral_weather,neutral_weather_068,warm_high
0.459823,0.084558,0.879896,0.975938,1.0,0.0,0.0,1.0,1.0,1.0,0.461511,0.49015,0.96047,0.47252,2,strange,random,,,
0.319342,0.681048,0.788957,0.870105,1.0,0.0,0.0,1.0,1.0,1.0,0.292575,0.111039,0.145814,0.275866,2,strange,random,,,
0.419904,0.761661,0.481716,0.133523,0,0,1,1,1,0,0.909714,0.215789,0.221139,0.19663,0,quiet,controlled_contrast,rainy_room,rainy_room_037,calm_high
0.690768,0.027774,0.003744,0.751771,0.0,0.0,0.0,0.0,0.0,0.0,0.21672,0.534259,0.363701,0.199202,2,strange,random,,,
0.7299,0.033067,0.920109,0.601203,1.0,0.0,0.0,1.0,1.0,1.0,0.593907,0.592828,0.538216,0.104954,2,strange,random,,,
0.642285,0.592633,0.662085,0.837776,1.0,0.0,0.0,1.0,1.0,1.0,0.129687,0.770351,0.692942,0.612735,2,strange,random,,,
0.571331,0.080473,0.687621,0.997198,0.0,0.0,0.0,1.0,1.0,1.0,0.40155,0.767371,0.686046,0.212135,2,strange,random,,,
0.440165,0.752407,0.486747,0.18134,0,0,1,1,1,0,0.189053,0.916146,0.213649,0.203931,3,lonely,controlled_contrast,rainy_room,rainy_room_001,weird_high
0.839422,0.686323,0.011495,0.98199,0.0,1.0,0.0,0.0,0.0,0.0,0.674033,0.738501,0.596116,0.201743,1,warm,random,,,
0.451055,0.772826,0.444089,0.137423,0,0,1,1,1,0,0.890039,0.192698,0.207277,0.21325,0,quiet,controlled_contrast,rainy_room,rainy_room_052,calm_high
0.107904,0.780233,0.530843,0.7508,1.0,0.0,1.0,1.0,1.0,0.0,0.67899,0.821721,0.116369,0.692738,0,quiet,random,,,
0.572818,0.835195,0.506602,0.046173,1.0,0.0,1.0,1.0,1.0,0.0,0.738495,0.901288,0.306338,0.660124,0,quiet,random,,,
0.487949,0.226467,0.042621,0.224404,1,0,0,0,0,0,0.195992,0.224612,0.908194,0.197626,1,warm,controlled_contrast,neutral_weather,neutral_weather_071,warm_high
0.883845,0.383678,0.21234,0.593437,0.0,1.0,0.0,1.0,1.0,0.0,0.787251,0.504068,0.414031,0.20995,0,quiet,random,,,
0.777116,0.378947,0.001531,0.800367,0.0,1.0,0.0,0.0,0.0,0.0,0.731912,0.187141,0.460457,0.207921,1,warm,random,,,
0.250265,0.474282,0.149313,0.373259,0.0,0.0,0.0,0.0,1.0,0.0,0.435608,0.7105,0.814679,0.092926,3,lonely,random,,,
0.177243,0.164727,0.94372,0.919115,1.0,0.0,0.0,1.0,1.0,1.0,0.556356,0.589321,0.739734,0.602475,2,strange,random,,,
0.494965,0.413011,0.595426,0.750682,1.0,0.0,0.0,1.0,1.0,0.0,0.612204,0.717858,0.222652,0.654955,0,quiet,random,,,
0.117929,0.508261,0.019914,0.719821,1.0,0.0,0.0,0.0,0.0,0.0,0.605295,0.724982,0.148349,0.205141,2,strange,random,,,
0.228066,0.845105,0.887613,0.654114,1.0,0.0,1.0,1.0,1.0,1.0,0.611614,0.507289,0.795238,0.700942,0,quiet,random,,,
0.009592,0.062621,0.744297,0.433237,1.0,0.0,0.0,1.0,1.0,0.0,0.073081,0.738985,0.704151,0.161009,1,warm,random,,,
0.451603,0.879194,0.028382,0.326739,0.0,0.0,1.0,0.0,0.0,0.0,0.660022,0.101926,0.140785,0.085329,0,quiet,random,,,
0.421237,0.43566,3.2e-05,0.169075,0.0,0.0,0.0,0.0,0.0,0.0,0.427929,0.079377,0.15981,0.745392,3,lonely,random,,,
0.454938,0.270066,0.058622,0.177683,1,0,0,0,0,0,0.192373,0.201984,0.198979,0.868914,3,lonely,controlled_contrast,neutral_weather,neutral_weather_033,lonely_high
0.246648,0.803677,0.177606,0.175116,1.0,0.0,1.0,0.0,1.0,0.0,0.430272,0.677959,0.729256,0.434473,1,warm,random,,,
0.516605,0.096254,0.779589,0.656338,0.0,0.0,0.0,1.0,1.0,1.0,0.473502,0.802593,0.298706,0.433986,2,strange,random,,,
0.993342,0.03281,0.083467,0.956199,1.0,1.0,0.0,0.0,1.0,0.0,0.768755,0.666531,0.727808,0.192408,1,warm,random,,,
0.30816,0.678198,0.064337,0.820463,0.0,0.0,0.0,0.0,0.0,0.0,0.684752,0.838235,0.193922,0.175811,2,strange,random,,,
0.338954,0.189584,0.466288,0.44644,1.0,0.0,0.0,1.0,1.0,0.0,0.854633,0.208597,0.38167,0.175991,0,quiet,random,,,
0.426164,0.778149,0.434353,0.177893,0,0,1,1,1,0,0.185337,0.191599,0.893152,0.224774,3,lonely,controlled_contrast,rainy_room,rainy_room_056,warm_high
0.42492,0.636928,0.021743,0.060983,1.0,0.0,0.0,0.0,0.0,0.0,0.382333,0.884907,0.06674,0.49567,2,strange,random,,,
0.544192,0.661159,0.039461,0.372344,0.0,0.0,0.0,0.0,0.0,0.0,0.679695,0.616306,0.179674,0.397407,3,lonely,random,,,
0.915129,0.481783,0.871226,0.734346,0.0,1.0,0.0,1.0,1.0,1.0,0.344464,0.499376,0.088624,0.325139,2,strange,random,,,
0.797848,0.850875,0.160872,0.328578,0.0,1.0,1.0,0.0,1.0,0.0,0.611817,0.470474,0.850185,0.463181,3,lonely,random,,,
0.887747,0.268609,0.494376,0.872361,0.0,1.0,0.0,1.0,1.0,0.0,0.902778,0.734477,0.354671,0.257896,0,quiet,random,,,
0.69811,0.20969,0.018532,0.110768,1,0,0,0,0,0,0.191306,0.901839,0.226159,0.225237,1,warm,controlled_contrast,clear_day,clear_day_078,weird_high
0.365754,0.516246,0.122509,0.344691,1.0,0.0,0.0,0.0,1.0,0.0,0.210317,0.990512,0.575573,0.624216,1,warm,random,,,
0.696232,0.644319,0.287553,0.224479,0.0,0.0,0.0,1.0,1.0,0.0,0.254945,0.156347,0.144252,0.387798,3,lonely,random,,,
0.485183,0.812857,0.714474,0.73985,0,0,1,1,1,1,0.205679,0.887312,0.197501,0.227834,2,strange,controlled_contrast,stormy_weather,stormy_weather_032,weird_high
0.321848,0.827827,0.53474,0.181749,1.0,0.0,1.0,1.0,1.0,0.0,0.539162,0.483448,0.437092,0.455945,0,quiet,random,,,
0.42249,0.811286,0.448379,0.230857,0,0,1,1,1,0,0.201167,0.899644,0.215084,0.195708,3,lonely,controlled_contrast,rainy_room,rainy_room_012,weird_high
0.702774,0.02901,0.364025,0.009322,1.0,0.0,0.0,1.0,1.0,0.0,0.353527,0.911573,0.617403,0.443921,1,warm,random,,,
0.291527,0.402494,0.817902,0.867423,0.0,0.0,0.0,1.0,1.0,1.0,0.820341,0.68162,0.287833,0.218043,2,strange,random,,,
0.553226,0.191048,0.188744,0.434012,0.0,0.0,0.0,0.0,1.0,0.0,0.484584,0.623329,0.427425,0.168276,3,lonely,random,,,
0.411527,0.33837,0.003338,0.825279,1.0,0.0,0.0,0.0,0.0,0.0,0.096277,0.881681,0.200818,0.60018,2,strange,random,,,
0.42942,0.817027,0.39997,0.222757,0,0,1,1,1,0,0.187896,0.201374,0.928809,0.199612,3,lonely,controlled_contrast,rainy_room,rainy_room_057,warm_high
0.701652,0.263011,0.0,0.111952,1,0,0,0,0,0,0.198854,0.209213,0.917028,0.185744,1,warm,controlled_contrast,clear_day,clear_day_005,warm_high
0.261111,0.103824,0.242616,0.022258,1.0,0.0,0.0,1.0,1.0,0.0,0.257592,0.810647,0.247083,0.149009,0,quiet,random,,,
0.743533,0.234817,0.016855,0.135074,1,0,0,0,0,0,0.211991,0.198732,0.903706,0.201432,1,warm,controlled_contrast,clear_day,clear_day_038,warm_high
0.518874,0.803886,0.113318,0.141545,0,0,1,0,1,0,0.204821,0.185194,0.223794,0.899488,3,lonely,controlled_contrast,humid_night,humid_night_005,lonely_high
0.685167,0.973927,0.173911,0.750552,1.0,0.0,1.0,0.0,1.0,0.0,0.899783,0.313279,0.061468,0.333064,0,quiet,random,,,
0.275562,0.288065,0.413031,0.004124,1.0,0.0,0.0,1.0,1.0,0.0,0.783088,0.674721,0.145274,0.058835,0,quiet,random,,,
0.51835,0.394307,0.006026,0.690901,1.0,0.0,0.0,0.0,0.0,0.0,0.358718,0.520422,0.499871,0.992076,1,warm,random,,,
0.104122,0.65486,0.417324,0.104414,1.0,0.0,0.0,1.0,1.0,0.0,0.143915,0.865615,0.528199,0.287749,1,warm,random,,,
0.119871,0.721042,0.143341,0.812086,0.0,0.0,0.0,0.0,1.0,0.0,0.298827,0.22925,0.496753,0.33788,3,lonely,random,,,
0.48791,0.828642,0.0594,0.096731,0,0,1,0,1,0,0.191571,0.176929,0.924367,0.183105,3,lonely,controlled_contrast,humid_night,humid_night_060,warm_high
0.983906,0.542461,0.164914,0.62915,0.0,1.0,0.0,0.0,1.0,0.0,0.321896,0.424682,0.17336,0.943199,3,lonely,random,,,
0.586047,0.773715,0.002495,0.603561,1.0,0.0,1.0,0.0,1.0,0.0,0.13142,0.420613,0.158611,0.27611,1,warm,random,,,
0.464257,0.79933,0.737517,0.713493,0,0,1,1,1,1,0.20264,0.220284,0.92462,0.21795,3,lonely,controlled_contrast,stormy_weather,stormy_weather_001,warm_high
0.274007,0.130852,0.004109,0.96553,1.0,0.0,0.0,0.0,0.0,0.0,0.479202,0.554116,0.748102,0.745945,1,warm,random,,,
0.667986,0.220213,0.0,0.121476,1,0,0,0,0,0,0.895272,0.199733,0.214254,0.200865,0,quiet,controlled_contrast,clear_day,clear_day_010,calm_high
0.465361,0.390536,0.530952,0.12718,0.0,0.0,0.0,1.0,1.0,0.0,0.225192,0.329381,0.721886,0.220806,3,lonely,random,,,
0.575729,0.859959,0.033338,0.451938,0.0,0.0,1.0,0.0,1.0,0.0,0.59258,0.116484,0.232219,0.986396,3,lonely,random,,,
0.490711,0.256706,0.058635,0.23606,1,0,0,0,0,0,0.893755,0.226209,0.190559,0.192521,0,quiet,controlled_contrast,neutral_weather,neutral_weather_019,calm_high
0.503949,0.814564,0.086967,0.10639,0,0,1,0,1,0,0.241284,0.903032,0.188643,0.213962,3,lonely,controlled_contrast,humid_night,humid_night_051,weird_high
0.49518,0.262392,0.075343,0.179894,1,0,0,0,0,0,0.196461,0.905693,0.186387,0.209482,2,strange,controlled_contrast,neutral_weather,neutral_weather_065,weird_high
0.316457,0.526185,0.370805,0.713418,0.0,0.0,0.0,1.0,1.0,0.0,0.424001,0.66703,0.103335,0.806874,3,lonely,random,,,
0.729913,0.264799,0.0,0.12909,1,0,0,0,0,0,0.201676,0.178873,0.187459,0.884635,3,lonely,controlled_contrast,clear_day,clear_day_061,lonely_high
0.520636,0.295328,0.06323,0.183465,1,0,0,0,0,0,0.189875,0.885537,0.196417,0.200649,2,strange,controlled_contrast,neutral_weather,neutral_weather_068,weird_high
0.548046,0.08788,0.10408,0.498248,0.0,0.0,0.0,0.0,1.0,0.0,0.533098,0.94503,0.445133,0.109855,2,strange,random,,,
0.760102,0.593833,0.447229,0.477104,1.0,1.0,0.0,1.0,1.0,0.0,0.348178,0.193421,0.261492,0.351384,1,warm,random,,,
0.903969,0.604326,0.020709,0.318548,0.0,1.0,0.0,0.0,0.0,0.0,0.087234,0.745603,0.665247,0.192237,1,warm,random,,,
0.607681,0.510221,0.413172,0.21908,0.0,0.0,0.0,1.0,1.0,0.0,0.41745,0.242609,0.231242,0.413053,3,lonely,random,,,
0.579165,0.403009,0.053331,0.929742,1.0,0.0,0.0,0.0,0.0,0.0,0.586512,0.337489,0.233861,0.080043,1,warm,random,,,
0.734582,0.295521,0.789117,0.734915,1.0,0.0,0.0,1.0,1.0,1.0,0.176889,0.723099,0.495331,0.656739,2,strange,random,,,
0.920114,0.762316,0.738693,0.000357,1.0,1.0,1.0,1.0,1.0,0.0,0.083145,0.850379,0.495034,0.246267,1,warm,random,,,
0.683897,0.138578,0.92238,0.036628,1.0,0.0,0.0,1.0,1.0,0.0,0.311816,0.885328,0.653184,0.615016,1,warm,random,,,
0.496215,0.440953,0.292282,0.077034,0.0,0.0,0.0,1.0,1.0,0.0,0.894364,0.190379,0.309004,0.176843,0,quiet,random,,,
0.087605,0.95484,0.188933,0.801194,1.0,0.0,1.0,0.0,1.0,0.0,0.510953,0.796638,0.253683,0.311139,2,strange,random,,,
0.133991,0.235844,0.023486,0.480312,0.0,0.0,0.0,0.0,0.0,0.0,0.3736,0.903941,0.211639,0.087834,2,strange,random,,,
0.797647,0.001283,0.752298,0.451665,1.0,1.0,0.0,1.0,1.0,1.0,0.731117,0.577232,0.240286,0.965996,2,strange,random,,,
0.603343,0.560922,0.092807,0.009125,1.0,0.0,0.0,0.0,1.0,0.0,0.355051,0.294828,0.773503,0.395367,1,warm,random,,,
0.524243,0.314339,0.356959,0.35527,1.0,0.0,0.0,1.0,1.0,0.0,0.10713,0.089683,0.175687,0.960733,3,lonely,random,,,
0.555599,0.07082,0.689723,0.456051,1.0,0.0,0.0,1.0,1.0,1.0,0.616222,0.519272,0.306365,0.686192,2,strange,random,,,
0.136204,0.454213,0.245437,0.34298,1.0,0.0,0.0,1.0,1.0,0.0,0.216577,0.901655,0.492794,0.648215,1,warm,random,,,
0.541154,0.523459,0.920696,0.855504,1.0,0.0,0.0,1.0,1.0,1.0,0.567148,0.235332,0.464514,0.610252,2,strange,random,,,
0.202173,0.623908,0.154078,0.864189,1.0,0.0,0.0,0.0,1.0,0.0,0.771591,0.567331,0.317107,0.134558,1,warm,random,,,
0.134188,0.314725,0.988251,0.961871,1.0,0.0,0.0,1.0,1.0,1.0,0.389776,0.357074,0.588894,0.571618,2,strange,random,,,
0.698459,0.915344,0.66037,0.598498,1.0,0.0,1.0,1.0,1.0,1.0,0.292744,0.76907,0.711894,0.465941,2,strange,random,,,
0.040828,0.881374,0.162958,0.230612,1.0,0.0,1.0,0.0,1.0,0.0,0.156149,0.475085,0.497472,0.150867,1,warm,random,,,
0.951068,0.798861,0.47527,0.054299,1.0,1.0,1.0,1.0,1.0,0.0,0.178147,0.243964,0.078795,0.151475,0,quiet,random,,,
0.293249,0.586422,0.746827,0.403393,1.0,0.0,0.0,1.0,1.0,0.0,0.486033,0.540234,0.222144,0.546965,0,quiet,random,,,
0.659047,0.16906,0.009539,0.10068,0.0,0.0,0.0,0.0,0.0,0.0,0.442456,0.398004,0.276164,0.939682,3,lonely,random,,,
0.424197,0.804148,0.459773,0.207816,0,0,1,1,1,0,0.212934,0.214173,0.884492,0.188575,0,quiet,controlled_contrast,rainy_room,rainy_room_000,warm_high
0.544639,0.854945,0.101387,0.028942,0.0,0.0,1.0,0.0,1.0,0.0,0.680723,0.675566,0.377801,0.056106,0,quiet,random,,,
0.737327,0.914928,0.847808,0.00018,0.0,0.0,1.0,1.0,1.0,0.0,0.06405,0.712602,0.572574,0.650391,3,lonely,random,,,
0.413347,0.291023,0.016326,0.704438,0.0,0.0,0.0,0.0,0.0,0.0,0.113937,0.26899,0.619755,0.947522,3,lonely,random,,,
0.408105,0.922327,0.284771,0.437877,0.0,0.0,1.0,1.0,1.0,0.0,0.247123,0.179478,0.967867,0.445679,3,lonely,random,,,
0.944922,0.256356,0.714718,0.888399,1.0,1.0,0.0,1.0,1.0,1.0,0.236576,0.830231,0.22737,0.08092,2,strange,random,,,
0.547481,0.703577,0.018604,0.699303,1.0,0.0,0.0,0.0,0.0,0.0,0.169211,0.108433,0.089637,0.805487,3,lonely,random,,,
0.441558,0.805518,0.713125,0.675702,0,0,1,1,1,1,0.183625,0.165441,0.897507,0.190717,3,lonely,controlled_contrast,stormy_weather,stormy_weather_046,warm_high
0.318263,0.024433,0.32221,0.973137,0.0,0.0,0.0,1.0,1.0,0.0,0.182153,0.628972,0.181929,0.528632,3,lonely,random,,,
0.228109,0.328814,0.136846,0.27491,1.0,0.0,0.0,0.0,1.0,0.0,0.781578,0.369885,0.387085,0.486149,1,warm,random,,,
0.121417,0.283511,0.003704,0.002402,1.0,0.0,0.0,0.0,0.0,0.0,0.543776,0.742467,0.591351,0.723435,1,warm,random,,,
0.744488,0.271266,0.059862,0.099788,1,0,0,0,0,0,0.18308,0.186013,0.893115,0.2091,1,warm,controlled_contrast,clear_day,clear_day_044,warm_high
0.987386,0.286987,0.309737,0.02665,1.0,1.0,0.0,1.0,1.0,0.0,0.858697,0.501477,0.206805,0.672181,0,quiet,random,,,
0.922607,0.588112,0.118408,0.017169,0.0,1.0,0.0,0.0,1.0,0.0,0.546219,0.480066,0.284467,0.220167,3,lonely,random,,,
0.959796,0.563065,0.908652,0.849018,1.0,1.0,0.0,1.0,1.0,1.0,0.5183,0.97815,0.621473,0.614891,2,strange,random,,,
0.9079,0.430765,0.723893,0.835636,0.0,1.0,0.0,1.0,1.0,1.0,0.462108,0.186364,0.992435,0.583251,3,lonely,random,,,
0.53233,0.056189,0.361797,0.003803,0.0,0.0,0.0,1.0,1.0,0.0,0.371894,0.26968,0.662085,0.208133,0,quiet,random,,,
0.627883,0.490491,0.405471,0.570677,1.0,0.0,0.0,1.0,1.0,0.0,0.715712,0.260735,0.648969,0.415334,1,warm,random,,,
0.404418,0.803337,0.742406,0.670048,0,0,1,1,1,1,0.897886,0.207541,0.202784,0.220463,0,quiet,controlled_contrast,stormy_weather,stormy_weather_066,calm_high
0.431556,0.783506,0.127539,0.276081,1.0,0.0,1.0,0.0,1.0,0.0,0.747509,0.23999,0.490088,0.225369,0,quiet,random,,,
0.416461,0.57316,0.89487,0.679872,1.0,0.0,0.0,1.0,1.0,1.0,0.34989,0.079484,0.376814,0.102298,2,strange,random,,,
0.610774,0.247305,0.437202,0.244726,1.0,0.0,0.0,1.0,1.0,0.0,0.520513,0.762522,0.185238,0.671133,0,quiet,random,,,
0.677112,0.076212,0.991964,0.955177,1.0,0.0,0.0,1.0,1.0,1.0,0.17511,0.320751,0.292045,0.462956,2,strange,random,,,
0.251857,0.478954,0.863853,0.742849,1.0,0.0,0.0,1.0,1.0,1.0,0.652095,0.962099,0.417386,0.209762,2,strange,random,,,
0.444523,0.020537,0.04489,0.27643,1.0,0.0,0.0,0.0,0.0,0.0,0.158782,0.228897,0.593797,0.696354,1,warm,random,,,
0.905691,0.888435,0.021619,0.282228,0.0,1.0,1.0,0.0,1.0,0.0,0.713528,0.541706,0.162091,0.95706,3,lonely,random,,,
0.783035,0.874539,0.960843,2e-05,0.0,1.0,1.0,1.0,1.0,0.0,0.674997,0.462364,0.693076,0.802683,3,lonely,random,,,
0.479695,0.276863,0.045971,0.212916,1,0,0,0,0,0,0.2274,0.900168,0.201258,0.200809,2,strange,controlled_contrast,neutral_weather,neutral_weather_077,weird_high
0.901877,0.749456,0.425279,0.215047,0.0,1.0,0.0,1.0,1.0,0.0,0.630939,0.49982,0.055492,0.54259,3,lonely,random,,,
0.705716,0.693215,0.738716,0.935569,1.0,0.0,0.0,1.0,1.0,1.0,0.293377,0.612586,0.683193,0.728283,2,strange,random,,,
0.423241,0.78218,0.471753,0.107332,1.0,0.0,1.0,1.0,1.0,0.0,0.794292,0.394525,0.728775,0.256604,0,quiet,random,,,
0.694676,0.767195,0.912939,0.457592,1.0,0.0,1.0,1.0,1.0,1.0,0.391358,0.592978,0.652888,0.176705,2,strange,random,,,
0.675411,0.073296,0.042722,0.16272,1.0,0.0,0.0,0.0,0.0,0.0,0.64845,0.966833,0.068095,0.409222,2,strange,random,,,
0.468909,0.841832,0.676199,0.713597,0,0,1,1,1,1,0.196358,0.191651,0.199498,0.865816,3,lonely,controlled_contrast,stormy_weather,stormy_weather_060,lonely_high
0.043677,0.698701,0.06585,0.362984,1.0,0.0,0.0,0.0,1.0,0.0,0.809371,0.623744,0.587521,0.42703,1,warm,random,,,
0.478682,0.253479,0.015593,0.187928,1,0,0,0,0,0,0.210983,0.183555,0.922274,0.172416,1,warm,controlled_contrast,neutral_weather,neutral_weather_025,warm_high
0.627757,0.263612,0.462658,0.050626,1.0,0.0,0.0,1.0,1.0,0.0,0.478345,0.888915,0.622074,0.078645,1,warm,random,,,
0.478343,0.822513,0.063616,0.117257,0,0,1,0,1,0,0.20664,0.199865,0.197102,0.8807,3,lonely,controlled_contrast,humid_night,humid_night_000,lonely_high
0.636851,0.377443,0.93013,0.93873,0.0,0.0,0.0,1.0,1.0,1.0,0.222127,0.944983,0.378337,0.33037,2,strange,random,,,
0.591153,0.400799,0.08614,0.614274,1.0,0.0,0.0,0.0,1.0,0.0,0.319226,0.581034,0.413271,0.468483,1,warm,random,,,
0.563494,0.221722,0.0011,0.680094,1.0,0.0,0.0,0.0,0.0,0.0,0.361452,0.528317,0.969597,0.670672,1,warm,random,,,
0.02663,0.528568,0.180643,0.026567,1.0,0.0,0.0,0.0,1.0,0.0,0.64171,0.2573,0.243662,0.667611,3,lonely,random,,,
0.278742,0.239639,0.585125,0.885828,0.0,0.0,0.0,1.0,1.0,0.0,0.376984,0.513269,0.258914,0.167586,3,lonely,random,,,
0.33052,0.373112,0.0011,0.289714,0.0,0.0,0.0,0.0,0.0,0.0,0.557241,0.731958,0.225314,0.332354,3,lonely,random,,,
0.31784,0.116338,0.2334,0.156477,1.0,0.0,0.0,1.0,1.0,0.0,0.261239,0.113037,0.118833,0.253619,0,quiet,random,,,
0.494748,0.475737,0.141626,0.862894,1.0,0.0,0.0,0.0,1.0,0.0,0.965429,0.480965,0.092092,0.305562,0,quiet,random,,,
0.003966,0.569535,0.770098,0.489025,1.0,0.0,0.0,1.0,1.0,1.0,0.270273,0.539805,0.705623,0.37648,2,strange,random,,,
0.920724,0.220481,0.082171,0.281164,0.0,1.0,0.0,0.0,1.0,0.0,0.423717,0.562651,0.509926,0.7169,3,lonely,random,,,
0.46808,0.819583,0.087767,0.134872,0,0,1,0,1,0,0.875672,0.202447,0.1915,0.19698,0,quiet,controlled_contrast,humid_night,humid_night_036,calm_high
0.482372,0.77884,0.72869,0.670935,0,0,1,1,1,1,0.197661,0.893195,0.218262,0.186309,2,strange,controlled_contrast,stormy_weather,stormy_weather_027,weird_high
0.945286,0.172073,0.004608,0.004848,1.0,1.0,0.0,0.0,0.0,0.0,0.636504,0.263787,0.210318,0.190991,1,warm,random,,,
0.717809,0.594148,0.099991,0.527457,1.0,0.0,0.0,0.0,1.0,0.0,0.566783,0.528762,0.373542,0.706583,3,lonely,random,,,
0.902012,0.516334,0.905995,0.881614,1.0,1.0,0.0,1.0,1.0,1.0,0.088839,0.718217,0.627058,0.413705,2,strange,random,,,
0.472451,0.280794,0.815796,0.796593,0.0,0.0,0.0,1.0,1.0,1.0,0.150657,0.479717,0.129956,0.194537,2,strange,random,,,
0.503315,0.827714,0.077379,0.126915,0,0,1,0,1,0,0.191763,0.198876,0.21354,0.903648,3,lonely,controlled_contrast,humid_night,humid_night_067,lonely_high
0.495929,0.378623,0.0353,0.123279,0.0,0.0,0.0,0.0,0.0,0.0,0.984964,0.158014,0.209358,0.583041,3,lonely,random,,,
0.421306,0.829717,0.720169,0.751901,0,0,1,1,1,1,0.21745,0.907279,0.214784,0.175597,2,strange,controlled_contrast,stormy_weather,stormy_weather_026,weird_high
0.503646,0.162398,0.123494,0.268869,1.0,0.0,0.0,0.0,1.0,0.0,0.18631,0.092194,0.581983,0.977938,3,lonely,random,,,
0.262294,0.330476,0.711042,0.796112,1.0,0.0,0.0,1.0,1.0,1.0,0.117841,0.475871,0.790962,0.431619,2,strange,random,,,
0.078156,0.273855,0.589016,0.898311,0.0,0.0,0.0,1.0,1.0,0.0,0.53304,0.389634,0.181151,0.12961,0,quiet,random,,,
0.19111,0.11138,0.20408,0.23797,0.0,0.0,0.0,1.0,1.0,0.0,0.311619,0.94743,0.414402,0.665724,3,lonely,random,,,
0.978693,0.892947,0.777094,0.891305,0.0,1.0,1.0,1.0,1.0,1.0,0.307323,0.495346,0.517574,0.212589,2,strange,random,,,
0.414734,0.796917,0.500263,0.200343,0,0,1,1,1,0,0.211286,0.200167,0.899826,0.216113,3,lonely,controlled_contrast,rainy_room,rainy_room_028,warm_high
0.776264,0.130889,0.688422,0.113828,0.0,1.0,0.0,1.0,1.0,0.0,0.525193,0.254587,0.131068,0.734977,3,lonely,random,,,
0.360114,0.929762,0.076704,0.228728,1.0,0.0,1.0,0.0,0.0,0.0,0.614861,0.412177,0.874001,0.717833,1,warm,random,,,
0.135473,0.14015,0.038088,0.12772,0.0,0.0,0.0,0.0,0.0,0.0,0.671962,0.36071,0.702733,0.748929,3,lonely,random,,,
0.46204,0.329187,0.874478,0.468097,1.0,0.0,0.0,1.0,1.0,1.0,0.276618,0.318339,0.648744,0.140353,2,strange,random,,,
0.740375,0.599672,0.45025,0.695613,1.0,0.0,0.0,1.0,1.0,0.0,0.061194,0.054037,0.609859,0.72459,3,lonely,random,,,
0.279746,0.467092,0.077267,0.165425,1.0,0.0,0.0,0.0,0.0,0.0,0.436705,0.778058,0.093812,0.182163,2,strange,random,,,
0.228134,0.033843,0.00109,0.851099,1.0,0.0,0.0,0.0,0.0,0.0,0.133802,0.872999,0.0619,0.628636,2,strange,random,,,
0.822323,0.8561,0.919754,0.847018,1.0,1.0,1.0,1.0,1.0,1.0,0.232367,0.643903,0.053652,0.271427,2,strange,random,,,
0.564774,0.041573,0.617092,0.966536,0.0,0.0,0.0,1.0,1.0,0.0,0.50974,0.351934,0.278229,0.221807,0,quiet,random,,,
0.573058,0.110775,0.064257,0.209861,0.0,0.0,0.0,0.0,0.0,0.0,0.899971,0.193383,0.59819,0.328995,0,quiet,random,,,
0.787383,0.37685,0.031447,0.393091,0.0,1.0,0.0,0.0,0.0,0.0,0.57547,0.327908,0.505186,0.598687,3,lonely,random,,,
0.180142,0.864794,0.657445,0.0043,1.0,0.0,1.0,1.0,1.0,0.0,0.3423,0.590187,0.449615,0.431718,0,quiet,random,,,
0.424592,0.401914,0.901397,0.917057,0.0,0.0,0.0,1.0,1.0,1.0,0.17607,0.611867,0.198257,0.103247,2,strange,random,,,
0.461783,0.077201,0.01781,0.169588,1.0,0.0,0.0,0.0,0.0,0.0,0.728064,0.072174,0.490772,0.319772,1,warm,random,,,
0.48989,0.755098,0.700222,0.730814,0,0,1,1,1,1,0.89713,0.192734,0.210734,0.197202,0,quiet,controlled_contrast,stormy_weather,stormy_weather_031,calm_high
0.350674,0.91437,0.015947,0.451034,1.0,0.0,1.0,0.0,1.0,0.0,0.551806,0.954567,0.077808,0.431139,2,strange,random,,,
0.441357,0.046205,0.542535,0.221423,1.0,0.0,0.0,1.0,1.0,0.0,0.511042,0.186075,0.214978,0.597209,0,quiet,random,,,
0.74618,0.87,0.002037,0.004752,1.0,0.0,1.0,0.0,1.0,0.0,0.332528,0.595552,0.432861,0.55584,3,lonely,random,,,
0.253126,0.999166,0.028966,0.118912,0.0,0.0,1.0,0.0,0.0,0.0,0.28398,0.957911,0.598494,0.358587,3,lonely,random,,,
0.937615,0.100039,0.018559,0.204721,1.0,1.0,0.0,0.0,0.0,0.0,0.740467,0.428205,0.615036,0.22165,1,warm,random,,,
0.735824,0.207574,0.0,0.168404,1,0,0,0,0,0,0.906855,0.196899,0.180913,0.19872,0,quiet,controlled_contrast,clear_day,clear_day_066,calm_high
0.426177,0.047448,0.153839,0.536956,1.0,0.0,0.0,0.0,1.0,0.0,0.765905,0.174089,0.62786,0.300783,1,warm,random,,,
0.400878,0.789006,0.450206,0.193393,0,0,1,1,1,0,0.212025,0.19394,0.204536,0.896559,3,lonely,controlled_contrast,rainy_room,rainy_room_002,lonely_high
0.558787,0.898238,0.343557,0.882264,0.0,0.0,1.0,1.0,1.0,0.0,0.986043,0.148736,0.424518,0.2145,0,quiet,random,,,
0.398638,0.807189,0.713835,0.71803,0,0,1,1,1,1,0.20016,0.193057,0.22044,0.88355,3,lonely,controlled_contrast,stormy_weather,stormy_weather_047,lonely_high
0.642678,0.578611,0.908765,0.498322,1.0,0.0,0.0,1.0,1.0,1.0,0.389396,0.605184,0.138518,0.712581,2,strange,random,,,
0.146896,0.266753,0.799549,0.700555,1.0,0.0,0.0,1.0,1.0,1.0,0.294516,0.70954,0.054012,0.552203,2,strange,random,,,
0.234449,0.737603,0.000963,0.753169,0.0,0.0,0.0,0.0,1.0,0.0,0.202818,0.686638,0.557359,0.536143,3,lonely,random,,,
0.68847,0.281304,0.0,0.196472,1,0,0,0,0,0,0.209365,0.912652,0.223411,0.210922,2,strange,controlled_contrast,clear_day,clear_day_054,weird_high
0.53495,0.706008,0.024045,0.660126,1.0,0.0,0.0,0.0,1.0,0.0,0.402958,0.20035,0.126641,0.399233,3,lonely,random,,,
0.88902,0.703735,0.002275,0.65527,1.0,1.0,0.0,0.0,1.0,0.0,0.348568,0.342991,0.525543,0.660059,1,warm,random,,,
0.374352,0.527973,0.843065,0.035017,1.0,0.0,0.0,1.0,1.0,0.0,0.469167,0.68996,0.139723,0.18769,0,quiet,random,,,
0.550763,0.540703,0.11092,0.983267,1.0,0.0,0.0,0.0,1.0,0.0,0.749436,0.221322,0.67806,0.59736,1,warm,random,,,
0.254045,0.982499,0.74719,0.806798,1.0,0.0,1.0,1.0,1.0,1.0,0.07814,0.481651,0.512163,0.708344,2,strange,random,,,
0.707503,0.213104,0.0,0.205619,1,0,0,0,0,0,0.201343,0.192005,0.202294,0.918477,3,lonely,controlled_contrast,clear_day,clear_day_064,lonely_high
0.192624,0.763473,0.13138,0.91361,0.0,0.0,1.0,0.0,1.0,0.0,0.553216,0.707168,0.204868,0.271515,3,lonely,random,,,
0.49233,0.809072,0.732544,0.676548,0,0,1,1,1,1,0.892969,0.169519,0.21752,0.206802,0,quiet,controlled_contrast,stormy_weather,stormy_weather_049,calm_high
0.378573,0.545653,0.060575,0.910102,1.0,0.0,0.0,0.0,0.0,0.0,0.086945,0.378042,0.402977,0.674493,1,warm,random,,,
0.773418,0.930763,0.203626,0.798187,1.0,1.0,1.0,1.0,1.0,0.0,0.698779,0.087579,0.501739,0.540781,0,quiet,random,,,
0.444879,0.787202,0.718189,0.714087,0,0,1,1,1,1,0.912112,0.199732,0.188398,0.18434,0,quiet,controlled_contrast,stormy_weather,stormy_weather_061,calm_high
0.759289,0.376877,0.366854,0.594447,0.0,1.0,0.0,1.0,1.0,0.0,0.058728,0.961803,0.712343,0.061696,1,warm,random,,,
0.395915,0.415011,0.642858,0.004656,0.0,0.0,0.0,1.0,1.0,0.0,0.458973,0.765566,0.669537,0.203713,0,quiet,random,,,
0.687995,0.571114,0.134506,0.953999,1.0,0.0,0.0,0.0,1.0,0.0,0.19248,0.431615,0.517135,0.375088,1,warm,random,,,
0.777499,0.794725,0.00139,0.867951,1.0,1.0,1.0,0.0,1.0,0.0,0.650218,0.904179,0.461179,0.598972,1,warm,random,,,
0.517707,0.291419,0.011145,0.166658,1.0,0.0,0.0,0.0,0.0,0.0,0.53626,0.879944,0.34773,0.462404,1,warm,random,,,
0.29444,0.781977,0.438566,0.071307,1.0,0.0,1.0,1.0,1.0,0.0,0.179305,0.735182,0.446109,0.604282,0,quiet,random,,,
0.49518,0.262392,0.075343,0.179894,1,0,0,0,0,0,0.206187,0.206355,0.892767,0.199613,1,warm,controlled_contrast,neutral_weather,neutral_weather_065,warm_high
0.645319,0.964753,0.504952,0.354523,0.0,0.0,1.0,1.0,1.0,0.0,0.956314,0.622739,0.148296,0.618255,0,quiet,random,,,
0.330928,0.196825,0.991925,0.620275,1.0,0.0,0.0,1.0,1.0,1.0,0.272376,0.321866,0.645695,0.395654,2,strange,random,,,
0.37983,0.13558,0.275658,0.782537,1.0,0.0,0.0,1.0,1.0,0.0,0.363292,0.695503,0.078128,0.449603,0,quiet,random,,,
0.040727,0.917387,0.935629,0.483755,0.0,0.0,1.0,1.0,1.0,1.0,0.467579,0.886717,0.695024,0.382474,2,strange,random,,,
0.756635,0.251974,0.992943,0.538437,1.0,1.0,0.0,1.0,1.0,1.0,0.608899,0.843719,0.493477,0.667413,2,strange,random,,,
0.768968,0.011339,0.000163,0.040677,1.0,1.0,0.0,0.0,0.0,0.0,0.397852,0.671575,0.474007,0.332401,1,warm,random,,,
0.161429,0.648646,0.000636,0.081202,1.0,0.0,0.0,0.0,0.0,0.0,0.585404,0.283056,0.799581,0.626258,1,warm,random,,,
0.719299,0.240149,0.013052,0.162744,1,0,0,0,0,0,0.218619,0.885216,0.210118,0.20558,2,strange,controlled_contrast,clear_day,clear_day_009,weird_high
0.47476,0.594726,0.010583,0.398564,1.0,0.0,0.0,0.0,0.0,0.0,0.447934,0.468825,0.261773,0.392747,1,warm,random,,,
0.32452,0.976267,0.288823,0.152177,1.0,0.0,1.0,1.0,1.0,0.0,0.72376,0.861341,0.342163,0.519424,0,quiet,random,,,
0.010011,0.643825,0.878226,0.703857,1.0,0.0,0.0,1.0,1.0,1.0,0.20774,0.505132,0.956189,0.456626,2,strange,random,,,
0.558254,0.889798,0.539268,0.554416,1.0,0.0,1.0,1.0,1.0,0.0,0.652547,0.548017,0.074333,0.708522,0,quiet,random,,,
0.703599,0.055554,0.160782,0.187503,0.0,0.0,0.0,0.0,1.0,0.0,0.336857,0.541398,0.496864,0.37161,3,lonely,random,,,
0.975389,0.305534,0.730132,0.671607,1.0,1.0,0.0,1.0,1.0,1.0,0.737384,0.561319,0.068686,0.683342,2,strange,random,,,
0.914322,0.547281,0.333867,0.091937,1.0,1.0,0.0,1.0,1.0,0.0,0.718838,0.174486,0.934693,0.1606,1,warm,random,,,
0.508759,0.23214,0.090316,0.227337,1,0,0,0,0,0,0.213621,0.197685,0.89785,0.207131,1,warm,controlled_contrast,neutral_weather,neutral_weather_042,warm_high
0.460877,0.358465,0.713188,0.681512,0.0,0.0,0.0,1.0,1.0,1.0,0.213863,0.984344,0.081135,0.32549,2,strange,random,,,
0.720938,0.30272,0.929236,0.584205,0.0,0.0,0.0,1.0,1.0,1.0,0.479679,0.805977,0.595365,0.070368,2,strange,random,,,
0.631519,0.571023,0.114423,0.100154,1.0,0.0,0.0,0.0,1.0,0.0,0.055973,0.206808,0.334879,0.449195,1,warm,random,,,
0.061152,0.759562,0.667856,0.85871,1.0,0.0,1.0,1.0,1.0,1.0,0.177693,0.625295,0.24316,0.797964,2,strange,random,,,
0.552499,0.860342,0.357682,0.771244,0.0,0.0,1.0,1.0,1.0,0.0,0.3595,0.074004,0.160941,0.085231,0,quiet,random,,,
0.997556,0.379264,0.586444,0.962263,1.0,1.0,0.0,1.0,1.0,0.0,0.455421,0.877019,0.116604,0.172687,2,strange,random,,,
0.569131,0.070515,0.013579,0.649371,1.0,0.0,0.0,0.0,0.0,0.0,0.749127,0.380617,0.403889,0.818893,1,warm,random,,,
0.831393,0.841486,0.065595,0.235927,1.0,1.0,1.0,0.0,1.0,0.0,0.75235,0.663673,0.206443,0.605786,0,quiet,random,,,
0.441243,0.788854,0.002176,0.047415,1.0,0.0,1.0,0.0,1.0,0.0,0.445,0.562212,0.995656,0.55648,1,warm,random,,,
0.113747,0.945084,0.950058,0.981716,1.0,0.0,1.0,1.0,1.0,1.0,0.55664,0.696143,0.451503,0.424926,2,strange,random,,,
0.24294,0.022551,0.385322,0.397367,0.0,0.0,0.0,1.0,1.0,0.0,0.734854,0.21907,0.436713,0.078483,0,quiet,random,,,
0.427509,0.84731,0.085653,0.107923,0,0,1,0,1,0,0.186161,0.890507,0.20061,0.202064,3,lonely,controlled_contrast,humid_night,humid_night_052,weird_high
0.474578,0.789118,0.000383,0.451454,0.0,0.0,1.0,0.0,1.0,0.0,0.306228,0.346192,0.206943,0.272572,3,lonely,random,,,
0.955517,0.091927,0.00051,0.814647,1.0,1.0,0.0,0.0,0.0,0.0,0.614168,0.20021,0.588209,0.771415,1,warm,random,,,
0.520268,0.097965,0.244799,0.482904,0.0,0.0,0.0,1.0,1.0,0.0,0.378406,0.781336,0.191967,0.31976,3,lonely,random,,,
0.663765,0.983513,0.415584,0.252816,1.0,0.0,1.0,1.0,1.0,0.0,0.281551,0.848323,0.503425,0.099639,0,quiet,random,,,
0.78268,0.335584,0.117481,0.17673,1.0,1.0,0.0,0.0,1.0,0.0,0.534614,0.319062,0.772432,0.347239,1,warm,random,,,
0.158257,0.373758,0.714575,0.292445,0.0,0.0,0.0,1.0,1.0,0.0,0.111859,0.95696,0.416362,0.659528,3,lonely,random,,,
0.386895,0.353635,0.6515,0.628769,1.0,0.0,0.0,1.0,1.0,1.0,0.172701,0.773694,0.628827,0.51846,2,strange,random,,,
0.551984,0.205214,0.006691,0.589878,1.0,0.0,0.0,0.0,0.0,0.0,0.052914,0.546465,0.243321,0.425718,1,warm,random,,,
0.434239,0.834316,0.668491,0.723938,0,0,1,1,1,1,0.202451,0.206308,0.214522,0.920359,3,lonely,controlled_contrast,stormy_weather,stormy_weather_054,lonely_high
0.292736,0.014564,0.962447,0.538005,0.0,0.0,0.0,1.0,1.0,1.0,0.736129,0.606827,0.188863,0.275949,2,strange,random,,,
0.085904,0.36057,0.579654,0.095723,0.0,0.0,0.0,1.0,1.0,0.0,0.185249,0.360797,0.718534,0.732994,3,lonely,random,,,
0.895303,0.529345,0.623938,0.92733,0.0,1.0,0.0,1.0,1.0,0.0,0.167903,0.929257,0.414997,0.571625,3,lonely,random,,,
0.201494,0.153733,0.871832,0.608443,1.0,0.0,0.0,1.0,1.0,1.0,0.294205,0.465351,0.472339,0.603088,2,strange,random,,,
0.120678,0.645788,0.68461,0.272255,1.0,0.0,0.0,1.0,1.0,0.0,0.316387,0.362373,0.378598,0.554543,3,lonely,random,,,
0.269392,0.945893,0.030772,0.21377,0.0,0.0,1.0,0.0,0.0,0.0,0.262072,0.251984,0.425264,0.414734,3,lonely,random,,,
0.100119,0.930775,0.660349,0.027884,1.0,0.0,1.0,1.0,1.0,0.0,0.815757,0.648028,0.671918,0.228578,0,quiet,random,,,
0.376659,0.758956,0.448325,0.163615,0,0,1,1,1,0,0.899994,0.194108,0.209943,0.192255,0,quiet,controlled_contrast,rainy_room,rainy_room_031,calm_high
0.9544,0.534951,0.850659,0.733104,0.0,1.0,0.0,1.0,1.0,1.0,0.376354,0.3247,0.824019,0.748456,3,lonely,random,,,
0.20252,0.507593,0.209965,0.160542,0.0,0.0,0.0,1.0,1.0,0.0,0.10536,0.265373,0.531104,0.77481,3,lonely,random,,,
0.744538,0.29405,0.186776,0.63504,1.0,0.0,0.0,0.0,1.0,0.0,0.132488,0.383484,0.406019,0.376696,1,warm,random,,,
0.434589,0.815336,0.07522,0.097036,0,0,1,0,1,0,0.204403,0.210149,0.893782,0.18347,3,lonely,controlled_contrast,humid_night,humid_night_072,warm_high
0.421473,0.78362,0.466018,0.178598,0,0,1,1,1,0,0.904291,0.19731,0.190031,0.178155,0,quiet,controlled_contrast,rainy_room,rainy_room_020,calm_high
0.187972,0.682803,0.238241,0.208633,1.0,0.0,0.0,1.0,1.0,0.0,0.942783,0.617769,0.620451,0.619583,0,quiet,random,,,
0.089315,0.727775,0.104954,0.122199,1.0,0.0,0.0,0.0,1.0,0.0,0.378953,0.739377,0.393215,0.545994,3,lonely,random,,,
0.441954,0.81054,0.704181,0.726959,0,0,1,1,1,1,0.202106,0.195769,0.909813,0.202659,3,lonely,controlled_contrast,stormy_weather,stormy_weather_011,warm_high
0.657092,0.793729,0.627491,0.724297,1.0,0.0,1.0,1.0,1.0,0.0,0.579449,0.522918,0.464927,0.137744,0,quiet,random,,,
0.129125,0.761844,0.140778,0.019154,1.0,0.0,1.0,0.0,1.0,0.0,0.418084,0.406879,0.961458,0.58478,1,warm,random,,,
0.471362,0.455684,0.064652,0.56823,0.0,0.0,0.0,0.0,0.0,0.0,0.541664,0.666154,0.390284,0.079451,2,strange,random,,,
0.811633,0.506917,0.426586,0.431821,1.0,1.0,0.0,1.0,1.0,0.0,0.821439,0.259844,0.163344,0.389155,0,quiet,random,,,
0.080052,0.033509,0.143371,0.363242,1.0,0.0,0.0,0.0,1.0,0.0,0.969199,0.256637,0.244575,0.380731,0,quiet,random,,,
0.086415,0.53316,0.063055,0.91451,1.0,0.0,0.0,0.0,0.0,0.0,0.436823,0.321509,0.586138,0.446785,1,warm,random,,,
0.131295,0.708203,0.400739,0.274753,1.0,0.0,0.0,1.0,1.0,0.0,0.568083,0.741031,0.435056,0.351298,0,quiet,random,,,
0.219832,0.990341,0.044143,0.846291,0.0,0.0,1.0,0.0,0.0,0.0,0.663027,0.415658,0.744985,0.357388,3,lonely,random,,,
0.304404,0.687623,0.352643,0.139939,1.0,0.0,0.0,1.0,1.0,0.0,0.622566,0.207342,0.63645,0.431688,0,quiet,random,,,
0.008978,0.238627,0.308528,0.430705,0.0,0.0,0.0,1.0,1.0,0.0,0.189963,0.598047,0.62973,0.290904,3,lonely,random,,,
0.707678,0.285995,0.700954,0.532403,1.0,0.0,0.0,1.0,1.0,1.0,0.729517,0.686446,0.554534,0.633838,2,strange,random,,,
0.778583,0.521579,0.74992,0.920928,0.0,1.0,0.0,1.0,1.0,1.0,0.43294,0.991942,0.532822,0.620479,2,strange,random,,,
0.751646,0.787131,0.064472,0.661558,0.0,1.0,1.0,0.0,1.0,0.0,0.346992,0.388516,0.59043,0.054395,1,warm,random,,,
0.464359,0.850754,0.062124,0.083153,0,0,1,0,1,0,0.195143,0.889007,0.202773,0.198232,3,lonely,controlled_contrast,humid_night,humid_night_009,weird_high
0.169775,0.344297,0.476542,0.509216,1.0,0.0,0.0,1.0,1.0,0.0,0.237839,0.998209,0.330349,0.473548,2,strange,random,,,
0.210089,0.687328,0.209607,0.316585,1.0,0.0,0.0,1.0,1.0,0.0,0.465537,0.140625,0.109803,0.513231,0,quiet,random,,,
0.517771,0.819327,0.07495,0.101074,0,0,1,0,1,0,0.206719,0.209531,0.177736,0.891519,3,lonely,controlled_contrast,humid_night,humid_night_061,lonely_high
0.709024,0.23868,0.0,0.144236,1,0,0,0,0,0,0.189696,0.193045,0.906301,0.202158,1,warm,controlled_contrast,clear_day,clear_day_011,warm_high
0.210587,0.439138,0.367275,0.336021,1.0,0.0,0.0,1.0,1.0,0.0,0.062145,0.20543,0.709408,0.662758,1,warm,random,,,
0.478682,0.253479,0.015593,0.187928,1,0,0,0,0,0,0.197048,0.913185,0.185926,0.202539,2,strange,controlled_contrast,neutral_weather,neutral_weather_025,weird_high
0.486921,0.236151,0.390811,0.97354,0.0,0.0,0.0,1.0,1.0,0.0,0.486507,0.660179,0.178141,0.328104,3,lonely,random,,,
0.546924,0.616099,0.011139,0.004764,1.0,0.0,0.0,0.0,0.0,0.0,0.522557,0.40625,0.409884,0.07279,1,warm,random,,,
0.875054,0.673915,0.03894,0.991832,0.0,1.0,0.0,0.0,0.0,0.0,0.534426,0.914916,0.21395,0.073128,2,strange,random,,,
0.092202,0.315633,0.859021,0.668878,0.0,0.0,0.0,1.0,1.0,1.0,0.818218,0.597116,0.094025,0.146371,2,strange,random,,,
0.467612,0.038188,0.911835,0.940951,0.0,0.0,0.0,1.0,1.0,1.0,0.681303,0.711223,0.372113,0.218992,2,strange,random,,,
0.799315,0.404807,0.371428,0.384799,0.0,1.0,0.0,1.0,1.0,0.0,0.986321,0.636729,0.304865,0.562772,0,quiet,random,,,
0.601688,0.83336,0.859085,0.137158,1.0,0.0,1.0,1.0,1.0,0.0,0.224482,0.628696,0.214222,0.689871,0,quiet,random,,,
0.252453,0.10907,0.041322,0.49984,0.0,0.0,0.0,0.0,0.0,0.0,0.145982,0.740908,0.364996,0.293308,2,strange,random,,,
0.188121,0.888836,0.77946,0.997786,1.0,0.0,1.0,1.0,1.0,1.0,0.216893,0.654145,0.850026,0.350645,2,strange,random,,,
0.133136,0.740005,0.73952,0.320917,0.0,0.0,0.0,1.0,1.0,0.0,0.72827,0.741822,0.149417,0.436687,3,lonely,random,,,
0.472853,0.024547,0.001788,0.199604,0.0,0.0,0.0,0.0,0.0,0.0,0.111406,0.605086,0.05062,0.473632,3,lonely,random,,,
0.756382,0.267416,0.002126,0.170955,1,0,0,0,0,0,0.909619,0.194645,0.200752,0.201407,0,quiet,controlled_contrast,clear_day,clear_day_053,calm_high
0.602613,0.375023,0.740162,0.47057,1.0,0.0,0.0,1.0,1.0,1.0,0.507972,0.534311,0.159919,0.908157,2,strange,random,,,
0.321445,0.562052,0.001537,0.510933,1.0,0.0,0.0,0.0,0.0,0.0,0.688757,0.62165,0.483191,0.91752,1,warm,random,,,
0.468492,0.259228,0.022206,0.216323,1,0,0,0,0,0,0.920426,0.211614,0.204462,0.212694,0,quiet,controlled_contrast,neutral_weather,neutral_weather_011,calm_high
0.352881,0.863823,0.913466,0.573374,1.0,0.0,1.0,1.0,1.0,1.0,0.424282,0.780512,0.536419,0.489181,2,strange,random,,,
0.273698,0.293101,0.673728,0.562443,1.0,0.0,0.0,1.0,1.0,1.0,0.594698,0.727847,0.982973,0.452816,2,strange,random,,,
0.296197,0.802421,0.289286,0.827676,0.0,0.0,1.0,1.0,1.0,0.0,0.450552,0.445591,0.234813,0.393304,3,lonely,random,,,
0.744172,0.499674,0.909124,0.591542,1.0,0.0,0.0,1.0,1.0,1.0,0.088765,0.523191,0.421406,0.352768,2,strange,random,,,
0.154255,0.225772,0.001668,0.49306,0.0,0.0,0.0,0.0,0.0,0.0,0.151641,0.800867,0.076799,0.363536,3,lonely,random,,,
0.603411,0.946112,0.259864,0.071586,1.0,0.0,1.0,1.0,1.0,0.0,0.230473,0.24472,0.4997,0.405206,0,quiet,random,,,
0.68617,0.445138,0.750965,0.377962,1.0,0.0,0.0,1.0,1.0,0.0,0.789395,0.525408,0.076452,0.636539,0,quiet,random,,,
0.486897,0.24459,0.071247,0.198799,1,0,0,0,0,0,0.187262,0.201749,0.19372,0.897463,3,lonely,controlled_contrast,neutral_weather,neutral_weather_001,lonely_high
0.507875,0.801792,0.068082,0.089508,0,0,1,0,1,0,0.209952,0.889067,0.20196,0.185741,3,lonely,controlled_contrast,humid_night,humid_night_028,weird_high
0.442771,0.763883,0.415968,0.174523,0,0,1,1,1,0,0.185218,0.200315,0.910931,0.207284,3,lonely,controlled_contrast,rainy_room,rainy_room_061,warm_high
0.503316,0.219901,0.052777,0.182964,1,0,0,0,0,0,0.220362,0.168978,0.181102,0.874357,3,lonely,controlled_contrast,neutral_weather,neutral_weather_035,lonely_high
0.710079,0.312658,0.028286,0.098564,1,0,0,0,0,0,0.226106,0.882815,0.200542,0.224774,1,warm,controlled_contrast,clear_day,clear_day_035,weird_high
0.502618,0.824628,0.057964,0.091767,0,0,1,0,1,0,0.209579,0.202589,0.887597,0.178571,3,lonely,controlled_contrast,humid_night,humid_night_014,warm_high
0.343419,0.002082,0.46114,0.423595,1.0,0.0,0.0,1.0,1.0,0.0,0.317446,0.696062,0.554002,0.220483,1,warm,random,,,
0.577336,0.371259,0.688199,0.849021,1.0,0.0,0.0,1.0,1.0,1.0,0.71571,0.915769,0.403215,0.650447,2,strange,random,,,
0.442529,0.863678,0.361957,0.000135,1.0,0.0,1.0,1.0,1.0,0.0,0.662342,0.763265,0.227379,0.087764,0,quiet,random,,,
0.266121,0.469837,0.451755,0.755376,1.0,0.0,0.0,1.0,1.0,0.0,0.188471,0.722692,0.122864,0.607184,3,lonely,random,,,
0.450257,0.803023,0.472434,0.211046,0,0,1,1,1,0,0.169939,0.196598,0.215649,0.8848,3,lonely,controlled_contrast,rainy_room,rainy_room_036,lonely_high
0.791982,0.937442,0.507433,0.302194,1.0,1.0,1.0,1.0,1.0,0.0,0.738144,0.233825,0.592542,0.278908,0,quiet,random,,,
0.61776,0.501601,0.008533,0.761008,1.0,0.0,0.0,0.0,0.0,0.0,0.268208,0.251246,0.59406,0.546357,1,warm,random,,,
0.476364,0.83737,0.713143,0.753739,0,0,1,1,1,1,0.210467,0.230769,0.916581,0.186991,3,lonely,controlled_contrast,stormy_weather,stormy_weather_010,warm_high
0.11003,0.782046,0.170493,0.258319,1.0,0.0,1.0,0.0,1.0,0.0,0.347742,0.059129,0.052487,0.077533,0,quiet,random,,,
0.731298,0.289805,0.968004,0.489011,0.0,0.0,0.0,1.0,1.0,1.0,0.149127,0.327914,0.746706,0.660467,3,lonely,random,,,
0.70012,0.115338,0.121811,0.153666,0.0,0.0,0.0,0.0,1.0,0.0,0.174876,0.168156,0.106496,0.278311,3,lonely,random,,,
0.335988,0.778641,0.11461,0.313865,1.0,0.0,1.0,0.0,1.0,0.0,0.13846,0.434937,0.180584,0.056509,1,warm,random,,,
0.097162,0.227663,0.900653,0.131372,1.0,0.0,0.0,1.0,1.0,0.0,0.123811,0.236893,0.603787,0.65315,1,warm,random,,,
0.249457,0.978021,0.232933,0.8766,0.0,0.0,1.0,1.0,1.0,0.0,0.657865,0.633616,0.624879,0.302571,0,quiet,random,,,
0.961568,0.221117,0.020445,0.610908,0.0,1.0,0.0,0.0,0.0,0.0,0.581836,0.325915,0.371709,0.954237,3,lonely,random,,,
0.42489,0.757773,0.713745,0.75523,0,0,1,1,1,1,0.20559,0.198851,0.193586,0.888964,3,lonely,controlled_contrast,stormy_weather,stormy_weather_055,lonely_high
0.397375,0.421575,0.64725,0.109201,0.0,0.0,0.0,1.0,1.0,0.0,0.397419,0.425698,0.655242,0.374182,3,lonely,random,,,
0.474586,0.756832,0.054159,0.101638,0,0,1,0,1,0,0.927178,0.197669,0.211386,0.195977,0,quiet,controlled_contrast,humid_night,humid_night_066,calm_high
0.723876,0.268474,0.001609,0.176655,1,0,0,0,0,0,0.214328,0.216067,0.193815,0.893567,3,lonely,controlled_contrast,clear_day,clear_day_056,lonely_high
0.567746,0.986045,0.844124,0.093996,0.0,0.0,1.0,1.0,1.0,0.0,0.413986,0.743734,0.84695,0.554676,3,lonely,random,,,
0.855387,0.268618,0.003432,0.791003,0.0,1.0,0.0,0.0,0.0,0.0,0.513315,0.967605,0.278858,0.187598,2,strange,random,,,
0.696905,0.273851,0.0,0.165855,1,0,0,0,0,0,0.922821,0.210429,0.198436,0.200859,0,quiet,controlled_contrast,clear_day,clear_day_015,calm_high
0.63817,0.684598,0.086458,0.650811,1.0,0.0,0.0,0.0,1.0,0.0,0.582411,0.445994,0.233032,0.106352,1,warm,random,,,
0.08912,0.082867,0.020202,0.098938,1.0,0.0,0.0,0.0,0.0,0.0,0.103349,0.935076,0.095518,0.563166,2,strange,random,,,
0.058784,0.777437,0.77398,0.369299,1.0,0.0,1.0,1.0,1.0,0.0,0.807699,0.538355,0.597823,0.410423,0,quiet,random,,,
0.335578,0.642486,0.474489,0.169679,1.0,0.0,0.0,1.0,1.0,0.0,0.467415,0.628669,0.635315,0.22652,1,warm,random,,,
0.944302,0.676024,0.0,0.642329,1.0,1.0,0.0,0.0,0.0,0.0,0.299471,0.092722,0.471542,0.29217,1,warm,random,,,
0.066024,0.157201,0.067376,0.951713,0.0,0.0,0.0,0.0,0.0,0.0,0.497225,0.724565,0.332823,0.057431,2,strange,random,,,
0.107139,0.315578,0.250922,0.089699,1.0,0.0,0.0,1.0,1.0,0.0,0.129606,0.422994,0.32395,0.914552,3,lonely,random,,,
0.494441,0.143794,0.172893,0.092932,0.0,0.0,0.0,0.0,1.0,0.0,0.699095,0.191398,0.231438,0.736833,3,lonely,random,,,
0.714682,0.208105,0.454928,0.284465,0.0,0.0,0.0,1.0,1.0,0.0,0.205661,0.362108,0.50848,0.42723,3,lonely,random,,,
0.402968,0.815805,0.492955,0.23077,0,0,1,1,1,0,0.198532,0.194651,0.895207,0.192614,3,lonely,controlled_contrast,rainy_room,rainy_room_009,warm_high
0.314761,0.594934,0.611897,0.94959,1.0,0.0,0.0,1.0,1.0,0.0,0.734117,0.078288,0.503706,0.195073,0,quiet,random,,,
0.21508,0.612754,0.912743,0.067489,0.0,0.0,0.0,1.0,1.0,0.0,0.360258,0.432559,0.230229,0.853914,3,lonely,random,,,
0.72181,0.351582,0.119751,0.121211,1.0,0.0,0.0,0.0,1.0,0.0,0.422073,0.535655,0.807064,0.154038,1,warm,random,,,
0.4749,0.807031,0.06343,0.150541,0,0,1,0,1,0,0.912942,0.217025,0.208461,0.190222,0,quiet,controlled_contrast,humid_night,humid_night_059,calm_high
0.52931,0.866932,0.55,0.029325,1.0,0.0,1.0,1.0,1.0,0.0,0.262423,0.068345,0.13956,0.683593,0,quiet,random,,,
0.030421,0.235819,0.008314,0.182615,0.0,0.0,0.0,0.0,0.0,0.0,0.433923,0.730947,0.621514,0.338002,3,lonely,random,,,
0.553815,0.395082,0.309889,0.032016,1.0,0.0,0.0,1.0,1.0,0.0,0.697886,0.36778,0.652356,0.907041,0,quiet,random,,,
0.277897,0.917586,0.056184,0.485828,1.0,0.0,1.0,0.0,1.0,0.0,0.520366,0.076038,0.59293,0.100988,1,warm,random,,,
0.296506,0.041718,0.830141,0.131398,0.0,0.0,0.0,1.0,1.0,0.0,0.712901,0.34217,0.527114,0.92992,3,lonely,random,,,
0.633037,0.062406,0.984027,0.352754,1.0,0.0,0.0,1.0,1.0,0.0,0.320736,0.646435,0.896017,0.506543,1,warm,random,,,
0.483239,0.234496,0.056259,0.164723,1,0,0,0,0,0,0.902363,0.195883,0.185783,0.18433,0,quiet,controlled_contrast,neutral_weather,neutral_weather_010,calm_high
0.206684,0.619368,0.20758,0.352762,0.0,0.0,0.0,1.0,1.0,0.0,0.361347,0.281666,0.157525,0.780972,3,lonely,random,,,
0.097042,0.628,0.683617,0.035577,1.0,0.0,0.0,1.0,1.0,0.0,0.737685,0.538486,0.213379,0.704269,0,quiet,random,,,
0.708585,0.077123,0.007429,0.004654,1.0,0.0,0.0,0.0,0.0,0.0,0.390256,0.280619,0.666186,0.495907,1,warm,random,,,
0.028938,0.47546,0.322469,0.037577,0.0,0.0,0.0,1.0,1.0,0.0,0.259747,0.097427,0.712149,0.36514,3,lonely,random,,,
0.660652,0.415808,0.000385,0.557331,0.0,0.0,0.0,0.0,0.0,0.0,0.662951,0.988723,0.153767,0.480831,2,strange,random,,,
0.412099,0.783001,0.68509,0.72673,0,0,1,1,1,1,0.226444,0.221653,0.205347,0.916914,3,lonely,controlled_contrast,stormy_weather,stormy_weather_072,lonely_high
0.53132,0.112633,0.387084,0.755448,1.0,0.0,0.0,1.0,1.0,0.0,0.242201,0.085152,0.078301,0.323407,0,quiet,random,,,
0.436345,0.371841,0.25892,0.185717,1.0,0.0,0.0,1.0,1.0,0.0,0.565337,0.386018,0.210439,0.141032,0,quiet,random,,,
0.170632,0.721628,0.301053,0.946723,0.0,0.0,0.0,1.0,1.0,0.0,0.352047,0.480853,0.410679,0.107902,3,lonely,random,,,
0.302382,0.008487,0.003291,0.973123,0.0,0.0,0.0,0.0,0.0,0.0,0.631672,0.670725,0.243699,0.177715,2,strange,random,,,
0.419041,0.448587,0.036182,0.824464,0.0,0.0,0.0,0.0,0.0,0.0,0.177824,0.730951,0.081697,0.162197,2,strange,random,,,
0.654934,0.798493,0.0367,0.066782,1.0,0.0,1.0,0.0,1.0,0.0,0.514766,0.18585,0.810483,0.062486,1,warm,random,,,
0.8368,0.166893,0.831346,0.804472,0.0,1.0,0.0,1.0,1.0,1.0,0.273205,0.493884,0.204803,0.111575,2,strange,random,,,
0.547915,0.032693,0.699115,0.722256,1.0,0.0,0.0,1.0,1.0,1.0,0.500367,0.700274,0.353031,0.747543,2,strange,random,,,
0.597037,0.034704,0.2729,0.535759,1.0,0.0,0.0,1.0,1.0,0.0,0.487764,0.285127,0.220327,0.887669,3,lonely,random,,,
0.550832,0.082783,0.002764,0.490189,1.0,0.0,0.0,0.0,0.0,0.0,0.620675,0.972629,0.357498,0.065186,1,warm,random,,,
0.544729,0.7167,0.072921,0.379503,0.0,0.0,0.0,0.0,0.0,0.0,0.445821,0.476522,0.54032,0.741999,3,lonely,random,,,
0.220231,0.966256,9e-05,0.292369,0.0,0.0,1.0,0.0,1.0,0.0,0.265458,0.138674,0.569457,0.913433,3,lonely,random,,,
0.453951,0.439591,0.667277,0.765338,1.0,0.0,0.0,1.0,1.0,1.0,0.550315,0.29634,0.481664,0.738389,2,strange,random,,,
0.456207,0.661916,0.000928,0.345773,1.0,0.0,0.0,0.0,0.0,0.0,0.291386,0.38388,0.162269,0.352609,1,warm,random,,,
0.196539,0.335959,0.255141,0.772421,1.0,0.0,0.0,1.0,1.0,0.0,0.947728,0.74737,0.437542,0.555476,0,quiet,random,,,
0.736594,0.698077,0.438261,0.852572,1.0,0.0,0.0,1.0,1.0,0.0,0.583744,0.910383,0.385007,0.44218,0,quiet,random,,,
0.14526,0.280396,0.432869,0.128127,0.0,0.0,0.0,1.0,1.0,0.0,0.479877,0.708661,0.361422,0.430676,3,lonely,random,,,
0.45731,0.796358,0.748779,0.71537,0,0,1,1,1,1,0.908636,0.213077,0.204518,0.191974,0,quiet,controlled_contrast,stormy_weather,stormy_weather_042,calm_high
0.465328,0.804782,0.080022,0.083526,0,0,1,0,1,0,0.210286,0.181611,0.199638,0.905722,3,lonely,controlled_contrast,humid_night,humid_night_023,lonely_high
0.158682,0.496129,0.033204,0.048837,1.0,0.0,0.0,0.0,0.0,0.0,0.748766,0.761567,0.410498,0.721115,1,warm,random,,,
0.973337,0.999237,0.113807,0.265258,1.0,1.0,1.0,0.0,1.0,0.0,0.112374,0.581294,0.631412,0.38364,1,warm,random,,,
0.544636,0.99019,0.066731,0.434047,0.0,0.0,1.0,0.0,1.0,0.0,0.451337,0.551455,0.280575,0.973416,3,lonely,random,,,
0.683836,0.198853,0.890737,0.721752,0.0,0.0,0.0,1.0,1.0,1.0,0.65086,0.294926,0.522127,0.353922,2,strange,random,,,
0.671456,0.500655,0.876878,0.642132,1.0,0.0,0.0,1.0,1.0,1.0,0.337032,0.243783,0.714016,0.269327,2,strange,random,,,
0.515505,0.986725,0.011317,0.406353,1.0,0.0,1.0,0.0,1.0,0.0,0.614188,0.244293,0.072085,0.228809,0,quiet,random,,,
0.570363,0.852976,0.129463,0.689326,1.0,0.0,1.0,0.0,1.0,0.0,0.373031,0.850613,0.343473,0.514647,3,lonely,random,,,
0.402272,0.804365,0.710527,0.745143,0,0,1,1,1,1,0.18071,0.903572,0.202328,0.186559,2,strange,controlled_contrast,stormy_weather,stormy_weather_016,weird_high
0.815353,0.805508,0.022329,0.191021,1.0,1.0,1.0,0.0,1.0,0.0,0.578643,0.77333,0.588322,0.548878,1,warm,random,,,
0.315832,0.05426,0.050758,0.785651,1.0,0.0,0.0,0.0,0.0,0.0,0.470167,0.110975,0.139051,0.522433,1,warm,random,,,
0.78856,0.678575,0.000542,0.819887,1.0,1.0,0.0,0.0,0.0,0.0,0.175936,0.586848,0.236338,0.085327,1,warm,random,,,
0.471269,0.418061,0.008036,0.074077,0.0,0.0,0.0,0.0,0.0,0.0,0.9065,0.302505,0.075291,0.419833,0,quiet,random,,,
0.465328,0.804782,0.080022,0.083526,0,0,1,0,1,0,0.215771,0.194028,0.895086,0.21445,3,lonely,controlled_contrast,humid_night,humid_night_023,warm_high
0.490711,0.256706,0.058635,0.23606,1,0,0,0,0,0,0.196796,0.180905,0.899396,0.198183,1,warm,controlled_contrast,neutral_weather,neutral_weather_019,warm_high
0.546914,0.080698,0.251375,0.079603,1.0,0.0,0.0,1.0,1.0,0.0,0.353543,0.474709,0.523776,0.970456,3,lonely,random,,,
0.690203,0.176499,0.473421,0.894997,1.0,0.0,0.0,1.0,1.0,0.0,0.742217,0.80414,0.654235,0.728917,0,quiet,random,,,
0.58197,0.379766,0.934355,0.000775,0.0,0.0,0.0,1.0,1.0,0.0,0.534835,0.638272,0.665956,0.454934,3,lonely,random,,,
0.674021,0.779066,0.855341,0.694121,1.0,0.0,1.0,1.0,1.0,1.0,0.721558,0.642943,0.621337,0.996662,0,quiet,random,,,
0.468909,0.841832,0.676199,0.713597,0,0,1,1,1,1,0.197537,0.905547,0.20359,0.210471,2,strange,controlled_contrast,stormy_weather,stormy_weather_060,weird_high
0.386874,0.104001,0.738078,0.015381,1.0,0.0,0.0,1.0,1.0,0.0,0.364829,0.315031,0.445688,0.133028,0,quiet,random,,,
0.385525,0.161127,0.408375,0.006616,1.0,0.0,0.0,1.0,1.0,0.0,0.718387,0.659305,0.09442,0.729773,0,quiet,random,,,
0.127631,0.750814,0.069371,0.011549,0.0,0.0,1.0,0.0,0.0,0.0,0.11682,0.381531,0.602445,0.728577,3,lonely,random,,,
0.69965,0.406145,0.060971,0.623424,0.0,0.0,0.0,0.0,0.0,0.0,0.157481,0.632355,0.436836,0.351047,3,lonely,random,,,
0.421308,0.78391,0.415725,0.135069,0,0,1,1,1,0,0.216826,0.89332,0.209364,0.176083,0,quiet,controlled_contrast,rainy_room,rainy_room_029,weird_high
0.90625,0.810584,0.110347,0.706968,0.0,1.0,1.0,0.0,1.0,0.0,0.240298,0.525631,0.728125,0.129111,1,warm,random,,,
0.103867,0.550569,0.369743,0.858189,1.0,0.0,0.0,1.0,1.0,0.0,0.075836,0.735876,0.141125,0.085597,2,strange,random,,,
0.312516,0.087658,0.519186,0.924997,1.0,0.0,0.0,1.0,1.0,0.0,0.472158,0.997219,0.301372,0.721361,2,strange,random,,,
0.299877,0.573213,0.000955,0.138324,1.0,0.0,0.0,0.0,0.0,0.0,0.933068,0.368711,0.377876,0.418978,0,quiet,random,,,
0.528241,0.32689,0.021367,0.988023,1.0,0.0,0.0,0.0,0.0,0.0,0.557958,0.790806,0.697804,0.640817,1,warm,random,,,
0.647506,0.641971,0.91048,0.958134,0.0,0.0,0.0,1.0,1.0,1.0,0.443314,0.708693,0.555535,0.528642,2,strange,random,,,
0.541886,0.663477,0.01117,0.942784,1.0,0.0,0.0,0.0,0.0,0.0,0.457533,0.244036,0.407517,0.178103,1,warm,random,,,
0.937656,0.092472,0.001225,0.259704,0.0,1.0,0.0,0.0,0.0,0.0,0.825215,0.573148,0.174439,0.430564,0,quiet,random,,,
0.418535,0.392395,0.019658,0.670084,0.0,0.0,0.0,0.0,0.0,0.0,0.368967,0.302464,0.666547,0.133601,1,warm,random,,,
0.501839,0.796298,0.062457,0.103455,0,0,1,0,1,0,0.18661,0.202412,0.211724,0.899744,3,lonely,controlled_contrast,humid_night,humid_night_016,lonely_high
0.009127,0.898267,0.754128,0.038895,1.0,0.0,1.0,1.0,1.0,0.0,0.72677,0.269282,0.093716,0.612697,0,quiet,random,,,
0.485183,0.812857,0.714474,0.73985,0,0,1,1,1,1,0.874146,0.207874,0.216944,0.191518,0,quiet,controlled_contrast,stormy_weather,stormy_weather_032,calm_high
0.527532,0.15641,0.612177,0.989866,0.0,0.0,0.0,1.0,1.0,0.0,0.232892,0.28574,0.159476,0.994048,3,lonely,random,,,
0.50567,0.285791,0.008048,0.222945,1,0,0,0,0,0,0.195294,0.196982,0.888158,0.199244,1,warm,controlled_contrast,neutral_weather,neutral_weather_045,warm_high
0.602238,0.093738,0.48691,0.18522,1.0,0.0,0.0,1.0,1.0,0.0,0.337423,0.511112,0.274841,0.309797,0,quiet,random,,,
0.491088,0.841098,0.487245,0.90917,0.0,0.0,1.0,1.0,1.0,0.0,0.137583,0.237282,0.165917,0.598391,3,lonely,random,,,
0.276601,0.872242,0.632427,0.088496,0.0,0.0,1.0,1.0,1.0,0.0,0.629935,0.344439,0.350177,0.493839,0,quiet,random,,,
0.967185,0.966282,0.314017,0.405366,1.0,1.0,1.0,1.0,1.0,0.0,0.227365,0.259723,0.421548,0.168083,1,warm,random,,,
0.255415,0.44038,0.102944,0.142491,1.0,0.0,0.0,0.0,1.0,0.0,0.10614,0.56829,0.153652,0.650967,3,lonely,random,,,
0.472287,0.826806,0.09986,0.108281,0,0,1,0,1,0,0.223756,0.187408,0.201585,0.893013,3,lonely,controlled_contrast,humid_night,humid_night_030,lonely_high
0.071439,0.948778,0.369866,0.100375,0.0,0.0,1.0,1.0,1.0,0.0,0.385633,0.160449,0.517007,0.902577,3,lonely,random,,,
0.402272,0.804365,0.710527,0.745143,0,0,1,1,1,1,0.203172,0.201913,0.174745,0.910437,3,lonely,controlled_contrast,stormy_weather,stormy_weather_016,lonely_high
0.190521,0.428304,0.122338,0.009771,1.0,0.0,0.0,0.0,1.0,0.0,0.9067,0.115228,0.095885,0.142476,0,quiet,random,,,
0.082088,0.052492,0.805352,0.662529,1.0,0.0,0.0,1.0,1.0,1.0,0.71394,0.451707,0.419876,0.834051,2,strange,random,,,
0.928639,0.10862,0.212556,0.137745,1.0,1.0,0.0,1.0,1.0,0.0,0.307761,0.654795,0.432567,0.17659,1,warm,random,,,
0.058731,0.575642,0.065798,0.402613,0.0,0.0,0.0,0.0,0.0,0.0,0.397854,0.784855,0.156033,0.066162,2,strange,random,,,
0.86739,0.253768,0.119724,0.001195,0.0,1.0,0.0,0.0,1.0,0.0,0.224111,0.164828,0.454216,0.286694,3,lonely,random,,,
0.647895,0.451475,0.000586,0.312947,0.0,0.0,0.0,0.0,0.0,0.0,0.136521,0.408648,0.141729,0.577629,3,lonely,random,,,
0.738712,0.15512,0.811517,0.751701,1.0,0.0,0.0,1.0,1.0,1.0,0.305825,0.394531,0.350846,0.315266,2,strange,random,,,
0.441558,0.805518,0.713125,0.675702,0,0,1,1,1,1,0.183871,0.197771,0.214949,0.875466,3,lonely,controlled_contrast,stormy_weather,stormy_weather_046,lonely_high
0.416302,0.662413,0.042037,0.142049,0.0,0.0,0.0,0.0,0.0,0.0,0.106638,0.733937,0.353469,0.729349,3,lonely,random,,,
0.482733,0.268402,0.061335,0.176731,1,0,0,0,0,0,0.199287,0.1889,0.905048,0.185921,1,warm,controlled_contrast,neutral_weather,neutral_weather_046,warm_high
0.175284,0.481695,0.052998,0.017034,1.0,0.0,0.0,0.0,0.0,0.0,0.416283,0.516021,0.941672,0.30102,1,warm,random,,,
0.764592,0.288704,0.593917,0.325208,1.0,1.0,0.0,1.0,1.0,0.0,0.394884,0.464902,0.108186,0.160881,0,quiet,random,,,
0.700457,0.307568,0.681586,0.051683,1.0,0.0,0.0,1.0,1.0,0.0,0.110278,0.318399,0.423335,0.99718,3,lonely,random,,,
0.585077,0.596879,0.812376,0.625798,1.0,0.0,0.0,1.0,1.0,1.0,0.980212,0.204366,0.437967,0.335,0,quiet,random,,,
0.569698,0.813185,0.295346,0.298419,0.0,0.0,1.0,1.0,1.0,0.0,0.267311,0.544242,0.569559,0.501244,3,lonely,random,,,
0.415635,0.793366,0.435218,0.178557,0,0,1,1,1,0,0.197082,0.204816,0.910242,0.202715,3,lonely,controlled_contrast,rainy_room,rainy_room_048,warm_high
0.501839,0.796298,0.062457,0.103455,0,0,1,0,1,0,0.907302,0.164144,0.195281,0.211961,0,quiet,controlled_contrast,humid_night,humid_night_016,calm_high
0.9297,0.646788,0.051051,0.40881,0.0,1.0,0.0,0.0,0.0,0.0,0.829924,0.299287,0.062348,0.119354,0,quiet,random,,,
0.116677,0.315271,0.594004,0.252835,1.0,0.0,0.0,1.0,1.0,0.0,0.636884,0.355271,0.645083,0.833832,0,quiet,random,,,
0.47091,0.075326,0.259283,0.951888,0.0,0.0,0.0,1.0,1.0,0.0,0.720888,0.328295,0.693808,0.294405,0,quiet,random,,,
0.730684,0.601609,0.218173,0.757873,1.0,0.0,0.0,1.0,1.0,0.0,0.995588,0.598661,0.341351,0.449003,0,quiet,random,,,
0.232673,0.915075,0.975665,0.661199,0.0,0.0,1.0,1.0,1.0,1.0,0.106704,0.291558,0.325959,0.660584,3,lonely,random,,,
0.374649,0.793636,0.417525,0.131082,0,0,1,1,1,0,0.206295,0.200653,0.909301,0.21347,3,lonely,controlled_contrast,rainy_room,rainy_room_062,warm_high
0.668909,0.167044,0.92547,0.119879,0.0,0.0,0.0,1.0,1.0,0.0,0.920835,0.561782,0.70715,0.166568,0,quiet,random,,,
0.667986,0.220213,0.0,0.121476,1,0,0,0,0,0,0.199299,0.180492,0.919659,0.204415,1,warm,controlled_contrast,clear_day,clear_day_010,warm_high
0.531896,0.325475,0.009794,0.294044,1.0,0.0,0.0,0.0,0.0,0.0,0.928238,0.681362,0.460513,0.634583,1,warm,random,,,
0.465653,0.219097,0.091206,0.255484,1,0,0,0,0,0,0.90359,0.218206,0.21864,0.209322,0,quiet,controlled_contrast,neutral_weather,neutral_weather_003,calm_high
0.064479,0.143365,0.861608,0.143515,0.0,0.0,0.0,1.0,1.0,0.0,0.326067,0.518287,0.737503,0.072496,0,quiet,random,,,
0.399494,0.761678,0.458769,0.146855,0,0,1,1,1,0,0.21602,0.906785,0.211914,0.182248,0,quiet,controlled_contrast,rainy_room,rainy_room_063,weird_high
0.414153,0.793601,0.70453,0.760352,0,0,1,1,1,1,0.201155,0.899303,0.210265,0.204281,2,strange,controlled_contrast,stormy_weather,stormy_weather_000,weird_high
0.40297,0.09495,0.839785,0.843257,0.0,0.0,0.0,1.0,1.0,1.0,0.747363,0.506381,0.832017,0.494746,2,strange,random,,,
0.723424,0.139285,0.188267,0.937703,1.0,0.0,0.0,0.0,1.0,0.0,0.176952,0.873586,0.312588,0.598154,2,strange,random,,,
0.206565,0.093573,0.000927,0.747088,0.0,0.0,0.0,0.0,0.0,0.0,0.631916,0.9901,0.278822,0.412682,2,strange,random,,,
0.444717,0.791247,0.768951,0.733029,0,0,1,1,1,1,0.202865,0.203835,0.903353,0.214068,3,lonely,controlled_contrast,stormy_weather,stormy_weather_044,warm_high
0.466415,0.814237,0.730031,0.700797,0,0,1,1,1,1,0.200756,0.924693,0.180962,0.204388,2,strange,controlled_contrast,stormy_weather,stormy_weather_021,weird_high
0.116424,0.053926,0.743017,0.794738,1.0,0.0,0.0,1.0,1.0,1.0,0.609512,0.452232,0.631147,0.064775,2,strange,random,,,
0.92849,0.864661,0.807975,0.665495,0.0,1.0,1.0,1.0,1.0,1.0,0.641132,0.984565,0.608745,0.421687,2,strange,random,,,
0.78038,0.872323,0.448814,0.073146,1.0,1.0,1.0,1.0,1.0,0.0,0.166347,0.656282,0.364219,0.963562,3,lonely,random,,,
0.689511,0.909626,0.92671,0.502329,1.0,0.0,1.0,1.0,1.0,1.0,0.480479,0.672197,0.89377,0.74116,2,strange,random,,,
0.425521,0.529628,0.624569,0.071687,1.0,0.0,0.0,1.0,1.0,0.0,0.45037,0.632394,0.734615,0.612952,1,warm,random,,,
0.401445,0.774964,0.392929,0.176604,0,0,1,1,1,0,0.182493,0.213914,0.184659,0.893884,3,lonely,controlled_contrast,rainy_room,rainy_room_005,lonely_high
0.810401,0.871971,0.282504,0.765874,1.0,1.0,1.0,1.0,1.0,0.0,0.606999,0.509773,0.471288,0.246306,0,quiet,random,,,
0.460391,0.599581,0.001734,0.098823,1.0,0.0,0.0,0.0,0.0,0.0,0.366387,0.103156,0.291187,0.675887,1,warm,random,,,
0.310352,0.085269,0.362271,0.425985,1.0,0.0,0.0,1.0,1.0,0.0,0.496705,0.158161,0.732938,0.134344,1,warm,random,,,
0.58571,0.444131,0.714722,0.880301,0.0,0.0,0.0,1.0,1.0,1.0,0.196161,0.589575,0.235374,0.476806,2,strange,random,,,
0.111235,0.026085,0.010412,0.145763,1.0,0.0,0.0,0.0,0.0,0.0,0.356072,0.828355,0.112724,0.072192,2,strange,random,,,
0.891033,0.218982,0.851017,0.502143,0.0,1.0,0.0,1.0,1.0,1.0,0.273905,0.265735,0.523403,0.237843,2,strange,random,,,
0.179434,0.712101,0.996376,0.631431,1.0,0.0,0.0,1.0,1.0,1.0,0.554794,0.730054,0.7998,0.530688,2,strange,random,,,
0.487814,0.808132,0.047376,0.146347,0,0,1,0,1,0,0.885122,0.180235,0.191699,0.194304,0,quiet,controlled_contrast,humid_night,humid_night_021,calm_high
0.824714,0.047832,0.754902,0.917937,1.0,1.0,0.0,1.0,1.0,1.0,0.086222,0.106836,0.201123,0.678553,2,strange,random,,,
0.380806,0.467771,0.460444,0.261063,0.0,0.0,0.0,1.0,1.0,0.0,0.53641,0.47009,0.533,0.068191,0,quiet,random,,,
0.43453,0.782165,0.448649,0.21387,0,0,1,1,1,0,0.202014,0.226552,0.90189,0.22863,3,lonely,controlled_contrast,rainy_room,rainy_room_068,warm_high
0.827238,0.861464,0.108813,0.091459,1.0,1.0,1.0,0.0,1.0,0.0,0.963946,0.152117,0.114861,0.504768,0,quiet,random,,,
0.894392,0.231891,0.092007,0.065531,0.0,1.0,0.0,0.0,1.0,0.0,0.916512,0.683667,0.383115,0.477585,3,lonely,random,,,
0.391907,0.308976,0.708376,0.749104,0.0,0.0,0.0,1.0,1.0,1.0,0.205202,0.238358,0.707899,0.155681,2,strange,random,,,
0.549976,0.782229,0.16098,0.001038,1.0,0.0,1.0,0.0,1.0,0.0,0.890156,0.58924,0.516808,0.486143,0,quiet,random,,,
0.648625,0.500047,0.896472,0.585476,1.0,0.0,0.0,1.0,1.0,1.0,0.939413,0.721578,0.235948,0.166685,2,strange,random,,,
0.603763,0.331435,0.777017,0.913706,0.0,0.0,0.0,1.0,1.0,1.0,0.55415,0.623144,0.083151,0.730198,3,lonely,random,,,
0.491084,0.801383,0.72363,0.675825,0,0,1,1,1,1,0.197566,0.912771,0.206256,0.19032,2,strange,controlled_contrast,stormy_weather,stormy_weather_006,weird_high
0.718409,0.142977,0.830365,0.941628,0.0,0.0,0.0,1.0,1.0,1.0,0.056805,0.722137,0.536599,0.301987,2,strange,random,,,
0.418798,0.762493,0.430966,0.18583,0,0,1,1,1,0,0.209145,0.213871,0.902126,0.189414,3,lonely,controlled_contrast,rainy_room,rainy_room_018,warm_high
0.769883,0.340848,0.678982,0.867247,1.0,1.0,0.0,1.0,1.0,1.0,0.949614,0.628812,0.609559,0.404067,2,strange,random,,,
0.270817,0.593817,0.017957,0.238345,0.0,0.0,0.0,0.0,0.0,0.0,0.612617,0.744174,0.063383,0.585094,3,lonely,random,,,
0.586469,0.942768,0.859553,0.20746,0.0,0.0,1.0,1.0,1.0,0.0,0.697768,0.128951,0.114498,0.989396,3,lonely,random,,,
0.926915,0.029917,0.545642,0.31983,1.0,1.0,0.0,1.0,1.0,0.0,0.267689,0.163558,0.284026,0.564734,1,warm,random,,,
0.505721,0.237277,0.046402,0.171662,1,0,0,0,0,0,0.907314,0.197377,0.210127,0.206796,0,quiet,controlled_contrast,neutral_weather,neutral_weather_039,calm_high
0.36808,0.028293,0.428826,0.302886,0.0,0.0,0.0,1.0,1.0,0.0,0.589763,0.072683,0.855231,0.21041,0,quiet,random,,,
0.388248,0.547664,0.885641,0.599371,1.0,0.0,0.0,1.0,1.0,1.0,0.233755,0.676141,0.06522,0.825948,2,strange,random,,,
0.342586,0.186104,0.189238,0.925369,0.0,0.0,0.0,0.0,1.0,0.0,0.096531,0.797973,0.367661,0.679714,3,lonely,random,,,
0.425099,0.810997,0.479511,0.169871,0,0,1,1,1,0,0.204938,0.916654,0.213026,0.19192,3,lonely,controlled_contrast,rainy_room,rainy_room_072,weird_high
0.206284,0.049825,0.769519,0.892876,1.0,0.0,0.0,1.0,1.0,1.0,0.71681,0.309522,0.597159,0.855905,2,strange,random,,,
0.237507,0.632055,0.672791,0.500628,1.0,0.0,0.0,1.0,1.0,1.0,0.689072,0.424929,0.317607,0.102929,2,strange,random,,,
0.453957,0.785201,0.439411,0.183513,0,0,1,1,1,0,0.191101,0.196094,0.20338,0.894633,3,lonely,controlled_contrast,rainy_room,rainy_room_030,lonely_high
0.451315,0.838502,0.019226,0.850343,0.0,0.0,1.0,0.0,1.0,0.0,0.919171,0.299082,0.547335,0.28194,3,lonely,random,,,
0.310418,0.30883,0.322442,0.033874,0.0,0.0,0.0,1.0,1.0,0.0,0.410818,0.229262,0.699605,0.168827,0,quiet,random,,,
0.711248,0.851523,0.206412,0.243077,0.0,0.0,1.0,1.0,1.0,0.0,0.487572,0.441551,0.480972,0.178041,0,quiet,random,,,
0.612927,0.718174,0.190297,0.873177,1.0,0.0,0.0,0.0,1.0,0.0,0.10093,0.688404,0.697433,0.262825,1,warm,random,,,
0.845895,0.61524,0.383398,0.853052,1.0,1.0,0.0,1.0,1.0,0.0,0.599913,0.495752,0.159601,0.282663,0,quiet,random,,,
0.886038,0.235453,0.672774,0.31027,1.0,1.0,0.0,1.0,1.0,0.0,0.51067,0.276877,0.600367,0.120349,1,warm,random,,,
0.490378,0.281281,0.054686,0.213294,1,0,0,0,0,0,0.168167,0.886248,0.208326,0.2021,2,strange,controlled_contrast,neutral_weather,neutral_weather_000,weird_high
0.668821,0.253156,0.0,0.183904,1,0,0,0,0,0,0.890904,0.182841,0.2038,0.203145,0,quiet,controlled_contrast,clear_day,clear_day_025,calm_high
0.43009,0.774178,0.731022,0.735446,0,0,1,1,1,1,0.189039,0.888158,0.214137,0.18825,2,strange,controlled_contrast,stormy_weather,stormy_weather_014,weird_high
0.48854,0.826458,0.361065,0.062504,1.0,0.0,1.0,1.0,1.0,0.0,0.451511,0.346304,0.490157,0.393884,0,quiet,random,,,
0.134702,0.218674,0.652309,0.601637,0.0,0.0,0.0,1.0,1.0,1.0,0.12664,0.737528,0.282452,0.687548,2,strange,random,,,
0.659191,0.433368,0.00648,0.110044,1.0,0.0,0.0,0.0,0.0,0.0,0.445354,0.134397,0.175705,0.149686,1,warm,random,,,
0.397968,0.953845,0.883006,0.048141,1.0,0.0,1.0,1.0,1.0,0.0,0.677326,0.721925,0.7252,0.56492,0,quiet,random,,,
0.103253,0.09354,0.011799,0.735393,1.0,0.0,0.0,0.0,0.0,0.0,0.267645,0.668477,0.388067,0.740375,1,warm,random,,,
0.97363,0.211184,0.710823,0.916991,0.0,1.0,0.0,1.0,1.0,1.0,0.480434,0.585187,0.842536,0.406342,2,strange,random,,,
0.535438,0.118053,0.870432,0.933797,1.0,0.0,0.0,1.0,1.0,1.0,0.054608,0.22661,0.511025,0.063498,2,strange,random,,,
0.488855,0.816449,0.083128,0.095871,0,0,1,0,1,0,0.208633,0.206858,0.890963,0.195088,3,lonely,controlled_contrast,humid_night,humid_night_024,warm_high
0.225145,0.839333,0.520545,0.000218,1.0,0.0,1.0,1.0,1.0,0.0,0.9276,0.138851,0.391405,0.578477,0,quiet,random,,,
0.164172,0.250463,0.262131,0.949308,0.0,0.0,0.0,1.0,1.0,0.0,0.95736,0.305682,0.615621,0.631382,3,lonely,random,,,
0.457616,0.589853,0.545184,0.976256,1.0,0.0,0.0,1.0,1.0,0.0,0.172616,0.693633,0.607785,0.293325,1,warm,random,,,
0.399166,0.004802,0.026921,0.162514,1.0,0.0,0.0,0.0,0.0,0.0,0.714428,0.194892,0.20851,0.973835,3,lonely,random,,,
0.293802,0.668586,0.189242,0.016539,1.0,0.0,0.0,0.0,1.0,0.0,0.447314,0.47641,0.387934,0.677129,3,lonely,random,,,
0.019856,0.308857,0.137693,0.319381,0.0,0.0,0.0,0.0,1.0,0.0,0.58485,0.500639,0.123469,0.230025,3,lonely,random,,,
0.868954,0.416631,7e-06,0.354531,0.0,1.0,0.0,0.0,0.0,0.0,0.186412,0.912725,0.610537,0.488935,1,warm,random,,,
0.02364,0.224951,0.507618,0.255237,0.0,0.0,0.0,1.0,1.0,0.0,0.07121,0.574535,0.1484,0.216323,3,lonely,random,,,
0.488854,0.91159,0.188442,0.044687,1.0,0.0,1.0,0.0,1.0,0.0,0.509409,0.154928,0.625857,0.628078,1,warm,random,,,
0.615645,0.076589,0.054273,0.689326,1.0,0.0,0.0,0.0,0.0,0.0,0.455151,0.209309,0.385801,0.658269,1,warm,random,,,
0.907758,0.399855,0.408487,0.889062,1.0,1.0,0.0,1.0,1.0,0.0,0.884636,0.057695,0.40786,0.460889,0,quiet,random,,,
0.316594,0.962086,0.771716,0.342554,1.0,0.0,1.0,1.0,1.0,0.0,0.965779,0.235869,0.207919,0.188748,0,quiet,random,,,
0.357762,0.306346,0.481291,0.099109,1.0,0.0,0.0,1.0,1.0,0.0,0.074181,0.124518,0.329698,0.747059,3,lonely,random,,,
0.571524,0.739866,0.192657,0.207591,1.0,0.0,0.0,0.0,1.0,0.0,0.74666,0.4671,0.543364,0.906107,3,lonely,random,,,
0.457912,0.247805,0.027255,0.199346,1,0,0,0,0,0,0.194346,0.912097,0.207397,0.195048,2,strange,controlled_contrast,neutral_weather,neutral_weather_040,weird_high
0.16522,0.651511,0.28214,0.381591,1.0,0.0,0.0,1.0,1.0,0.0,0.692136,0.518096,0.111983,0.949413,3,lonely,random,,,
0.629232,0.429648,0.00442,0.691665,1.0,0.0,0.0,0.0,0.0,0.0,0.513233,0.662536,0.243143,0.057893,1,warm,random,,,
0.13648,0.44308,0.284551,0.32204,1.0,0.0,0.0,1.0,1.0,0.0,0.768715,0.697516,0.339779,0.216171,0,quiet,random,,,
0.825247,0.197422,0.583378,0.030343,0.0,1.0,0.0,1.0,1.0,0.0,0.084217,0.090607,0.179858,0.545463,3,lonely,random,,,
0.476364,0.83737,0.713143,0.753739,0,0,1,1,1,1,0.206635,0.176558,0.194696,0.91083,3,lonely,controlled_contrast,stormy_weather,stormy_weather_010,lonely_high
0.47768,0.727321,0.706437,0.690619,0.0,0.0,0.0,1.0,1.0,1.0,0.311028,0.459112,0.770961,0.270337,2,strange,random,,,
0.781466,0.896497,0.032261,0.029403,0.0,1.0,1.0,0.0,0.0,0.0,0.226316,0.542137,0.330192,0.759854,3,lonely,random,,,
0.746067,0.088303,0.763215,0.675641,1.0,0.0,0.0,1.0,1.0,1.0,0.492506,0.480219,0.191079,0.400776,2,strange,random,,,
0.948723,0.818577,0.737442,0.678767,1.0,1.0,1.0,1.0,1.0,1.0,0.565116,0.86362,0.338447,0.229094,2,strange,random,,,
0.609685,0.647603,0.93331,0.902762,1.0,0.0,0.0,1.0,1.0,1.0,0.988404,0.662799,0.34554,0.438967,2,strange,random,,,
0.43453,0.782165,0.448649,0.21387,0,0,1,1,1,0,0.191571,0.191745,0.208754,0.900485,3,lonely,controlled_contrast,rainy_room,rainy_room_068,lonely_high
0.628551,0.535352,0.064693,0.058226,1.0,0.0,0.0,0.0,0.0,0.0,0.834544,0.613908,0.229516,0.263992,0,quiet,random,,,
0.394018,0.207332,0.458057,0.719487,1.0,0.0,0.0,1.0,1.0,0.0,0.329832,0.410309,0.444102,0.885069,3,lonely,random,,,
0.707933,0.218516,0.0,0.174989,1,0,0,0,0,0,0.198945,0.927836,0.207032,0.201707,1,warm,controlled_contrast,clear_day,clear_day_041,weird_high
0.544069,0.275143,0.985035,0.644345,0.0,0.0,0.0,1.0,1.0,1.0,0.329986,0.972215,0.291107,0.166051,2,strange,random,,,
0.414153,0.793601,0.70453,0.760352,0,0,1,1,1,1,0.215774,0.214674,0.190495,0.900182,3,lonely,controlled_contrast,stormy_weather,stormy_weather_000,lonely_high
0.49233,0.809072,0.732544,0.676548,0,0,1,1,1,1,0.198791,0.216187,0.889613,0.194934,3,lonely,controlled_contrast,stormy_weather,stormy_weather_049,warm_high
0.750605,0.281709,0.023688,0.141065,1,0,0,0,0,0,0.188962,0.209239,0.909041,0.189179,1,warm,controlled_contrast,clear_day,clear_day_029,warm_high
0.442222,0.152868,0.578725,0.866371,1.0,0.0,0.0,1.0,1.0,0.0,0.708245,0.238003,0.675785,0.702493,0,quiet,random,,,
0.806244,0.667615,0.609221,0.414157,1.0,1.0,0.0,1.0,1.0,0.0,0.664303,0.554097,0.736002,0.433264,1,warm,random,,,
0.914291,0.268562,0.01758,0.548987,1.0,1.0,0.0,0.0,0.0,0.0,0.186545,0.147909,0.466905,0.701995,1,warm,random,,,
0.848927,0.726263,0.383946,0.589377,1.0,1.0,0.0,1.0,1.0,0.0,0.281327,0.643021,0.340655,0.802019,3,lonely,random,,,
0.63449,0.627113,0.494708,0.521675,0.0,0.0,0.0,1.0,1.0,0.0,0.40785,0.128694,0.855904,0.370956,3,lonely,random,,,
0.728503,0.421044,0.299869,0.108986,0.0,0.0,0.0,1.0,1.0,0.0,0.5254,0.429258,0.097506,0.300072,3,lonely,random,,,
0.698649,0.261611,0.0,0.113565,1,0,0,0,0,0,0.891753,0.201856,0.193654,0.213372,0,quiet,controlled_contrast,clear_day,clear_day_073,calm_high
0.719598,0.948294,0.24463,0.167508,1.0,0.0,1.0,1.0,1.0,0.0,0.391619,0.080148,0.394302,0.461484,0,quiet,random,,,
0.364325,0.671988,0.761893,0.153318,1.0,0.0,0.0,1.0,1.0,0.0,0.604675,0.119038,0.201262,0.210945,0,quiet,random,,,
0.291372,0.759236,0.735592,0.450138,1.0,0.0,1.0,1.0,1.0,1.0,0.301363,0.890325,0.066401,0.214395,2,strange,random,,,
0.015266,0.527421,0.248755,0.077705,0.0,0.0,0.0,1.0,1.0,0.0,0.736983,0.088348,0.394492,0.659296,3,lonely,random,,,
0.484624,0.825698,0.090672,0.139599,0,0,1,0,1,0,0.892528,0.190529,0.203963,0.20262,0,quiet,controlled_contrast,humid_night,humid_night_037,calm_high
0.435052,0.809392,0.718903,0.712853,0,0,1,1,1,1,0.224822,0.181512,0.193704,0.903376,3,lonely,controlled_contrast,stormy_weather,stormy_weather_058,lonely_high
0.844937,0.854885,0.65136,0.793708,1.0,1.0,1.0,1.0,1.0,1.0,0.429068,0.554339,0.251643,0.098914,2,strange,random,,,
0.065393,0.370477,0.647693,0.033726,0.0,0.0,0.0,1.0,1.0,0.0,0.314222,0.610306,0.468931,0.62807,3,lonely,random,,,
0.082025,0.224462,0.505872,0.80438,1.0,0.0,0.0,1.0,1.0,0.0,0.640555,0.636839,0.292339,0.590204,0,quiet,random,,,
0.939794,0.187297,0.471805,0.211909,1.0,1.0,0.0,1.0,1.0,0.0,0.187258,0.714357,0.67085,0.628876,1,warm,random,,,
0.662334,0.379569,0.351781,0.471333,1.0,0.0,0.0,1.0,1.0,0.0,0.244329,0.285105,0.14997,0.729979,3,lonely,random,,,
0.731795,0.314862,0.025317,0.056353,1.0,0.0,0.0,0.0,0.0,0.0,0.912009,0.118015,0.529478,0.526458,1,warm,random,,,
0.083889,0.023845,0.622095,0.28043,1.0,0.0,0.0,1.0,1.0,0.0,0.173203,0.674652,0.140072,0.894683,3,lonely,random,,,
0.51286,0.364685,0.678455,0.092626,1.0,0.0,0.0,1.0,1.0,0.0,0.533303,0.183739,0.136965,0.191619,0,quiet,random,,,
0.533084,0.767677,0.171197,0.819473,0.0,0.0,1.0,0.0,1.0,0.0,0.383081,0.152742,0.743525,0.072877,3,lonely,random,,,
0.486479,0.876352,0.592711,0.114639,0.0,0.0,1.0,1.0,1.0,0.0,0.167047,0.422455,0.57293,0.746678,3,lonely,random,,,
0.743533,0.234817,0.016855,0.135074,1,0,0,0,0,0,0.201294,0.209232,0.178461,0.897575,3,lonely,controlled_contrast,clear_day,clear_day_038,lonely_high
0.433499,0.154896,0.000792,0.065747,0.0,0.0,0.0,0.0,0.0,0.0,0.057957,0.969112,0.660336,0.408243,2,strange,random,,,
0.078504,0.345249,0.039113,0.000354,1.0,0.0,0.0,0.0,0.0,0.0,0.41021,0.377879,0.778423,0.483885,1,warm,random,,,
0.92601,0.163046,0.891223,0.569445,1.0,1.0,0.0,1.0,1.0,1.0,0.442566,0.673149,0.600333,0.408428,2,strange,random,,,
0.436877,0.479334,0.667114,0.682333,1.0,0.0,0.0,1.0,1.0,1.0,0.4127,0.299371,0.139467,0.684854,2,strange,random,,,
0.684846,0.770686,0.850448,0.512684,1.0,0.0,1.0,1.0,1.0,1.0,0.533118,0.098506,0.747986,0.464293,0,quiet,random,,,
0.541596,0.237533,0.060282,0.166494,1,0,0,0,0,0,0.203518,0.921768,0.195545,0.210119,2,strange,controlled_contrast,neutral_weather,neutral_weather_005,weird_high
0.082619,0.408658,0.890032,0.696932,1.0,0.0,0.0,1.0,1.0,1.0,0.74072,0.621205,0.414653,0.935285,2,strange,random,,,
0.249327,0.582901,0.00013,0.928172,1.0,0.0,0.0,0.0,0.0,0.0,0.321341,0.579927,0.766359,0.585455,1,warm,random,,,
0.936654,0.682897,0.873097,0.8686,1.0,1.0,0.0,1.0,1.0,1.0,0.554188,0.479184,0.174769,0.43004,2,strange,random,,,
0.323868,0.230815,0.118819,0.028183,1.0,0.0,0.0,0.0,1.0,0.0,0.496178,0.514521,0.116447,0.33687,1,warm,random,,,
0.447216,0.784336,0.435583,0.205309,0,0,1,1,1,0,0.206859,0.911211,0.220773,0.190883,3,lonely,controlled_contrast,rainy_room,rainy_room_007,weird_high
0.971399,0.519766,0.385458,0.603309,0.0,1.0,0.0,1.0,1.0,0.0,0.627564,0.773178,0.614003,0.410016,3,lonely,random,,,
0.896718,0.639571,0.235984,0.647784,1.0,1.0,0.0,1.0,1.0,0.0,0.14321,0.14357,0.310103,0.80259,3,lonely,random,,,
0.916555,0.309784,0.031705,0.852393,1.0,1.0,0.0,0.0,0.0,0.0,0.116556,0.469263,0.108421,0.932578,1,warm,random,,,
0.404418,0.803337,0.742406,0.670048,0,0,1,1,1,1,0.19615,0.8936,0.205118,0.204748,2,strange,controlled_contrast,stormy_weather,stormy_weather_066,weird_high
0.192818,0.321403,0.038464,0.707972,1.0,0.0,0.0,0.0,0.0,0.0,0.467829,0.719152,0.584637,0.168813,1,warm,random,,,
0.092823,0.202682,0.008562,0.672487,0.0,0.0,0.0,0.0,0.0,0.0,0.236898,0.844787,0.332628,0.232168,2,strange,random,,,
0.96639,0.876741,0.426245,0.184333,1.0,1.0,1.0,1.0,1.0,0.0,0.267799,0.455548,0.711401,0.145774,1,warm,random,,,
0.534515,0.429582,0.072947,0.025702,1.0,0.0,0.0,0.0,0.0,0.0,0.742703,0.951005,0.154381,0.523448,2,strange,random,,,
0.721466,0.791452,0.633964,0.023305,0.0,0.0,1.0,1.0,1.0,0.0,0.936327,0.115613,0.723419,0.591272,0,quiet,random,,,
0.265452,0.336232,0.369086,0.502016,0.0,0.0,0.0,1.0,1.0,0.0,0.524202,0.119397,0.204676,0.137677,0,quiet,random,,,
0.685538,0.281908,0.0,0.154791,1,0,0,0,0,0,0.193455,0.21078,0.186576,0.905246,3,lonely,controlled_contrast,clear_day,clear_day_023,lonely_high
0.517733,0.229921,0.05537,0.193543,1,0,0,0,0,0,0.918653,0.196654,0.233565,0.210326,0,quiet,controlled_contrast,neutral_weather,neutral_weather_072,calm_high
0.467253,0.109699,0.205829,0.037328,0.0,0.0,0.0,1.0,1.0,0.0,0.205696,0.857931,0.400497,0.517491,3,lonely,random,,,
0.424002,0.911354,0.007063,0.271196,0.0,0.0,1.0,0.0,1.0,0.0,0.254738,0.11364,0.181649,0.0506,3,lonely,random,,,
0.414153,0.793601,0.70453,0.760352,0,0,1,1,1,1,0.909821,0.201625,0.20156,0.194892,0,quiet,controlled_contrast,stormy_weather,stormy_weather_000,calm_high
0.315106,0.1468,0.012588,0.772434,1.0,0.0,0.0,0.0,0.0,0.0,0.515169,0.141222,0.480279,0.297305,1,warm,random,,,
0.514497,0.228894,0.0,0.256122,1,0,0,0,0,0,0.910639,0.190998,0.188748,0.196633,0,quiet,controlled_contrast,neutral_weather,neutral_weather_032,calm_high
0.654735,0.485038,0.913978,0.061454,0.0,0.0,0.0,1.0,1.0,0.0,0.838178,0.74042,0.301556,0.126701,0,quiet,random,,,
0.42564,0.791142,0.440276,0.150331,0,0,1,1,1,0,0.212411,0.894985,0.218081,0.214141,3,lonely,controlled_contrast,rainy_room,rainy_room_076,weird_high
0.240189,0.253768,0.000607,0.905378,0.0,0.0,0.0,0.0,0.0,0.0,0.846645,0.560035,0.24024,0.062862,0,quiet,random,,,
0.564766,0.851268,0.304471,0.875733,0.0,0.0,1.0,1.0,1.0,0.0,0.328023,0.447333,0.190846,0.615967,3,lonely,random,,,
0.343214,0.735818,0.474418,0.485517,1.0,0.0,0.0,1.0,1.0,0.0,0.819901,0.733313,0.105186,0.494799,0,quiet,random,,,
0.790076,0.659815,0.502819,0.550526,0.0,1.0,0.0,1.0,1.0,0.0,0.214026,0.318959,0.840883,0.257847,1,warm,random,,,
0.70937,0.306828,0.005583,0.343423,1.0,0.0,0.0,0.0,0.0,0.0,0.231714,0.947923,0.103868,0.578974,2,strange,random,,,
0.397037,0.284673,0.218724,0.186381,0.0,0.0,0.0,1.0,1.0,0.0,0.473166,0.77771,0.613354,0.182946,0,quiet,random,,,
0.469806,0.24539,0.063115,0.204637,1,0,0,0,0,0,0.212153,0.195616,0.883381,0.205261,1,warm,controlled_contrast,neutral_weather,neutral_weather_050,warm_high
0.931745,0.414018,0.320204,0.002852,1.0,1.0,0.0,1.0,1.0,0.0,0.097981,0.214328,0.490366,0.429921,1,warm,random,,,
0.622456,0.5416,0.574185,0.560476,0.0,0.0,0.0,1.0,1.0,0.0,0.276633,0.861702,0.069617,0.192175,3,lonely,random,,,
0.43196,0.834415,0.050241,0.103291,0,0,1,0,1,0,0.895418,0.19046,0.222606,0.18174,0,quiet,controlled_contrast,humid_night,humid_night_043,calm_high
0.807197,0.036165,0.884509,0.739128,1.0,1.0,0.0,1.0,1.0,1.0,0.084079,0.405715,0.179938,0.157189,2,strange,random,,,
0.063204,0.810751,0.243593,0.774048,0.0,0.0,1.0,1.0,1.0,0.0,0.965346,0.541289,0.204509,0.31741,0,quiet,random,,,
0.964551,0.66459,0.09799,0.633504,0.0,1.0,0.0,0.0,1.0,0.0,0.769793,0.325675,0.692586,0.538706,3,lonely,random,,,
0.226566,0.103892,0.496876,0.517441,1.0,0.0,0.0,1.0,1.0,0.0,0.080663,0.732188,0.161547,0.45083,2,strange,random,,,
0.307725,0.00399,0.949102,0.22179,0.0,0.0,0.0,1.0,1.0,0.0,0.733009,0.3222,0.0564,0.989462,3,lonely,random,,,
0.470113,0.785376,0.091195,0.141248,0,0,1,0,1,0,0.894636,0.201445,0.191557,0.213484,0,quiet,controlled_contrast,humid_night,humid_night_049,calm_high
0.489895,0.52553,0.00188,0.15312,0.0,0.0,0.0,0.0,0.0,0.0,0.737757,0.069992,0.58897,0.81197,3,lonely,random,,,
0.504761,0.291045,0.074355,0.188636,1,0,0,0,0,0,0.176426,0.892247,0.209528,0.197066,2,strange,controlled_contrast,neutral_weather,neutral_weather_047,weird_high
0.365744,0.9183,0.337394,0.411298,1.0,0.0,1.0,1.0,1.0,0.0,0.558289,0.072807,0.632192,0.357428,0,quiet,random,,,
0.16043,0.547834,0.037354,0.007193,0.0,0.0,0.0,0.0,0.0,0.0,0.515479,0.972651,0.249442,0.342657,3,lonely,random,,,
0.474064,0.222754,0.049796,0.203775,1,0,0,0,0,0,0.203416,0.19389,0.903612,0.202242,1,warm,controlled_contrast,neutral_weather,neutral_weather_021,warm_high
0.49634,0.866007,0.938236,0.01916,1.0,0.0,1.0,1.0,1.0,0.0,0.50375,0.334597,0.338107,0.075999,0,quiet,random,,,
0.469156,0.963103,0.401365,0.223866,1.0,0.0,1.0,1.0,1.0,0.0,0.652097,0.689572,0.488844,0.516793,0,quiet,random,,,
0.806841,0.893563,0.487765,0.751112,1.0,1.0,1.0,1.0,1.0,0.0,0.663388,0.622318,0.428486,0.068399,0,quiet,random,,,
0.143641,0.824907,0.431248,0.272584,1.0,0.0,1.0,1.0,1.0,0.0,0.412654,0.522553,0.411757,0.743557,0,quiet,random,,,
0.278559,0.025689,0.701761,0.449279,0.0,0.0,0.0,1.0,1.0,0.0,0.712817,0.153941,0.869717,0.521225,0,quiet,random,,,
0.593833,0.104168,0.970671,0.562535,0.0,0.0,0.0,1.0,1.0,1.0,0.147969,0.71451,0.388058,0.138535,2,strange,random,,,
0.561315,0.807166,0.076223,0.085203,0,0,1,0,1,0,0.195993,0.9005,0.223371,0.187132,3,lonely,controlled_contrast,humid_night,humid_night_027,weird_high
0.728454,0.112649,0.508802,0.036183,0.0,0.0,0.0,1.0,1.0,0.0,0.993113,0.393219,0.472407,0.566325,0,quiet,random,,,
0.321704,0.656283,0.393716,0.041289,1.0,0.0,0.0,1.0,1.0,0.0,0.496946,0.192881,0.472876,0.576088,0,quiet,random,,,
0.391933,0.751051,0.427415,0.177521,0,0,1,1,1,0,0.190907,0.198712,0.187668,0.911978,3,lonely,controlled_contrast,rainy_room,rainy_room_059,lonely_high
0.583618,0.788501,0.024546,0.653164,0.0,0.0,1.0,0.0,1.0,0.0,0.124678,0.655285,0.613032,0.403096,3,lonely,random,,,
0.39862,0.930848,0.010462,0.108557,1.0,0.0,1.0,0.0,1.0,0.0,0.912297,0.365145,0.164769,0.568504,0,quiet,random,,,
0.808363,0.854659,0.579741,0.212564,0.0,1.0,1.0,1.0,1.0,0.0,0.687957,0.536677,0.743707,0.543957,0,quiet,random,,,
0.480016,0.800876,0.467581,0.196078,0,0,1,1,1,0,0.899419,0.200407,0.203145,0.186417,0,quiet,controlled_contrast,rainy_room,rainy_room_024,calm_high
0.016116,0.238728,0.955433,0.601042,1.0,0.0,0.0,1.0,1.0,1.0,0.448605,0.646475,0.545382,0.614054,2,strange,random,,,
0.426466,0.777419,0.458461,0.137524,0,0,1,1,1,0,0.195317,0.229603,0.189692,0.890267,3,lonely,controlled_contrast,rainy_room,rainy_room_065,lonely_high
0.493636,0.212882,0.020486,0.183015,1,0,0,0,0,0,0.180269,0.19858,0.208451,0.893486,3,lonely,controlled_contrast,neutral_weather,neutral_weather_060,lonely_high
0.177663,0.089854,0.396244,0.557807,1.0,0.0,0.0,1.0,1.0,0.0,0.614407,0.61594,0.062126,0.063261,0,quiet,random,,,
0.456795,0.213579,0.276862,0.646141,0.0,0.0,0.0,1.0,1.0,0.0,0.754318,0.115915,0.567887,0.102019,0,quiet,random,,,
0.636521,0.540828,0.811541,0.926666,1.0,0.0,0.0,1.0,1.0,1.0,0.127248,0.226576,0.129974,0.103299,2,strange,random,,,
0.078307,0.988127,0.013543,0.016512,0.0,0.0,1.0,0.0,1.0,0.0,0.395348,0.541951,0.962859,0.177698,3,lonely,random,,,
0.352469,0.975979,0.47249,0.822318,1.0,0.0,1.0,1.0,1.0,0.0,0.741801,0.925534,0.0605,0.215734,0,quiet,random,,,
0.387698,0.316449,0.299071,0.00118,1.0,0.0,0.0,1.0,1.0,0.0,0.141083,0.634913,0.219385,0.222937,0,quiet,random,,,
0.241055,0.463762,0.041848,0.42921,0.0,0.0,0.0,0.0,0.0,0.0,0.654558,0.582244,0.5055,0.735899,3,lonely,random,,,
0.665919,0.640832,0.250484,0.538131,1.0,0.0,0.0,1.0,1.0,0.0,0.678047,0.083295,0.307432,0.928617,3,lonely,random,,,
0.39902,0.7404,0.492235,0.182758,0,0,1,1,1,0,0.892729,0.211328,0.213288,0.189238,0,quiet,controlled_contrast,rainy_room,rainy_room_023,calm_high
0.414397,0.553494,0.911595,0.804751,1.0,0.0,0.0,1.0,1.0,1.0,0.349545,0.438705,0.822549,0.542203,2,strange,random,,,
0.368622,0.651966,0.81321,0.690614,1.0,0.0,0.0,1.0,1.0,1.0,0.389977,0.554216,0.626478,0.867434,2,strange,random,,,
0.022671,0.181104,0.906739,0.97984,0.0,0.0,0.0,1.0,1.0,1.0,0.131769,0.638369,0.81421,0.594461,2,strange,random,,,
0.028902,0.936137,0.991202,0.093272,1.0,0.0,1.0,1.0,1.0,0.0,0.462718,0.542835,0.132877,0.958261,3,lonely,random,,,
0.507339,0.685228,0.829878,0.819969,0.0,0.0,0.0,1.0,1.0,1.0,0.475307,0.543275,0.117036,0.357189,2,strange,random,,,
0.253044,0.747919,0.122663,0.47977,1.0,0.0,0.0,0.0,1.0,0.0,0.209751,0.215612,0.089386,0.967725,3,lonely,random,,,
0.457003,0.771335,0.721485,0.705015,0,0,1,1,1,1,0.192917,0.896287,0.218919,0.219192,2,strange,controlled_contrast,stormy_weather,stormy_weather_053,weird_high
0.409876,0.579081,0.18299,0.541742,0.0,0.0,0.0,0.0,1.0,0.0,0.340772,0.578489,0.144184,0.579459,3,lonely,random,,,
0.368737,0.779779,0.560433,0.118419,0.0,0.0,1.0,1.0,1.0,0.0,0.995251,0.30468,0.733522,0.096725,0,quiet,random,,,
0.579621,0.785358,0.004573,0.535908,0.0,0.0,1.0,0.0,1.0,0.0,0.928949,0.058049,0.746224,0.477022,3,lonely,random,,,
0.431211,0.764225,0.741804,0.746938,0,0,1,1,1,1,0.200418,0.199797,0.232945,0.919812,3,lonely,controlled_contrast,stormy_weather,stormy_weather_077,lonely_high
0.481665,0.241498,0.021996,0.219141,1,0,0,0,0,0,0.214734,0.202118,0.213516,0.895786,3,lonely,controlled_contrast,neutral_weather,neutral_weather_057,lonely_high
0.288829,0.125068,0.803081,0.273592,1.0,0.0,0.0,1.0,1.0,0.0,0.735005,0.080702,0.72853,0.220439,0,quiet,random,,,
0.201284,0.276788,0.050637,0.735454,0.0,0.0,0.0,0.0,0.0,0.0,0.708052,0.681437,0.751207,0.707286,3,lonely,random,,,
0.86934,0.344311,0.732723,0.665209,0.0,1.0,0.0,1.0,1.0,1.0,0.14836,0.790562,0.561199,0.487507,2,strange,random,,,
0.348309,0.794771,0.848892,0.892306,1.0,0.0,1.0,1.0,1.0,1.0,0.415434,0.438821,0.950147,0.228334,2,strange,random,,,
0.110815,0.172351,3.5e-05,0.325465,0.0,0.0,0.0,0.0,0.0,0.0,0.239526,0.105687,0.40087,0.858786,3,lonely,random,,,
0.966408,0.545218,0.694575,0.222567,1.0,1.0,0.0,1.0,1.0,0.0,0.561449,0.979395,0.505322,0.497242,1,warm,random,,,
0.814976,0.44708,0.372427,0.611524,1.0,1.0,0.0,1.0,1.0,0.0,0.588498,0.551732,0.553237,0.424955,1,warm,random,,,
0.971001,0.562868,0.949481,0.365098,1.0,1.0,0.0,1.0,1.0,0.0,0.65838,0.510148,0.659482,0.602724,1,warm,random,,,
0.241802,0.250494,0.708432,0.516205,1.0,0.0,0.0,1.0,1.0,1.0,0.563734,0.561459,0.428409,0.764103,2,strange,random,,,
0.03107,0.852061,0.226882,0.903477,0.0,0.0,1.0,1.0,1.0,0.0,0.496958,0.175025,0.450185,0.657591,3,lonely,random,,,
0.502496,0.147672,0.114756,0.286776,1.0,0.0,0.0,0.0,1.0,0.0,0.964706,0.178335,0.153887,0.546679,0,quiet,random,,,
0.90639,0.849115,0.48507,0.208297,1.0,1.0,1.0,1.0,1.0,0.0,0.569588,0.30105,0.609246,0.670207,0,quiet,random,,,
0.983417,0.908005,0.900634,0.029294,0.0,1.0,1.0,1.0,1.0,0.0,0.728171,0.304279,0.68715,0.651158,0,quiet,random,,,
0.09878,0.331112,0.845341,0.962003,1.0,0.0,0.0,1.0,1.0,1.0,0.102148,0.721028,0.929205,0.078282,2,strange,random,,,
0.732113,0.271958,0.0,0.137966,1,0,0,0,0,0,0.181646,0.904344,0.181498,0.203857,2,strange,controlled_contrast,clear_day,clear_day_072,weird_high
0.667986,0.220213,0.0,0.121476,1,0,0,0,0,0,0.190974,0.175632,0.174565,0.909661,3,lonely,controlled_contrast,clear_day,clear_day_010,lonely_high
0.421701,0.805697,0.44713,0.15688,0,0,1,1,1,0,0.906454,0.210764,0.188392,0.218973,0,quiet,controlled_contrast,rainy_room,rainy_room_034,calm_high
0.351712,0.534251,0.204259,0.682274,1.0,0.0,0.0,1.0,1.0,0.0,0.942655,0.609989,0.68821,0.113674,0,quiet,random,,,
0.836793,0.900661,0.089709,0.009498,0.0,1.0,1.0,0.0,1.0,0.0,0.202369,0.20925,0.630371,0.155328,1,warm,random,,,
0.689891,0.281588,0.000525,0.139695,1,0,0,0,0,0,0.89204,0.192893,0.202291,0.204425,0,quiet,controlled_contrast,clear_day,clear_day_058,calm_high
0.680332,0.638705,0.794933,0.473289,1.0,0.0,0.0,1.0,1.0,1.0,0.313036,0.581093,0.439473,0.230406,2,strange,random,,,
0.719289,0.257703,0.0,0.135752,1,0,0,0,0,0,0.889336,0.210507,0.219872,0.202835,0,quiet,controlled_contrast,clear_day,clear_day_077,calm_high
0.722055,0.249634,0.024234,0.148722,1,0,0,0,0,0,0.201633,0.184519,0.901797,0.227134,1,warm,controlled_contrast,clear_day,clear_day_075,warm_high
0.483365,0.27534,0.0,0.2122,1,0,0,0,0,0,0.874943,0.21629,0.218746,0.195684,0,quiet,controlled_contrast,neutral_weather,neutral_weather_030,calm_high
0.484216,0.260593,0.0,0.217115,1,0,0,0,0,0,0.214932,0.198369,0.900993,0.189599,1,warm,controlled_contrast,neutral_weather,neutral_weather_022,warm_high
0.476836,0.468101,0.018035,0.046994,0.0,0.0,0.0,0.0,0.0,0.0,0.173402,0.182144,0.847835,0.144005,1,warm,random,,,
0.509767,0.7655,0.661701,0.636361,0.0,0.0,1.0,1.0,1.0,1.0,0.666017,0.601396,0.070275,0.097128,0,quiet,random,,,
0.305163,0.587585,0.053765,0.038786,1.0,0.0,0.0,0.0,0.0,0.0,0.293968,0.995486,0.220289,0.576138,2,strange,random,,,
0.447133,0.757059,0.731217,0.735278,0,0,1,1,1,1,0.196792,0.899945,0.209631,0.201006,2,strange,controlled_contrast,stormy_weather,stormy_weather_004,weird_high
0.707351,0.692674,0.11543,0.102389,0.0,0.0,0.0,0.0,1.0,0.0,0.597708,0.570213,0.31078,0.739457,3,lonely,random,,,
0.667152,0.644501,0.109401,0.367052,0.0,0.0,0.0,0.0,1.0,0.0,0.566531,0.904984,0.57579,0.55941,3,lonely,random,,,
0.526773,0.277327,0.024638,0.229688,1,0,0,0,0,0,0.204719,0.210067,0.908949,0.212162,1,warm,controlled_contrast,neutral_weather,neutral_weather_007,warm_high
0.957007,0.642772,0.662781,0.240107,0.0,1.0,0.0,1.0,1.0,0.0,0.436521,0.721443,0.690893,0.441926,3,lonely,random,,,
0.692586,0.132132,0.734485,0.878047,0.0,0.0,0.0,1.0,1.0,1.0,0.261857,0.791287,0.580341,0.433269,2,strange,random,,,
0.135885,0.450761,0.393186,0.001812,1.0,0.0,0.0,1.0,1.0,0.0,0.553054,0.436021,0.732933,0.172421,1,warm,random,,,
0.493826,0.2396,0.02192,0.229561,1,0,0,0,0,0,0.208154,0.170729,0.900404,0.214634,1,warm,controlled_contrast,neutral_weather,neutral_weather_020,warm_high
0.649522,0.142513,0.802151,0.350434,1.0,0.0,0.0,1.0,1.0,0.0,0.050456,0.901009,0.136037,0.263349,2,strange,random,,,
0.922008,0.897353,0.003045,0.362237,0.0,1.0,1.0,0.0,1.0,0.0,0.545925,0.36813,0.829546,0.530354,3,lonely,random,,,
0.417149,0.836238,0.916257,0.732919,1.0,0.0,1.0,1.0,1.0,1.0,0.30063,0.682038,0.795477,0.103399,2,strange,random,,,
0.421308,0.78391,0.415725,0.135069,0,0,1,1,1,0,0.188018,0.190147,0.205727,0.89887,3,lonely,controlled_contrast,rainy_room,rainy_room_029,lonely_high
0.260634,0.044244,0.230712,0.398988,1.0,0.0,0.0,1.0,1.0,0.0,0.599319,0.087869,0.630252,0.811239,1,warm,random,,,
0.120447,0.408327,0.034563,0.303498,0.0,0.0,0.0,0.0,0.0,0.0,0.083014,0.762618,0.148891,0.165254,2,strange,random,,,
0.242836,0.647854,0.050859,0.896942,0.0,0.0,0.0,0.0,0.0,0.0,0.698996,0.515406,0.460944,0.94532,3,lonely,random,,,
0.779415,0.394236,0.32268,0.737684,1.0,1.0,0.0,1.0,1.0,0.0,0.660536,0.34023,0.469973,0.471926,1,warm,random,,,
0.502629,0.235654,0.067484,0.230244,1,0,0,0,0,0,0.195253,0.88765,0.186858,0.181866,2,strange,controlled_contrast,neutral_weather,neutral_weather_027,weird_high
0.247347,0.43611,0.021244,0.586433,0.0,0.0,0.0,0.0,0.0,0.0,0.365535,0.701156,0.639261,0.475794,3,lonely,random,,,
0.329277,0.588421,0.049518,0.523953,0.0,0.0,0.0,0.0,0.0,0.0,0.44143,0.167489,0.114034,0.234713,3,lonely,random,,,
0.505721,0.237277,0.046402,0.171662,1,0,0,0,0,0,0.190801,0.198215,0.889121,0.18932,1,warm,controlled_contrast,neutral_weather,neutral_weather_039,warm_high
0.425655,0.818968,0.482917,0.200169,0,0,1,1,1,0,0.894608,0.203232,0.203505,0.212498,0,quiet,controlled_contrast,rainy_room,rainy_room_021,calm_high
0.325041,0.065549,0.933079,0.999697,1.0,0.0,0.0,1.0,1.0,1.0,0.317578,0.982173,0.208561,0.641047,2,strange,random,,,
0.4525,0.807874,0.062473,0.095536,1.0,0.0,1.0,0.0,1.0,0.0,0.590972,0.575205,0.368646,0.742661,3,lonely,random,,,
0.551801,0.005383,0.858642,0.906913,1.0,0.0,0.0,1.0,1.0,1.0,0.40967,0.408613,0.190251,0.059981,2,strange,random,,,
0.363173,0.306032,0.00212,0.691918,1.0,0.0,0.0,0.0,0.0,0.0,0.667885,0.928658,0.096642,0.727959,2,strange,random,,,
0.448705,0.343833,0.42939,0.293178,0.0,0.0,0.0,1.0,1.0,0.0,0.443285,0.552563,0.118387,0.636432,3,lonely,random,,,
0.486897,0.24459,0.071247,0.198799,1,0,0,0,0,0,0.897185,0.201211,0.18789,0.195914,0,quiet,controlled_contrast,neutral_weather,neutral_weather_001,calm_high
0.401997,0.445781,0.038072,0.009609,0.0,0.0,0.0,0.0,0.0,0.0,0.278398,0.071859,0.210472,0.731476,3,lonely,random,,,
0.19718,0.072363,0.661901,0.50319,1.0,0.0,0.0,1.0,1.0,1.0,0.377363,0.910012,0.477937,0.21426,2,strange,random,,,
0.019914,0.507842,0.855952,0.70957,1.0,0.0,0.0,1.0,1.0,1.0,0.735999,0.686436,0.182629,0.229561,2,strange,random,,,
0.724372,0.932361,0.267185,0.106104,0.0,0.0,1.0,1.0,1.0,0.0,0.780607,0.439345,0.19695,0.233207,0,quiet,random,,,
0.710131,0.907272,0.603166,0.583488,1.0,0.0,1.0,1.0,1.0,0.0,0.277017,0.247971,0.681413,0.206834,0,quiet,random,,,
0.031219,0.55297,0.007045,0.359669,0.0,0.0,0.0,0.0,0.0,0.0,0.161674,0.524297,0.327245,0.433449,3,lonely,random,,,
0.464046,0.65013,0.174668,0.4394,1.0,0.0,0.0,0.0,1.0,0.0,0.090731,0.608397,0.663903,0.83397,3,lonely,random,,,
0.376659,0.758956,0.448325,0.163615,0,0,1,1,1,0,0.203307,0.180322,0.184161,0.896547,3,lonely,controlled_contrast,rainy_room,rainy_room_031,lonely_high
0.088369,0.728705,0.558826,0.134891,0.0,0.0,0.0,1.0,1.0,0.0,0.805079,0.19342,0.195195,0.103613,0,quiet,random,,,
0.693678,0.380946,0.562628,0.280237,1.0,0.0,0.0,1.0,1.0,0.0,0.671092,0.525173,0.895037,0.339193,1,warm,random,,,
0.780471,0.659563,0.800263,0.662253,1.0,1.0,0.0,1.0,1.0,1.0,0.196194,0.209882,0.171676,0.278388,2,strange,random,,,
0.405607,0.774047,0.475735,0.166638,0,0,1,1,1,0,0.205606,0.217517,0.198057,0.926188,3,lonely,controlled_contrast,rainy_room,rainy_room_079,lonely_high
0.205817,0.669318,0.796665,0.814642,1.0,0.0,0.0,1.0,1.0,1.0,0.067119,0.447124,0.798673,0.076786,2,strange,random,,,
0.22768,0.320109,0.730183,0.630477,1.0,0.0,0.0,1.0,1.0,1.0,0.741121,0.232189,0.434073,0.559781,0,quiet,random,,,
0.164583,0.861599,0.639369,0.559273,1.0,0.0,1.0,1.0,1.0,0.0,0.188404,0.286326,0.698267,0.46985,1,warm,random,,,
0.360252,0.220077,0.367061,0.088833,1.0,0.0,0.0,1.0,1.0,0.0,0.438207,0.856636,0.360628,0.409022,0,quiet,random,,,
0.442672,0.795133,0.749037,0.707378,0,0,1,1,1,1,0.217455,0.214206,0.202757,0.891164,3,lonely,controlled_contrast,stormy_weather,stormy_weather_059,lonely_high
0.834802,0.140964,1.4e-05,0.374558,0.0,1.0,0.0,0.0,0.0,0.0,0.182715,0.59154,0.666425,0.165951,1,warm,random,,,
0.881186,0.580003,0.143598,0.176083,1.0,1.0,0.0,0.0,1.0,0.0,0.067482,0.724574,0.279711,0.729311,1,warm,random,,,
0.817266,0.405585,0.204403,0.278133,0.0,1.0,0.0,1.0,1.0,0.0,0.623536,0.363446,0.325119,0.33742,0,quiet,random,,,
0.159516,0.229758,0.131143,0.310857,1.0,0.0,0.0,0.0,1.0,0.0,0.330668,0.69797,0.267313,0.220918,1,warm,random,,,
0.301632,0.053473,0.123645,0.428331,1.0,0.0,0.0,0.0,1.0,0.0,0.581069,0.245865,0.15485,0.216555,1,warm,random,,,
0.56192,0.304225,0.001849,0.161951,0.0,0.0,0.0,0.0,0.0,0.0,0.065384,0.562639,0.196607,0.541311,3,lonely,random,,,
0.923681,0.687505,0.62809,0.976891,1.0,1.0,0.0,1.0,1.0,0.0,0.71709,0.156315,0.70853,0.146293,1,warm,random,,,
0.718652,0.332707,0.001695,0.176335,0.0,0.0,0.0,0.0,0.0,0.0,0.736592,0.434043,0.441057,0.135477,0,quiet,random,,,
0.994069,0.012429,0.8428,0.833854,1.0,1.0,0.0,1.0,1.0,1.0,0.715078,0.760578,0.458726,0.741435,2,strange,random,,,
0.464257,0.79933,0.737517,0.713493,0,0,1,1,1,1,0.211345,0.197986,0.205543,0.891244,3,lonely,controlled_contrast,stormy_weather,stormy_weather_001,lonely_high
0.839383,0.788811,0.971443,0.024308,0.0,1.0,1.0,1.0,1.0,0.0,0.748196,0.149421,0.443995,0.766498,3,lonely,random,,,
0.058932,0.902,0.114095,0.252578,1.0,0.0,1.0,0.0,1.0,0.0,0.41491,0.890097,0.133268,0.210035,2,strange,random,,,
0.441954,0.81054,0.704181,0.726959,0,0,1,1,1,1,0.202229,0.204286,0.201165,0.880517,3,lonely,controlled_contrast,stormy_weather,stormy_weather_011,lonely_high
0.906209,0.927016,0.610824,0.525022,0.0,1.0,1.0,1.0,1.0,0.0,0.841685,0.213061,0.090514,0.575595,0,quiet,random,,,
0.034561,0.260956,0.275602,0.95287,0.0,0.0,0.0,1.0,1.0,0.0,0.517554,0.976285,0.126205,0.098279,2,strange,random,,,
0.949534,0.951853,0.300411,0.383567,1.0,1.0,1.0,1.0,1.0,0.0,0.148166,0.326012,0.53451,0.123666,1,warm,random,,,
0.215624,0.419389,0.504677,0.863649,1.0,0.0,0.0,1.0,1.0,0.0,0.270136,0.258103,0.975848,0.629008,1,warm,random,,,
0.943498,0.92387,0.019506,0.78847,1.0,1.0,1.0,0.0,1.0,0.0,0.629999,0.390358,0.540147,0.379781,1,warm,random,,,
0.196066,0.151668,0.047958,0.05658,0.0,0.0,0.0,0.0,0.0,0.0,0.459849,0.93783,0.399859,0.134266,2,strange,random,,,
0.010025,0.398883,0.722181,0.689763,0.0,0.0,0.0,1.0,1.0,1.0,0.739288,0.724963,0.260088,0.381027,2,strange,random,,,
0.960193,0.81115,0.000103,0.195251,1.0,1.0,1.0,0.0,0.0,0.0,0.689757,0.269215,0.837999,0.622085,1,warm,random,,,
0.566754,0.55754,0.038465,0.71429,1.0,0.0,0.0,0.0,0.0,0.0,0.697628,0.977151,0.246279,0.538396,2,strange,random,,,
0.867798,0.107215,0.631002,0.240987,1.0,1.0,0.0,1.0,1.0,0.0,0.714509,0.71205,0.160934,0.761152,0,quiet,random,,,
0.874311,0.123263,0.479458,1.2e-05,0.0,1.0,0.0,1.0,1.0,0.0,0.401603,0.266153,0.261236,0.3236,3,lonely,random,,,
0.624079,0.992132,0.941547,0.206066,0.0,0.0,1.0,1.0,1.0,0.0,0.207453,0.431678,0.247632,0.447538,3,lonely,random,,,
0.255776,0.948899,0.544632,0.610622,1.0,0.0,1.0,1.0,1.0,0.0,0.481772,0.253068,0.308822,0.722663,0,quiet,random,,,
0.425026,0.831779,0.718217,0.713161,0,0,1,1,1,1,0.19406,0.193248,0.217136,0.904526,3,lonely,controlled_contrast,stormy_weather,stormy_weather_073,lonely_high
0.421473,0.78362,0.466018,0.178598,0,0,1,1,1,0,0.198845,0.931422,0.181815,0.214111,3,lonely,controlled_contrast,rainy_room,rainy_room_020,weird_high
0.455139,0.21807,0.069044,0.21782,1,0,0,0,0,0,0.190985,0.172535,0.227192,0.888372,3,lonely,controlled_contrast,neutral_weather,neutral_weather_024,lonely_high
0.252772,0.936773,0.061716,0.44372,1.0,0.0,1.0,0.0,0.0,0.0,0.126674,0.796815,0.093002,0.260555,2,strange,random,,,
0.294499,0.57773,0.014012,0.497395,0.0,0.0,0.0,0.0,0.0,0.0,0.302469,0.409813,0.567955,0.489095,3,lonely,random,,,
0.769145,0.717553,0.833391,0.011546,0.0,1.0,0.0,1.0,1.0,0.0,0.646727,0.749768,0.370291,0.157863,0,quiet,random,,,
0.932949,0.830445,0.803681,0.743511,0.0,1.0,1.0,1.0,1.0,1.0,0.291931,0.987506,0.646219,0.611768,2,strange,random,,,
0.400315,0.844728,0.469226,0.154399,0,0,1,1,1,0,0.194391,0.907326,0.207337,0.199747,3,lonely,controlled_contrast,rainy_room,rainy_room_050,weird_high
0.457003,0.771335,0.721485,0.705015,0,0,1,1,1,1,0.19984,0.197367,0.196381,0.904534,3,lonely,controlled_contrast,stormy_weather,stormy_weather_053,lonely_high
0.772844,0.542058,0.160285,0.011895,1.0,1.0,0.0,0.0,1.0,0.0,0.927252,0.176286,0.548974,0.44045,1,warm,random,,,
0.487179,0.826521,0.100412,0.11233,0,0,1,0,1,0,0.211364,0.901291,0.196249,0.175109,3,lonely,controlled_contrast,humid_night,humid_night_076,weird_high
0.493419,0.837325,0.080319,0.098783,0,0,1,0,1,0,0.198865,0.217809,0.191998,0.892126,3,lonely,controlled_contrast,humid_night,humid_night_078,lonely_high
0.952394,0.777559,0.537724,0.033455,0.0,1.0,1.0,1.0,1.0,0.0,0.130413,0.982036,0.441773,0.360241,3,lonely,random,,,
0.207299,0.717699,0.290144,0.105641,1.0,0.0,0.0,1.0,1.0,0.0,0.939435,0.723835,0.71454,0.215031,0,quiet,random,,,
0.599027,0.470134,0.041591,0.886272,0.0,0.0,0.0,0.0,0.0,0.0,0.875444,0.268303,0.615843,0.191207,0,quiet,random,,,
0.414391,0.804544,0.491505,0.185044,0,0,1,1,1,0,0.182454,0.905049,0.198741,0.183616,3,lonely,controlled_contrast,rainy_room,rainy_room_006,weird_high
0.53449,0.869559,0.7268,0.133524,0.0,0.0,1.0,1.0,1.0,0.0,0.362327,0.616359,0.73968,0.305531,0,quiet,random,,,
0.400459,0.776188,0.440042,0.21102,0,0,1,1,1,0,0.192195,0.188928,0.915299,0.204427,3,lonely,controlled_contrast,rainy_room,rainy_room_003,warm_high
0.264873,0.587561,0.006679,0.699973,0.0,0.0,0.0,0.0,0.0,0.0,0.861689,0.116252,0.736124,0.17609,1,warm,random,,,
0.235247,0.291059,0.738029,0.250668,0.0,0.0,0.0,1.0,1.0,0.0,0.499991,0.702927,0.299653,0.742543,3,lonely,random,,,
0.356993,0.072974,0.989906,0.580026,1.0,0.0,0.0,1.0,1.0,1.0,0.406651,0.264422,0.214171,0.438992,2,strange,random,,,
0.313661,0.467048,0.038095,0.783515,1.0,0.0,0.0,0.0,0.0,0.0,0.24436,0.554094,0.415034,0.13041,1,warm,random,,,
0.15279,0.251782,0.098399,0.811373,1.0,0.0,0.0,0.0,1.0,0.0,0.212832,0.639275,0.071781,0.921545,3,lonely,random,,,
0.949869,0.395194,0.682513,0.020239,0.0,1.0,0.0,1.0,1.0,0.0,0.900158,0.724888,0.33795,0.688669,0,quiet,random,,,
0.421679,0.37986,0.749698,0.629191,0.0,0.0,0.0,1.0,1.0,1.0,0.345964,0.767139,0.412393,0.668528,2,strange,random,,,
0.991721,0.96175,0.879208,0.840836,1.0,1.0,1.0,1.0,1.0,1.0,0.404805,0.378469,0.957044,0.398845,1,warm,random,,,
0.913186,0.296574,0.488158,0.588069,1.0,1.0,0.0,1.0,1.0,0.0,0.069896,0.676355,0.79329,0.265625,1,warm,random,,,
0.000436,0.705307,0.003975,0.802523,0.0,0.0,0.0,0.0,1.0,0.0,0.145114,0.996225,0.632143,0.382704,3,lonely,random,,,
0.431211,0.764225,0.741804,0.746938,0,0,1,1,1,1,0.906477,0.19824,0.212852,0.1811,0,quiet,controlled_contrast,stormy_weather,stormy_weather_077,calm_high
0.035124,0.644443,0.988593,0.89989,1.0,0.0,0.0,1.0,1.0,1.0,0.645398,0.451022,0.410052,0.141511,2,strange,random,,,
0.977574,0.716504,0.236662,0.086307,1.0,1.0,0.0,1.0,1.0,0.0,0.656164,0.453576,0.215803,0.116785,0,quiet,random,,,
0.047293,0.857163,0.521292,0.837171,0.0,0.0,1.0,1.0,1.0,0.0,0.339802,0.08683,0.9756,0.150734,3,lonely,random,,,
0.50567,0.285791,0.008048,0.222945,1,0,0,0,0,0,0.201231,0.222233,0.181923,0.909059,3,lonely,controlled_contrast,neutral_weather,neutral_weather_045,lonely_high
0.444417,0.767875,0.679867,0.747214,0,0,1,1,1,1,0.201121,0.906595,0.214171,0.194779,2,strange,controlled_contrast,stormy_weather,stormy_weather_028,weird_high
0.008683,0.060441,0.002664,0.371454,0.0,0.0,0.0,0.0,0.0,0.0,0.495698,0.26819,0.313449,0.570975,3,lonely,random,,,
0.477189,0.321585,0.000447,0.401517,1.0,0.0,0.0,0.0,0.0,0.0,0.079287,0.736532,0.099527,0.148357,2,strange,random,,,
0.125172,0.946905,0.078273,0.63346,1.0,0.0,1.0,0.0,1.0,0.0,0.749703,0.510756,0.15035,0.241999,0,quiet,random,,,
0.90877,0.720484,0.827807,0.664991,1.0,1.0,0.0,1.0,1.0,1.0,0.691468,0.204154,0.348136,0.423355,0,quiet,random,,,
0.927642,0.53611,0.025912,0.097361,1.0,1.0,0.0,0.0,0.0,0.0,0.601732,0.400862,0.41578,0.270089,1,warm,random,,,
0.509148,0.430167,0.487629,0.405292,0.0,0.0,0.0,1.0,1.0,0.0,0.393924,0.662876,0.119241,0.556723,3,lonely,random,,,
0.685538,0.281908,0.0,0.154791,1,0,0,0,0,0,0.220355,0.898596,0.192446,0.17735,2,strange,controlled_contrast,clear_day,clear_day_023,weird_high
0.237478,0.640707,0.645073,0.071851,1.0,0.0,0.0,1.0,1.0,0.0,0.302724,0.971848,0.1512,0.437713,0,quiet,random,,,
0.395093,0.699301,0.00027,0.085903,1.0,0.0,0.0,0.0,0.0,0.0,0.165161,0.387046,0.518532,0.520117,1,warm,random,,,
0.518739,0.301161,0.015665,0.337964,0.0,0.0,0.0,0.0,0.0,0.0,0.218451,0.643206,0.204411,0.111143,2,strange,random,,,
0.643749,0.264196,0.519424,0.677843,1.0,0.0,0.0,1.0,1.0,0.0,0.105863,0.192792,0.977049,0.331614,1,warm,random,,,
0.594247,0.977597,0.001711,0.884967,0.0,0.0,1.0,0.0,1.0,0.0,0.959295,0.396086,0.61881,0.10115,0,quiet,random,,,
0.359561,0.525823,0.983183,0.653368,1.0,0.0,0.0,1.0,1.0,1.0,0.626628,0.480639,0.09886,0.621037,2,strange,random,,,
0.633436,0.580965,0.762705,0.919791,1.0,0.0,0.0,1.0,1.0,1.0,0.39046,0.663421,0.069734,0.839882,2,strange,random,,,
0.328669,0.896957,0.017427,0.910523,0.0,0.0,1.0,0.0,1.0,0.0,0.090632,0.179869,0.208007,0.615452,3,lonely,random,,,
0.826473,0.987367,0.874975,0.043577,1.0,1.0,1.0,1.0,1.0,0.0,0.776814,0.530753,0.736571,0.141827,0,quiet,random,,,
0.217738,0.584772,0.22172,0.561946,1.0,0.0,0.0,1.0,1.0,0.0,0.149133,0.603764,0.804388,0.739629,1,warm,random,,,
0.306386,0.079564,0.45209,0.176909,0.0,0.0,0.0,1.0,1.0,0.0,0.398405,0.728314,0.19154,0.270254,3,lonely,random,,,
0.998395,0.206663,0.961816,0.497523,1.0,1.0,0.0,1.0,1.0,1.0,0.333228,0.807494,0.590774,0.235608,2,strange,random,,,
0.083001,0.181208,0.586324,0.114913,1.0,0.0,0.0,1.0,1.0,0.0,0.342962,0.712196,0.304937,0.134458,0,quiet,random,,,
0.872441,0.767541,0.168903,0.837393,0.0,1.0,1.0,0.0,1.0,0.0,0.36117,0.057626,0.255159,0.491346,3,lonely,random,,,
0.068739,0.816362,0.421763,0.546516,1.0,0.0,1.0,1.0,1.0,0.0,0.299347,0.614674,0.480918,0.59809,0,quiet,random,,,
0.255993,0.524595,0.442905,0.217125,1.0,0.0,0.0,1.0,1.0,0.0,0.772621,0.607019,0.30817,0.259818,0,quiet,random,,,
0.585867,0.7321,0.048718,0.565466,0.0,0.0,0.0,0.0,1.0,0.0,0.503522,0.575387,0.100536,0.176971,3,lonely,random,,,
0.46518,0.849146,0.07582,0.763145,1.0,0.0,1.0,0.0,1.0,0.0,0.539881,0.548961,0.422715,0.802747,3,lonely,random,,,
0.658933,0.350528,0.002372,0.851898,1.0,0.0,0.0,0.0,0.0,0.0,0.221462,0.280559,0.260223,0.476592,1,warm,random,,,
0.489049,0.811703,0.109247,0.132268,0,0,1,0,1,0,0.2029,0.902745,0.192992,0.20166,3,lonely,controlled_contrast,humid_night,humid_night_013,weird_high
0.860985,0.315838,0.336968,0.372065,1.0,1.0,0.0,1.0,1.0,0.0,0.671027,0.275899,0.207195,0.513718,0,quiet,random,,,
0.234665,0.083407,0.013925,0.407648,0.0,0.0,0.0,0.0,0.0,0.0,0.197724,0.988432,0.587498,0.736344,3,lonely,random,,,
0.357189,0.122283,0.544817,0.651078,1.0,0.0,0.0,1.0,1.0,0.0,0.812947,0.727948,0.050179,0.447263,0,quiet,random,,,
0.239941,0.688498,0.001531,0.144984,1.0,0.0,0.0,0.0,1.0,0.0,0.328531,0.354977,0.112128,0.227531,1,warm,random,,,
0.634923,0.69282,0.006207,0.38891,1.0,0.0,0.0,0.0,0.0,0.0,0.230431,0.620964,0.863892,0.115841,1,warm,random,,,
0.408011,0.155199,0.324003,0.599351,0.0,0.0,0.0,1.0,1.0,0.0,0.21941,0.337038,0.569264,0.347055,3,lonely,random,,,
0.783956,0.833206,0.001375,0.821516,0.0,1.0,1.0,0.0,1.0,0.0,0.581299,0.938512,0.167317,0.063969,2,strange,random,,,
0.737482,0.29492,0.0,0.184097,1,0,0,0,0,0,0.907873,0.217527,0.204789,0.196569,0,quiet,controlled_contrast,clear_day,clear_day_047,calm_high
0.82616,0.010879,0.638214,0.422837,1.0,1.0,0.0,1.0,1.0,0.0,0.593053,0.751679,0.572662,0.415832,1,warm,random,,,
0.511712,0.127014,0.297416,0.000298,1.0,0.0,0.0,1.0,1.0,0.0,0.667341,0.465721,0.884205,0.065018,1,warm,random,,,
0.661133,0.557565,0.753745,0.666545,0.0,0.0,0.0,1.0,1.0,1.0,0.184957,0.87488,0.532239,0.352285,2,strange,random,,,
0.889658,0.137783,0.839249,0.943969,1.0,1.0,0.0,1.0,1.0,1.0,0.307138,0.629175,0.079489,0.519014,2,strange,random,,,
0.459203,0.791099,0.695316,0.751779,0,0,1,1,1,1,0.215329,0.889415,0.202081,0.193099,2,strange,controlled_contrast,stormy_weather,stormy_weather_048,weird_high
0.129586,0.61203,0.857179,0.888199,1.0,0.0,0.0,1.0,1.0,1.0,0.170151,0.207718,0.241498,0.563779,2,strange,random,,,
0.604051,0.093949,0.067809,0.005265,1.0,0.0,0.0,0.0,0.0,0.0,0.328288,0.272609,0.517345,0.58741,1,warm,random,,,
0.421473,0.78362,0.466018,0.178598,0,0,1,1,1,0,0.196769,0.19308,0.217229,0.894097,3,lonely,controlled_contrast,rainy_room,rainy_room_020,lonely_high
0.494425,0.398335,0.08318,0.832809,1.0,0.0,0.0,0.0,1.0,0.0,0.995143,0.540422,0.36927,0.193118,1,warm,random,,,
0.821987,0.102838,0.565143,0.300172,0.0,1.0,0.0,1.0,1.0,0.0,0.643906,0.289943,0.690886,0.07988,0,quiet,random,,,
0.665619,0.141469,0.959408,0.960498,0.0,0.0,0.0,1.0,1.0,1.0,0.422426,0.837523,0.397386,0.399427,2,strange,random,,,
0.42286,0.834484,0.447797,0.506795,1.0,0.0,1.0,1.0,1.0,0.0,0.578262,0.634782,0.070074,0.722473,0,quiet,random,,,
0.442771,0.763883,0.415968,0.174523,0,0,1,1,1,0,0.900229,0.216534,0.185787,0.217742,0,quiet,controlled_contrast,rainy_room,rainy_room_061,calm_high
0.771917,0.323501,0.000345,0.021244,0.0,1.0,0.0,0.0,0.0,0.0,0.327772,0.498457,0.447454,0.220981,1,warm,random,,,
0.856349,0.734983,0.991162,0.000691,0.0,1.0,0.0,1.0,1.0,0.0,0.930465,0.579385,0.343915,0.400652,0,quiet,random,,,
0.169012,0.321145,0.182349,0.244777,1.0,0.0,0.0,0.0,1.0,0.0,0.631321,0.36933,0.397592,0.785447,3,lonely,random,,,
0.599989,0.254193,0.301321,0.038091,1.0,0.0,0.0,1.0,1.0,0.0,0.853588,0.315739,0.286163,0.519408,0,quiet,random,,,
0.052683,0.64618,0.992749,0.059788,1.0,0.0,0.0,1.0,1.0,0.0,0.953184,0.195166,0.457479,0.592648,0,quiet,random,,,
0.713645,0.241532,0.0,0.135386,1,0,0,0,0,0,0.218737,0.201325,0.885772,0.209975,1,warm,controlled_contrast,clear_day,clear_day_070,warm_high
0.072379,0.900246,0.097914,0.556612,0.0,0.0,1.0,0.0,1.0,0.0,0.644441,0.146134,0.708153,0.154127,3,lonely,random,,,
0.967044,0.23657,0.827978,0.664339,1.0,1.0,0.0,1.0,1.0,1.0,0.070981,0.496165,0.48189,0.346959,2,strange,random,,,
0.511346,0.850191,0.094933,0.118146,0,0,1,0,1,0,0.201392,0.202809,0.213472,0.897812,3,lonely,controlled_contrast,humid_night,humid_night_038,lonely_high
0.56412,0.429303,0.293099,0.583454,0.0,0.0,0.0,1.0,1.0,0.0,0.292317,0.727375,0.353801,0.980085,3,lonely,random,,,
0.152467,0.337898,0.073759,0.575542,1.0,0.0,0.0,0.0,0.0,0.0,0.432225,0.398061,0.114749,0.72045,3,lonely,random,,,
0.920291,0.982832,0.583561,0.685792,1.0,1.0,1.0,1.0,1.0,0.0,0.637804,0.313747,0.586322,0.26846,0,quiet,random,,,
0.456743,0.945589,0.752499,0.518659,0.0,0.0,1.0,1.0,1.0,1.0,0.39668,0.921657,0.369153,0.17956,2,strange,random,,,
0.592847,0.869955,0.442186,0.460599,0.0,0.0,1.0,1.0,1.0,0.0,0.209432,0.495174,0.246588,0.092537,0,quiet,random,,,
0.165397,0.321061,0.21638,0.258311,0.0,0.0,0.0,1.0,1.0,0.0,0.701835,0.72736,0.675909,0.160239,0,quiet,random,,,
0.5557,0.829837,0.009713,0.149893,0.0,0.0,1.0,0.0,1.0,0.0,0.423977,0.189237,0.398333,0.240462,3,lonely,random,,,
0.666534,0.327091,0.334092,0.507435,1.0,0.0,0.0,1.0,1.0,0.0,0.293984,0.974825,0.364316,0.132148,2,strange,random,,,
0.689249,0.742151,0.106862,0.060542,1.0,0.0,0.0,0.0,1.0,0.0,0.867901,0.652085,0.366908,0.246595,1,warm,random,,,
0.425026,0.831779,0.718217,0.713161,0,0,1,1,1,1,0.186769,0.187168,0.910692,0.213626,3,lonely,controlled_contrast,stormy_weather,stormy_weather_073,warm_high
0.882377,0.881017,0.004024,0.733151,0.0,1.0,1.0,0.0,1.0,0.0,0.623358,0.913552,0.104685,0.171034,3,lonely,random,,,
0.595349,0.182821,0.000379,0.162278,0.0,0.0,0.0,0.0,0.0,0.0,0.394131,0.727537,0.714405,0.19171,1,warm,random,,,
0.368023,0.708813,0.678434,0.712875,0.0,0.0,0.0,1.0,1.0,1.0,0.658326,0.697442,0.674457,0.577222,2,strange,random,,,
0.494098,0.441703,0.057441,0.6546,1.0,0.0,0.0,0.0,0.0,0.0,0.195104,0.672485,0.082582,0.5388,2,strange,random,,,
0.678955,0.271686,0.0,0.140333,1,0,0,0,0,0,0.886068,0.183072,0.204481,0.215121,0,quiet,controlled_contrast,clear_day,clear_day_063,calm_high
0.867419,0.779825,0.896558,0.908493,0.0,1.0,1.0,1.0,1.0,1.0,0.533806,0.492553,0.706964,0.312102,2,strange,random,,,
0.514111,0.264833,0.039891,0.239412,1,0,0,0,0,0,0.181599,0.214716,0.891706,0.200031,1,warm,controlled_contrast,neutral_weather,neutral_weather_069,warm_high
0.239199,0.061261,0.232188,0.323151,0.0,0.0,0.0,1.0,1.0,0.0,0.287502,0.23358,0.498934,0.584815,3,lonely,random,,,
0.22197,0.375385,0.744296,0.511845,1.0,0.0,0.0,1.0,1.0,1.0,0.336956,0.879139,0.662814,0.125875,2,strange,random,,,
0.384577,0.022564,0.922898,0.562309,0.0,0.0,0.0,1.0,1.0,1.0,0.720484,0.729525,0.191102,0.548935,2,strange,random,,,
0.756006,0.252887,0.0,0.128958,1,0,0,0,0,0,0.19491,0.20972,0.174141,0.890271,3,lonely,controlled_contrast,clear_day,clear_day_074,lonely_high
0.934102,0.890806,0.800363,0.836753,1.0,1.0,1.0,1.0,1.0,1.0,0.269164,0.178008,0.171002,0.065563,2,strange,random,,,
0.421701,0.805697,0.44713,0.15688,0,0,1,1,1,0,0.188128,0.20295,0.186697,0.91107,3,lonely,controlled_contrast,rainy_room,rainy_room_034,lonely_high
0.580284,0.204469,0.832627,0.767116,1.0,0.0,0.0,1.0,1.0,1.0,0.96375,0.07938,0.099057,0.325185,0,quiet,random,,,
0.80338,0.366226,0.916829,0.945561,0.0,1.0,0.0,1.0,1.0,1.0,0.411449,0.209566,0.765871,0.080272,2,strange,random,,,
0.920127,0.444325,0.387581,0.331277,0.0,1.0,0.0,1.0,1.0,0.0,0.173778,0.593831,0.197101,0.370982,3,lonely,random,,,
0.488173,0.790434,0.711747,0.736614,0,0,1,1,1,1,0.225424,0.873409,0.180162,0.19657,2,strange,controlled_contrast,stormy_weather,stormy_weather_007,weird_high
0.186171,0.052191,0.673101,0.535991,0.0,0.0,0.0,1.0,1.0,1.0,0.122185,0.448894,0.793343,0.199409,2,strange,random,,,
0.053301,0.152889,0.006328,0.593683,0.0,0.0,0.0,0.0,0.0,0.0,0.279919,0.94849,0.05922,0.106676,2,strange,random,,,
0.824733,0.986017,0.824952,0.810198,1.0,1.0,1.0,1.0,1.0,1.0,0.182289,0.747803,0.115424,0.737926,2,strange,random,,,
0.411,0.424069,0.505409,0.788094,1.0,0.0,0.0,1.0,1.0,0.0,0.852927,0.240764,0.622001,0.599688,0,quiet,random,,,
0.822276,0.00086,0.055729,0.058139,0.0,1.0,0.0,0.0,0.0,0.0,0.112586,0.835214,0.146347,0.402529,3,lonely,random,,,
0.032942,0.791546,0.57932,0.591909,1.0,0.0,1.0,1.0,1.0,0.0,0.630414,0.4098,0.075553,0.114529,0,quiet,random,,,
0.399494,0.761678,0.458769,0.146855,0,0,1,1,1,0,0.189507,0.202795,0.199311,0.901398,3,lonely,controlled_contrast,rainy_room,rainy_room_063,lonely_high
0.273947,0.60852,0.912395,0.027101,0.0,0.0,0.0,1.0,1.0,0.0,0.560346,0.630011,0.286015,0.088534,0,quiet,random,,,
0.524242,0.707986,0.260936,0.473092,0.0,0.0,0.0,1.0,1.0,0.0,0.895478,0.184751,0.398289,0.180382,0,quiet,random,,,
0.07338,0.892962,0.533973,0.784465,1.0,0.0,1.0,1.0,1.0,0.0,0.3054,0.827877,0.396596,0.35791,0,quiet,random,,,
0.565078,0.72588,0.155604,0.01815,0.0,0.0,0.0,0.0,1.0,0.0,0.711747,0.317394,0.586011,0.462441,3,lonely,random,,,
0.44811,0.207898,0.168148,0.413436,1.0,0.0,0.0,0.0,1.0,0.0,0.564151,0.983324,0.375155,0.187576,2,strange,random,,,
0.906863,0.321355,0.241005,0.310689,1.0,1.0,0.0,1.0,1.0,0.0,0.140346,0.942542,0.543806,0.300759,1,warm,random,,,
0.445163,0.220576,0.037392,0.856626,0.0,0.0,0.0,0.0,0.0,0.0,0.477576,0.727101,0.337056,0.308048,2,strange,random,,,
0.089434,0.025148,0.506242,0.088107,1.0,0.0,0.0,1.0,1.0,0.0,0.418408,0.456313,0.473722,0.121912,0,quiet,random,,,
0.115329,0.648943,0.5713,0.083977,1.0,0.0,0.0,1.0,1.0,0.0,0.337596,0.774191,0.304336,0.435676,0,quiet,random,,,
0.431014,0.933772,0.785654,0.845999,1.0,0.0,1.0,1.0,1.0,1.0,0.157685,0.587346,0.247754,0.178107,2,strange,random,,,
0.118427,0.195201,0.186144,0.196689,1.0,0.0,0.0,0.0,1.0,0.0,0.241663,0.768628,0.451028,0.230644,1,warm,random,,,
0.878588,0.34931,0.086342,0.385202,0.0,1.0,0.0,0.0,1.0,0.0,0.952655,0.739447,0.638607,0.456727,3,lonely,random,,,
0.40462,0.208649,0.965805,0.813981,1.0,0.0,0.0,1.0,1.0,1.0,0.483667,0.622706,0.153845,0.846543,2,strange,random,,,
0.499082,0.050926,0.694767,0.390086,0.0,0.0,0.0,1.0,1.0,0.0,0.672605,0.308797,0.613364,0.959707,3,lonely,random,,,
0.089499,0.310832,0.574375,0.132914,0.0,0.0,0.0,1.0,1.0,0.0,0.988242,0.253316,0.457054,0.590611,0,quiet,random,,,
0.447216,0.784336,0.435583,0.205309,0,0,1,1,1,0,0.899884,0.196109,0.209606,0.196724,0,quiet,controlled_contrast,rainy_room,rainy_room_007,calm_high
0.582726,0.812747,0.853247,0.003567,1.0,0.0,1.0,1.0,1.0,0.0,0.6109,0.618656,0.963147,0.120113,0,quiet,random,,,
0.747093,0.224296,0.038123,0.160367,1,0,0,0,0,0,0.21785,0.215911,0.202762,0.911953,3,lonely,controlled_contrast,clear_day,clear_day_003,lonely_high
0.477499,0.208767,0.732189,0.623272,1.0,0.0,0.0,1.0,1.0,1.0,0.643415,0.590657,0.225207,0.234013,2,strange,random,,,
0.697083,0.937629,0.000883,0.045285,1.0,0.0,1.0,0.0,1.0,0.0,0.474954,0.724482,0.271373,0.402722,0,quiet,random,,,
0.525548,0.840425,0.098325,0.138125,0,0,1,0,1,0,0.18661,0.190262,0.914029,0.199087,3,lonely,controlled_contrast,humid_night,humid_night_053,warm_high
0.654336,0.097587,0.092005,0.444958,1.0,0.0,0.0,0.0,1.0,0.0,0.159706,0.179967,0.059438,0.565729,3,lonely,random,,,
0.090333,0.341628,0.001049,0.314534,1.0,0.0,0.0,0.0,0.0,0.0,0.520072,0.938572,0.276483,0.687669,2,strange,random,,,
0.254884,0.253058,0.955457,0.846707,1.0,0.0,0.0,1.0,1.0,1.0,0.184182,0.265534,0.427913,0.672575,2,strange,random,,,
0.557469,0.460174,0.916003,0.983262,1.0,0.0,0.0,1.0,1.0,1.0,0.735859,0.668974,0.150837,0.549436,2,strange,random,,,
0.32971,0.191984,0.964329,0.52804,0.0,0.0,0.0,1.0,1.0,1.0,0.822967,0.591599,0.427865,0.413028,2,strange,random,,,
0.492583,0.789336,0.752878,0.68052,0,0,1,1,1,1,0.185961,0.186918,0.896522,0.200097,3,lonely,controlled_contrast,stormy_weather,stormy_weather_038,warm_high
0.888256,0.805454,0.974052,0.028145,0.0,1.0,1.0,1.0,1.0,0.0,0.49074,0.339963,0.386918,0.253916,0,quiet,random,,,
0.43448,0.786281,0.755228,0.736375,0,0,1,1,1,1,0.210016,0.217868,0.885711,0.223408,3,lonely,controlled_contrast,stormy_weather,stormy_weather_071,warm_high
0.185813,0.49513,0.825371,0.922702,1.0,0.0,0.0,1.0,1.0,1.0,0.099722,0.177462,0.505778,0.60306,2,strange,random,,,
0.478212,0.251553,0.036333,0.197165,1,0,0,0,0,0,0.196138,0.201129,0.241715,0.919899,3,lonely,controlled_contrast,neutral_weather,neutral_weather_059,lonely_high
0.389511,0.894176,0.001271,0.756839,1.0,0.0,1.0,0.0,1.0,0.0,0.770324,0.471537,0.316487,0.436405,0,quiet,random,,,
0.467177,0.791877,0.106549,0.111496,0,0,1,0,1,0,0.217443,0.207541,0.893795,0.194644,3,lonely,controlled_contrast,humid_night,humid_night_073,warm_high
0.962928,0.4742,0.714583,0.704049,0.0,1.0,0.0,1.0,1.0,1.0,0.210827,0.690499,0.619368,0.560253,2,strange,random,,,
0.766004,0.2136,0.020877,0.188472,1,0,0,0,0,0,0.188969,0.206411,0.901186,0.209415,1,warm,controlled_contrast,clear_day,clear_day_079,warm_high
0.807183,0.888525,0.751974,0.055491,1.0,1.0,1.0,1.0,1.0,0.0,0.143594,0.540248,0.584129,0.529505,1,warm,random,,,
0.235785,0.27861,0.244453,0.517693,1.0,0.0,0.0,1.0,1.0,0.0,0.799704,0.615573,0.608572,0.568177,0,quiet,random,,,
0.82331,0.746618,0.009318,0.042596,0.0,1.0,0.0,0.0,1.0,0.0,0.615269,0.618368,0.935196,0.245225,1,warm,random,,,
0.72014,0.418404,0.730655,0.185696,1.0,0.0,0.0,1.0,1.0,0.0,0.536194,0.175768,0.92982,0.108125,1,warm,random,,,
0.611395,0.112963,0.055837,0.008372,1.0,0.0,0.0,0.0,0.0,0.0,0.916389,0.072097,0.530564,0.537182,1,warm,random,,,
0.969262,0.069388,0.51146,0.495454,1.0,1.0,0.0,1.0,1.0,0.0,0.439754,0.6045,0.324814,0.68488,1,warm,random,,,
0.947684,0.985429,0.053378,0.210238,0.0,1.0,1.0,0.0,0.0,0.0,0.344712,0.262418,0.932338,0.088726,1,warm,random,,,
0.461782,0.79805,0.073417,0.078683,0,0,1,0,1,0,0.187787,0.19572,0.886676,0.193853,3,lonely,controlled_contrast,humid_night,humid_night_069,warm_high
0.064824,0.197272,0.439885,0.844328,1.0,0.0,0.0,1.0,1.0,0.0,0.373103,0.44418,0.271794,0.964316,3,lonely,random,,,
0.782783,0.95265,0.038672,0.308243,1.0,1.0,1.0,0.0,0.0,0.0,0.584481,0.051665,0.320908,0.420204,1,warm,random,,,
0.013486,0.042293,0.003411,0.656969,0.0,0.0,0.0,0.0,0.0,0.0,0.386123,0.293481,0.953247,0.156433,1,warm,random,,,
0.705921,0.970244,0.69799,0.705723,1.0,0.0,1.0,1.0,1.0,1.0,0.722668,0.329773,0.661694,0.256341,0,quiet,random,,,
0.695429,0.825771,0.902182,0.775793,1.0,0.0,1.0,1.0,1.0,1.0,0.342177,0.725495,0.540764,0.581212,2,strange,random,,,
0.502629,0.235654,0.067484,0.230244,1,0,0,0,0,0,0.898237,0.193101,0.191336,0.202229,0,quiet,controlled_contrast,neutral_weather,neutral_weather_027,calm_high
0.142016,0.39522,0.716494,0.82682,1.0,0.0,0.0,1.0,1.0,1.0,0.682151,0.5222,0.910831,0.42951,2,strange,random,,,
0.990726,0.85708,0.282395,0.499068,0.0,1.0,1.0,1.0,1.0,0.0,0.509686,0.092183,0.153496,0.449974,3,lonely,random,,,
0.444879,0.787202,0.718189,0.714087,0,0,1,1,1,1,0.199899,0.207534,0.206059,0.896541,3,lonely,controlled_contrast,stormy_weather,stormy_weather_061,lonely_high
0.45739,0.089157,0.002804,0.166956,0.0,0.0,0.0,0.0,0.0,0.0,0.724242,0.952403,0.658292,0.404468,2,strange,random,,,
0.697722,0.68533,0.037946,0.9253,1.0,0.0,0.0,0.0,1.0,0.0,0.286272,0.054903,0.822426,0.459203,1,warm,random,,,
0.014403,0.252958,0.473863,0.875409,1.0,0.0,0.0,1.0,1.0,0.0,0.804186,0.551616,0.063201,0.476334,0,quiet,random,,,
0.273418,0.399269,0.63287,0.451043,1.0,0.0,0.0,1.0,1.0,0.0,0.089059,0.271237,0.370454,0.687923,3,lonely,random,,,
0.374287,0.813507,0.915424,0.648258,1.0,0.0,1.0,1.0,1.0,1.0,0.117059,0.157218,0.558995,0.692297,3,lonely,random,,,
0.305508,0.241917,0.016315,0.115312,1.0,0.0,0.0,0.0,0.0,0.0,0.626227,0.738095,0.584383,0.49065,1,warm,random,,,
0.852605,0.451648,0.078081,0.851822,1.0,1.0,0.0,0.0,0.0,0.0,0.685933,0.428365,0.437986,0.755593,1,warm,random,,,
0.450149,0.922751,0.118658,0.325083,0.0,0.0,1.0,0.0,1.0,0.0,0.405311,0.682854,0.562042,0.424992,3,lonely,random,,,
0.439186,0.90334,0.994458,0.920002,0.0,0.0,1.0,1.0,1.0,1.0,0.123095,0.470479,0.900356,0.217942,2,strange,random,,,
0.440165,0.752407,0.486747,0.18134,0,0,1,1,1,0,0.909797,0.195787,0.202532,0.20185,0,quiet,controlled_contrast,rainy_room,rainy_room_001,calm_high
0.421701,0.805697,0.44713,0.15688,0,0,1,1,1,0,0.221887,0.20177,0.919866,0.204428,3,lonely,controlled_contrast,rainy_room,rainy_room_034,warm_high
0.719299,0.240149,0.013052,0.162744,1,0,0,0,0,0,0.913645,0.179373,0.192176,0.202486,0,quiet,controlled_contrast,clear_day,clear_day_009,calm_high
0.501768,0.796877,0.704659,0.687836,0,0,1,1,1,1,0.196519,0.894615,0.204352,0.203796,2,strange,controlled_contrast,stormy_weather,stormy_weather_012,weird_high
0.061163,0.78453,0.130812,0.943524,0.0,0.0,1.0,0.0,1.0,0.0,0.887337,0.273571,0.287418,0.531403,3,lonely,random,,,
0.404384,0.773458,0.419662,0.182257,0,0,1,1,1,0,0.2112,0.18858,0.212534,0.874795,3,lonely,controlled_contrast,rainy_room,rainy_room_075,lonely_high
0.445006,0.21217,0.97522,0.994401,1.0,0.0,0.0,1.0,1.0,1.0,0.177813,0.748486,0.419425,0.306911,2,strange,random,,,
0.379426,0.395169,0.234809,0.010727,1.0,0.0,0.0,1.0,1.0,0.0,0.756188,0.057847,0.186266,0.642389,0,quiet,random,,,
0.381457,0.660082,0.432861,0.37966,1.0,0.0,0.0,1.0,1.0,0.0,0.636542,0.067715,0.215038,0.659735,0,quiet,random,,,
0.046897,0.908634,0.750846,0.634684,1.0,0.0,1.0,1.0,1.0,1.0,0.319904,0.38636,0.404211,0.501988,2,strange,random,,,
0.444268,0.74538,0.174559,0.621553,1.0,0.0,0.0,0.0,1.0,0.0,0.65201,0.792797,0.479889,0.392687,1,warm,random,,,
0.781501,0.425934,0.988288,0.938781,1.0,1.0,0.0,1.0,1.0,1.0,0.398516,0.978033,0.067328,0.392303,2,strange,random,,,
0.035781,0.987319,0.286854,0.633136,1.0,0.0,1.0,1.0,1.0,0.0,0.307971,0.259434,0.619737,0.057281,1,warm,random,,,
0.728459,0.207052,0.0,0.167598,1,0,0,0,0,0,0.894592,0.200014,0.199097,0.193676,0,quiet,controlled_contrast,clear_day,clear_day_012,calm_high
0.424197,0.804148,0.459773,0.207816,0,0,1,1,1,0,0.191174,0.904782,0.186868,0.189739,3,lonely,controlled_contrast,rainy_room,rainy_room_000,weird_high
0.749741,0.249,0.028631,0.163618,1,0,0,0,0,0,0.207067,0.904225,0.193263,0.179586,2,strange,controlled_contrast,clear_day,clear_day_000,weird_high
0.713645,0.241532,0.0,0.135386,1,0,0,0,0,0,0.181304,0.897782,0.20799,0.181864,1,warm,controlled_contrast,clear_day,clear_day_070,weird_high
0.470752,0.819737,0.106268,0.150886,0,0,1,0,1,0,0.89708,0.205024,0.18355,0.202829,0,quiet,controlled_contrast,humid_night,humid_night_039,calm_high
0.905571,0.057167,0.121484,0.001631,1.0,1.0,0.0,0.0,1.0,0.0,0.350995,0.245451,0.438459,0.07929,1,warm,random,,,
0.268073,0.580265,0.715152,0.840526,1.0,0.0,0.0,1.0,1.0,1.0,0.80327,0.454425,0.64018,0.477075,2,strange,random,,,
0.804634,0.770465,0.2651,0.679876,0.0,1.0,1.0,1.0,1.0,0.0,0.323885,0.497694,0.740035,0.235498,3,lonely,random,,,
0.785603,0.519973,0.488828,0.624843,1.0,1.0,0.0,1.0,1.0,0.0,0.532791,0.801808,0.183413,0.309963,0,quiet,random,,,
0.778404,0.271599,0.001881,0.127301,0.0,1.0,0.0,0.0,0.0,0.0,0.790469,0.061228,0.114369,0.690281,3,lonely,random,,,
0.666822,0.490611,0.355482,0.170461,1.0,0.0,0.0,1.0,1.0,0.0,0.202476,0.115502,0.163644,0.470469,3,lonely,random,,,
0.183317,0.176714,0.769815,0.457882,1.0,0.0,0.0,1.0,1.0,1.0,0.244228,0.135544,0.215227,0.603495,2,strange,random,,,
0.62494,0.773696,0.506299,0.304522,1.0,0.0,1.0,1.0,1.0,0.0,0.147107,0.122644,0.393376,0.427893,0,quiet,random,,,
0.190599,0.848148,0.817995,0.695088,0.0,0.0,1.0,1.0,1.0,1.0,0.76634,0.260397,0.090471,0.06996,0,quiet,random,,,
0.817379,0.418193,0.02727,0.163117,0.0,1.0,0.0,0.0,0.0,0.0,0.139599,0.586049,0.503891,0.635413,3,lonely,random,,,
0.041214,0.763135,0.724045,0.640372,1.0,0.0,1.0,1.0,1.0,1.0,0.316683,0.581158,0.188071,0.728728,2,strange,random,,,
0.490399,0.456532,0.447616,0.00883,1.0,0.0,0.0,1.0,1.0,0.0,0.080173,0.605211,0.544618,0.294736,1,warm,random,,,
0.464392,0.789191,0.703262,0.761852,0,0,1,1,1,1,0.20425,0.227989,0.892471,0.183587,3,lonely,controlled_contrast,stormy_weather,stormy_weather_069,warm_high
0.05413,0.497461,0.000387,0.779693,0.0,0.0,0.0,0.0,0.0,0.0,0.310018,0.294733,0.2775,0.530242,3,lonely,random,,,
0.935033,0.296351,0.003798,0.115963,1.0,1.0,0.0,0.0,0.0,0.0,0.2534,0.301796,0.690625,0.668486,1,warm,random,,,
0.43954,0.066992,0.083107,0.564062,0.0,0.0,0.0,0.0,1.0,0.0,0.909597,0.646064,0.215204,0.082638,0,quiet,random,,,
0.322842,0.713068,0.98993,0.66021,0.0,0.0,0.0,1.0,1.0,1.0,0.446934,0.607774,0.818863,0.363363,2,strange,random,,,
0.781852,0.906386,0.353751,0.09455,0.0,1.0,1.0,1.0,1.0,0.0,0.420006,0.206141,0.846292,0.251267,0,quiet,random,,,
0.545174,0.286122,0.0,0.213426,1,0,0,0,0,0,0.207519,0.896512,0.196636,0.197895,2,strange,controlled_contrast,neutral_weather,neutral_weather_056,weird_high
0.239276,0.038137,0.034174,0.534052,0.0,0.0,0.0,0.0,0.0,0.0,0.920166,0.638235,0.345765,0.390169,0,quiet,random,,,
0.496723,0.112782,0.467808,0.914219,1.0,0.0,0.0,1.0,1.0,0.0,0.302349,0.314819,0.735435,0.283867,1,warm,random,,,
0.502995,0.300314,0.678072,0.588332,1.0,0.0,0.0,1.0,1.0,1.0,0.363869,0.86056,0.709676,0.458412,2,strange,random,,,
0.760398,0.497748,0.160172,0.104899,0.0,1.0,0.0,0.0,1.0,0.0,0.400119,0.670853,0.314402,0.327761,3,lonely,random,,,
0.065458,0.727806,0.01454,0.596429,0.0,0.0,0.0,0.0,0.0,0.0,0.088841,0.743655,0.583706,0.06723,2,strange,random,,,
0.184657,0.454817,0.939224,0.583353,1.0,0.0,0.0,1.0,1.0,1.0,0.086224,0.389081,0.441138,0.477764,2,strange,random,,,
0.847559,0.14772,0.872694,0.472365,1.0,1.0,0.0,1.0,1.0,1.0,0.143675,0.720916,0.39162,0.582451,2,strange,random,,,
0.464257,0.79933,0.737517,0.713493,0,0,1,1,1,1,0.21747,0.902655,0.198746,0.191646,2,strange,controlled_contrast,stormy_weather,stormy_weather_001,weird_high
0.531019,0.268757,0.073058,0.223145,1,0,0,0,0,0,0.202017,0.195848,0.914947,0.1966,1,warm,controlled_contrast,neutral_weather,neutral_weather_074,warm_high
0.327259,0.25883,0.264314,0.021714,0.0,0.0,0.0,1.0,1.0,0.0,0.719724,0.502368,0.59751,0.591837,3,lonely,random,,,
0.59421,0.46345,0.008896,0.048094,1.0,0.0,0.0,0.0,0.0,0.0,0.172645,0.052085,0.399116,0.109973,1,warm,random,,,
0.446861,0.809978,0.725156,0.738833,0,0,1,1,1,1,0.198846,0.203027,0.212293,0.9179,3,lonely,controlled_contrast,stormy_weather,stormy_weather_050,lonely_high
0.451931,0.264526,0.0,0.20531,1,0,0,0,0,0,0.188535,0.205765,0.920097,0.198444,1,warm,controlled_contrast,neutral_weather,neutral_weather_002,warm_high
0.391132,0.916069,0.695538,0.197341,1.0,0.0,1.0,1.0,1.0,0.0,0.532387,0.629497,0.669045,0.481792,0,quiet,random,,,
0.626451,0.343822,0.419755,0.381819,0.0,0.0,0.0,1.0,1.0,0.0,0.902535,0.726152,0.193527,0.050987,0,quiet,random,,,
0.499481,0.808809,0.103136,0.15045,0,0,1,0,1,0,0.216106,0.873964,0.196773,0.207435,3,lonely,controlled_contrast,humid_night,humid_night_071,weird_high
0.144573,0.352776,0.92176,0.714753,0.0,0.0,0.0,1.0,1.0,1.0,0.487147,0.729734,0.36602,0.52501,2,strange,random,,,
0.563827,0.819656,0.445509,0.158082,0.0,0.0,1.0,1.0,1.0,0.0,0.473782,0.745906,0.263313,0.208689,0,quiet,random,,,
0.209634,0.283138,0.011014,0.098531,0.0,0.0,0.0,0.0,0.0,0.0,0.861606,0.053663,0.12074,0.749991,3,lonely,random,,,
0.725937,0.227445,0.0,0.175715,1,0,0,0,0,0,0.219636,0.90853,0.210542,0.195236,2,strange,controlled_contrast,clear_day,clear_day_021,weird_high
0.969849,0.060546,0.350347,0.031434,1.0,1.0,0.0,1.0,1.0,0.0,0.074663,0.654089,0.70478,0.303874,1,warm,random,,,
0.915854,0.855517,0.495037,0.102081,1.0,1.0,1.0,1.0,1.0,0.0,0.533168,0.620318,0.348894,0.941526,0,quiet,random,,,
0.330482,0.46712,0.406964,0.862432,0.0,0.0,0.0,1.0,1.0,0.0,0.960236,0.571845,0.154648,0.349194,0,quiet,random,,,
0.467614,0.352943,0.092152,0.747984,1.0,0.0,0.0,0.0,1.0,0.0,0.057021,0.452381,0.403163,0.298041,1,warm,random,,,
0.730541,0.782522,0.004468,0.456096,0.0,0.0,1.0,0.0,1.0,0.0,0.34246,0.231864,0.272555,0.266616,3,lonely,random,,,
0.544016,0.033858,0.07509,0.224956,0.0,0.0,0.0,0.0,0.0,0.0,0.679055,0.1856,0.729873,0.735629,3,lonely,random,,,
0.983471,0.26278,0.020018,0.555285,1.0,1.0,0.0,0.0,0.0,0.0,0.524498,0.266008,0.565738,0.449148,1,warm,random,,,
0.391146,0.480667,0.809289,0.972967,1.0,0.0,0.0,1.0,1.0,1.0,0.725144,0.317889,0.495438,0.097949,2,strange,random,,,
0.471338,0.151297,0.470942,0.744869,1.0,0.0,0.0,1.0,1.0,0.0,0.431611,0.267263,0.427169,0.683996,3,lonely,random,,,
0.224682,0.879008,0.04494,0.758625,0.0,0.0,1.0,0.0,1.0,0.0,0.761428,0.486768,0.552143,0.552541,3,lonely,random,,,
0.634973,0.254056,0.867463,0.71854,0.0,0.0,0.0,1.0,1.0,1.0,0.158169,0.583301,0.286694,0.230182,2,strange,random,,,
0.908979,0.274307,0.189818,0.916673,0.0,1.0,0.0,0.0,1.0,0.0,0.689348,0.47175,0.726947,0.163574,1,warm,random,,,
0.213388,0.232533,0.146308,0.939086,1.0,0.0,0.0,0.0,1.0,0.0,0.597698,0.531725,0.357541,0.89342,3,lonely,random,,,
0.467979,0.759845,0.496109,0.156493,0,0,1,1,1,0,0.192529,0.225936,0.199308,0.887115,3,lonely,controlled_contrast,rainy_room,rainy_room_032,lonely_high
0.413731,0.230072,0.408268,0.840133,1.0,0.0,0.0,1.0,1.0,0.0,0.131165,0.545581,0.117926,0.506895,3,lonely,random,,,
0.742128,0.26817,0.795284,0.82714,0.0,0.0,0.0,1.0,1.0,1.0,0.623343,0.661679,0.203903,0.676708,2,strange,random,,,
0.986404,0.87965,0.369611,0.873998,1.0,1.0,1.0,1.0,1.0,0.0,0.707408,0.718935,0.437605,0.26244,0,quiet,random,,,
0.527248,0.327705,0.833769,0.802259,1.0,0.0,0.0,1.0,1.0,1.0,0.637732,0.904045,0.2938,0.379244,2,strange,random,,,
0.077424,0.342136,0.031128,0.015745,1.0,0.0,0.0,0.0,0.0,0.0,0.474964,0.566112,0.577547,0.724332,1,warm,random,,,
0.241287,0.959657,0.88607,0.535509,0.0,0.0,1.0,1.0,1.0,1.0,0.673232,0.940647,0.286595,0.490078,2,strange,random,,,
0.432216,0.786528,0.722484,0.68929,0,0,1,1,1,1,0.209535,0.195767,0.910256,0.18297,3,lonely,controlled_contrast,stormy_weather,stormy_weather_018,warm_high
0.351212,0.223628,0.776981,0.385301,1.0,0.0,0.0,1.0,1.0,0.0,0.443031,0.244076,0.635262,0.356855,1,warm,random,,,
0.614012,0.638848,0.242283,0.013869,0.0,0.0,0.0,1.0,1.0,0.0,0.664186,0.701412,0.523125,0.271436,0,quiet,random,,,
0.06022,0.317785,0.985628,0.257238,1.0,0.0,0.0,1.0,1.0,0.0,0.728896,0.325717,0.704096,0.669001,0,quiet,random,,,
0.222171,0.214617,0.384197,0.49835,0.0,0.0,0.0,1.0,1.0,0.0,0.314886,0.089207,0.560881,0.077158,3,lonely,random,,,
0.50893,0.27307,0.033055,0.22166,1,0,0,0,0,0,0.216901,0.198935,0.195223,0.906172,3,lonely,controlled_contrast,neutral_weather,neutral_weather_009,lonely_high
0.135827,0.699841,0.077059,0.52496,1.0,0.0,0.0,0.0,1.0,0.0,0.49083,0.41004,0.734471,0.152871,1,warm,random,,,
0.75912,0.227025,0.0,0.154651,1,0,0,0,0,0,0.198921,0.198141,0.911309,0.20827,1,warm,controlled_contrast,clear_day,clear_day_001,warm_high
0.55249,0.134924,0.013394,0.382784,0.0,0.0,0.0,0.0,0.0,0.0,0.631193,0.952319,0.377458,0.345341,2,strange,random,,,
0.425916,0.814611,0.084313,0.129347,0,0,1,0,1,0,0.21531,0.226529,0.211225,0.885423,3,lonely,controlled_contrast,humid_night,humid_night_062,lonely_high
0.478225,0.517489,0.554975,0.247295,0.0,0.0,0.0,1.0,1.0,0.0,0.498926,0.670028,0.512996,0.104605,0,quiet,random,,,
0.977685,0.831012,0.000116,0.448944,1.0,1.0,1.0,0.0,0.0,0.0,0.590311,0.169998,0.744426,0.401543,1,warm,random,,,
0.043646,0.240432,0.049112,0.083664,1.0,0.0,0.0,0.0,0.0,0.0,0.366548,0.746135,0.353135,0.469429,1,warm,random,,,
0.823231,0.815315,0.689397,0.462808,0.0,1.0,1.0,1.0,1.0,1.0,0.382489,0.843762,0.645562,0.686119,3,lonely,random,,,
0.425807,0.224659,0.817561,0.021722,0.0,0.0,0.0,1.0,1.0,0.0,0.077431,0.164823,0.15142,0.841531,3,lonely,random,,,
0.09512,0.772414,0.91551,0.03244,1.0,0.0,1.0,1.0,1.0,0.0,0.368883,0.072115,0.304283,0.739777,0,quiet,random,,,
0.665367,0.813131,0.805864,0.148205,1.0,0.0,1.0,1.0,1.0,0.0,0.621682,0.675554,0.333439,0.326149,0,quiet,random,,,
0.988473,0.057449,0.685747,0.476781,1.0,1.0,0.0,1.0,1.0,1.0,0.442389,0.298136,0.128012,0.638881,2,strange,random,,,
0.478042,0.854424,0.044846,0.141675,0,0,1,0,1,0,0.202517,0.207039,0.91959,0.209377,3,lonely,controlled_contrast,humid_night,humid_night_015,warm_high
0.771995,0.111167,0.921652,0.854683,0.0,1.0,0.0,1.0,1.0,1.0,0.572883,0.450091,0.564431,0.409884,2,strange,random,,,
0.579698,0.084133,0.096627,0.174923,1.0,0.0,0.0,0.0,1.0,0.0,0.954149,0.364912,0.340662,0.078372,0,quiet,random,,,
0.500286,0.390335,0.726449,0.735059,0.0,0.0,0.0,1.0,1.0,1.0,0.429483,0.610455,0.569323,0.643712,3,lonely,random,,,
0.673403,0.270467,0.0,0.147069,1,0,0,0,0,0,0.883834,0.209832,0.186877,0.19916,0,quiet,controlled_contrast,clear_day,clear_day_014,calm_high
0.260541,0.380176,0.509204,0.125062,0.0,0.0,0.0,1.0,1.0,0.0,0.107688,0.217273,0.146762,0.415476,3,lonely,random,,,
0.863498,0.377801,0.460686,0.418027,1.0,1.0,0.0,1.0,1.0,0.0,0.435119,0.405756,0.825198,0.108899,1,warm,random,,,
0.809657,0.088229,0.37805,0.002733,1.0,1.0,0.0,1.0,1.0,0.0,0.272295,0.78497,0.696825,0.204716,1,warm,random,,,
0.335543,0.566467,0.285099,0.130241,0.0,0.0,0.0,1.0,1.0,0.0,0.951382,0.6808,0.746117,0.45257,0,quiet,random,,,
0.69811,0.20969,0.018532,0.110768,1,0,0,0,0,0,0.186656,0.194494,0.205876,0.916025,3,lonely,controlled_contrast,clear_day,clear_day_078,lonely_high
0.765725,0.083956,0.850842,0.758929,0.0,1.0,0.0,1.0,1.0,1.0,0.733226,0.382975,0.440414,0.136988,2,strange,random,,,
0.216932,0.098771,0.199444,0.005945,0.0,0.0,0.0,0.0,1.0,0.0,0.198634,0.434734,0.73042,0.8246,3,lonely,random,,,
0.90275,0.592746,0.009598,0.747199,1.0,1.0,0.0,0.0,0.0,0.0,0.400151,0.561166,0.274496,0.335133,1,warm,random,,,
0.401661,0.289507,0.349097,0.736462,1.0,0.0,0.0,1.0,1.0,0.0,0.456325,0.461907,0.18259,0.398273,0,quiet,random,,,
0.365228,0.69021,0.88128,0.64472,1.0,0.0,0.0,1.0,1.0,1.0,0.499511,0.239711,0.282128,0.456637,2,strange,random,,,
0.430898,0.771708,0.480983,0.191125,0,0,1,1,1,0,0.199746,0.193687,0.211766,0.903262,3,lonely,controlled_contrast,rainy_room,rainy_room_042,lonely_high
0.061709,0.707974,0.610667,0.296917,0.0,0.0,0.0,1.0,1.0,0.0,0.392292,0.128786,0.416707,0.086345,3,lonely,random,,,
0.533795,0.330503,0.05229,0.702355,1.0,0.0,0.0,0.0,0.0,0.0,0.531513,0.954072,0.183135,0.137764,2,strange,random,,,
0.784151,0.300525,0.671278,0.207185,1.0,1.0,0.0,1.0,1.0,0.0,0.220586,0.364276,0.739217,0.290635,1,warm,random,,,
0.914755,0.320262,0.26917,0.831004,1.0,1.0,0.0,1.0,1.0,0.0,0.232865,0.280814,0.087924,0.2445,1,warm,random,,,
0.320248,0.234916,0.3143,0.717733,0.0,0.0,0.0,1.0,1.0,0.0,0.308185,0.724224,0.603323,0.947973,3,lonely,random,,,
0.067004,0.064105,0.806217,0.645502,1.0,0.0,0.0,1.0,1.0,1.0,0.290412,0.663703,0.98903,0.548062,2,strange,random,,,
0.556327,0.317412,0.945984,0.63562,1.0,0.0,0.0,1.0,1.0,1.0,0.511506,0.741688,0.975223,0.098325,2,strange,random,,,
0.478042,0.854424,0.044846,0.141675,0,0,1,0,1,0,0.225088,0.210149,0.207973,0.891804,3,lonely,controlled_contrast,humid_night,humid_night_015,lonely_high
0.380071,0.430945,9.6e-05,0.670343,1.0,0.0,0.0,0.0,0.0,0.0,0.688716,0.734477,0.43879,0.705426,1,warm,random,,,
0.507875,0.801792,0.068082,0.089508,0,0,1,0,1,0,0.191073,0.204665,0.213261,0.904179,3,lonely,controlled_contrast,humid_night,humid_night_028,lonely_high
0.788417,0.102856,0.540363,0.037044,0.0,1.0,0.0,1.0,1.0,0.0,0.819797,0.245699,0.158683,0.638249,0,quiet,random,,,
0.200294,0.058931,0.002317,0.746914,1.0,0.0,0.0,0.0,0.0,0.0,0.654206,0.947794,0.087273,0.657627,2,strange,random,,,
0.954397,0.909988,0.908234,0.587134,1.0,1.0,1.0,1.0,1.0,1.0,0.175269,0.715254,0.686737,0.07723,2,strange,random,,,
0.522395,0.9366,0.918487,0.953499,1.0,0.0,1.0,1.0,1.0,1.0,0.302764,0.312362,0.159024,0.192881,2,strange,random,,,
0.643467,0.797563,0.727254,0.64646,1.0,0.0,1.0,1.0,1.0,1.0,0.087104,0.358792,0.478448,0.541084,2,strange,random,,,
0.695346,0.150153,0.943343,0.817578,1.0,0.0,0.0,1.0,1.0,1.0,0.211624,0.605035,0.165179,0.537329,2,strange,random,,,
0.418517,0.675576,0.895845,0.248563,1.0,0.0,0.0,1.0,1.0,0.0,0.556301,0.265644,0.270255,0.083136,0,quiet,random,,,
0.949194,0.398027,0.067563,0.23382,1.0,1.0,0.0,0.0,0.0,0.0,0.503916,0.984181,0.297068,0.157454,1,warm,random,,,
0.275751,0.288578,0.082311,0.545336,0.0,0.0,0.0,0.0,1.0,0.0,0.507145,0.749775,0.806157,0.080006,1,warm,random,,,
0.530646,0.241936,0.039288,0.186778,1,0,0,0,0,0,0.208063,0.193076,0.20127,0.900546,3,lonely,controlled_contrast,neutral_weather,neutral_weather_076,lonely_high
0.311729,0.939838,0.499896,0.367535,1.0,0.0,1.0,1.0,1.0,0.0,0.447932,0.193263,0.990975,0.376226,1,warm,random,,,
0.745856,0.396495,0.489222,0.51413,0.0,0.0,0.0,1.0,1.0,0.0,0.543968,0.554559,0.507109,0.43146,3,lonely,random,,,
0.181947,0.93758,0.517117,0.034636,1.0,0.0,1.0,1.0,1.0,0.0,0.237443,0.169674,0.226185,0.663219,0,quiet,random,,,
0.58555,0.769931,0.806905,0.477791,1.0,0.0,1.0,1.0,1.0,1.0,0.377811,0.583595,0.463431,0.507147,2,strange,random,,,
0.859603,0.580243,0.894194,0.656807,1.0,1.0,0.0,1.0,1.0,1.0,0.570461,0.748055,0.494685,0.653314,2,strange,random,,,
0.474025,0.800941,0.696671,0.742513,0,0,1,1,1,1,0.905255,0.187412,0.219848,0.190684,0,quiet,controlled_contrast,stormy_weather,stormy_weather_037,calm_high
0.743207,0.726357,0.929134,0.358576,1.0,0.0,0.0,1.0,1.0,0.0,0.215753,0.531566,0.463613,0.958262,3,lonely,random,,,
0.500285,0.76458,0.742341,0.727005,0,0,1,1,1,1,0.900449,0.187297,0.210068,0.186779,0,quiet,controlled_contrast,stormy_weather,stormy_weather_078,calm_high
0.594341,0.276313,0.072012,0.927283,0.0,0.0,0.0,0.0,0.0,0.0,0.241737,0.256668,0.759354,0.07234,1,warm,random,,,
0.191489,0.076486,0.005899,0.907186,1.0,0.0,0.0,0.0,0.0,0.0,0.277158,0.402664,0.216156,0.762267,1,warm,random,,,
0.293499,0.042269,0.385904,0.736354,0.0,0.0,0.0,1.0,1.0,0.0,0.57247,0.894002,0.331432,0.542624,3,lonely,random,,,
0.491426,0.806794,0.074683,0.150234,0,0,1,0,1,0,0.918101,0.197941,0.187498,0.206833,0,quiet,controlled_contrast,humid_night,humid_night_057,calm_high
0.177516,0.935097,0.973066,0.945141,0.0,0.0,1.0,1.0,1.0,1.0,0.200839,0.598982,0.395676,0.120055,2,strange,random,,,
0.224759,0.523736,0.475629,0.192208,1.0,0.0,0.0,1.0,1.0,0.0,0.418224,0.482617,0.577327,0.587382,1,warm,random,,,
0.526218,0.245458,0.042,0.206506,1,0,0,0,0,0,0.217601,0.221034,0.2068,0.905778,3,lonely,controlled_contrast,neutral_weather,neutral_weather_048,lonely_high
0.521184,0.733497,0.83955,0.098008,0.0,0.0,0.0,1.0,1.0,0.0,0.459331,0.495914,0.229729,0.732785,3,lonely,random,,,
0.478343,0.822513,0.063616,0.117257,0,0,1,0,1,0,0.900994,0.170835,0.206638,0.213365,0,quiet,controlled_contrast,humid_night,humid_night_000,calm_high
0.348044,0.093959,0.589302,0.01516,1.0,0.0,0.0,1.0,1.0,0.0,0.133386,0.171353,0.279197,0.093246,0,quiet,random,,,
0.623871,0.425754,0.972086,0.755637,1.0,0.0,0.0,1.0,1.0,1.0,0.160828,0.437225,0.116893,0.951387,2,strange,random,,,
0.468525,0.706008,0.041728,0.730956,1.0,0.0,0.0,0.0,0.0,0.0,0.205657,0.787182,0.10178,0.587863,2,strange,random,,,
0.725937,0.227445,0.0,0.175715,1,0,0,0,0,0,0.881184,0.196297,0.213024,0.220042,0,quiet,controlled_contrast,clear_day,clear_day_021,calm_high
0.519868,0.230758,0.269219,0.860414,1.0,0.0,0.0,1.0,1.0,0.0,0.308775,0.903478,0.299466,0.377591,2,strange,random,,,
0.350026,0.635539,0.476218,0.29276,0.0,0.0,0.0,1.0,1.0,0.0,0.600819,0.298492,0.36704,0.340917,3,lonely,random,,,
0.168569,0.120898,0.684242,0.89759,1.0,0.0,0.0,1.0,1.0,1.0,0.458368,0.137141,0.239408,0.529188,2,strange,random,,,
0.432376,0.883841,0.40105,0.865797,1.0,0.0,1.0,1.0,1.0,0.0,0.108185,0.563195,0.197146,0.38585,0,quiet,random,,,
0.683422,0.283673,0.733879,0.429793,0.0,0.0,0.0,1.0,1.0,0.0,0.558906,0.270849,0.452665,0.084378,0,quiet,random,,,
0.50368,0.293376,0.878762,0.450284,0.0,0.0,0.0,1.0,1.0,1.0,0.050845,0.840879,0.161157,0.571581,2,strange,random,,,
0.950257,0.326033,0.630504,0.050733,0.0,1.0,0.0,1.0,1.0,0.0,0.3307,0.687487,0.054035,0.212355,3,lonely,random,,,
0.684215,0.250163,0.32235,0.389546,1.0,0.0,0.0,1.0,1.0,0.0,0.255039,0.070928,0.548605,0.443362,1,warm,random,,,
0.262706,0.863558,0.008253,0.345716,1.0,0.0,1.0,0.0,1.0,0.0,0.789088,0.478836,0.219596,0.306486,0,quiet,random,,,
0.6894,0.354343,0.48731,0.77081,1.0,0.0,0.0,1.0,1.0,0.0,0.160282,0.681272,0.43719,0.749366,3,lonely,random,,,
0.497361,0.248492,0.038952,0.16642,1,0,0,0,0,0,0.186686,0.218692,0.897598,0.173933,1,warm,controlled_contrast,neutral_weather,neutral_weather_061,warm_high
0.405974,0.836441,0.631017,0.340991,1.0,0.0,1.0,1.0,1.0,0.0,0.560706,0.282574,0.793316,0.698472,0,quiet,random,,,
0.478343,0.822513,0.063616,0.117257,0,0,1,0,1,0,0.21936,0.196514,0.88034,0.212303,3,lonely,controlled_contrast,humid_night,humid_night_000,warm_high
0.725757,0.032812,0.058665,0.834523,0.0,0.0,0.0,0.0,0.0,0.0,0.162781,0.896165,0.626562,0.292517,2,strange,random,,,
0.443195,0.370968,0.794576,0.532629,0.0,0.0,0.0,1.0,1.0,1.0,0.401188,0.746489,0.086803,0.267249,2,strange,random,,,
0.342381,0.181546,0.323307,0.178185,0.0,0.0,0.0,1.0,1.0,0.0,0.608987,0.739976,0.69491,0.269843,0,quiet,random,,,
0.775992,0.754835,0.701614,0.450986,0.0,1.0,1.0,1.0,1.0,1.0,0.360526,0.92487,0.678473,0.381826,2,strange,random,,,
0.84579,0.447046,0.112483,0.982235,1.0,1.0,0.0,0.0,1.0,0.0,0.999064,0.27974,0.143495,0.379918,1,warm,random,,,
0.792433,0.823654,0.095435,0.095479,0.0,1.0,1.0,0.0,1.0,0.0,0.070506,0.400996,0.847355,0.289361,1,warm,random,,,
0.750605,0.281709,0.023688,0.141065,1,0,0,0,0,0,0.183123,0.211907,0.200807,0.91394,3,lonely,controlled_contrast,clear_day,clear_day_029,lonely_high
0.117168,0.090209,0.820935,0.232346,0.0,0.0,0.0,1.0,1.0,0.0,0.529172,0.837862,0.430043,0.371355,0,quiet,random,,,
0.14705,0.934633,0.342394,0.704875,1.0,0.0,1.0,1.0,1.0,0.0,0.22744,0.542845,0.275505,0.529742,3,lonely,random,,,
0.451429,0.769924,0.498682,0.190523,0,0,1,1,1,0,0.21498,0.922832,0.215328,0.212703,3,lonely,controlled_contrast,rainy_room,rainy_room_013,weird_high
0.933069,0.049741,0.931196,0.652748,1.0,1.0,0.0,1.0,1.0,1.0,0.247045,0.44353,0.563579,0.239693,2,strange,random,,,
0.686696,0.977979,0.429963,0.274061,0.0,0.0,1.0,1.0,1.0,0.0,0.457171,0.095539,0.102723,0.140865,0,quiet,random,,,
0.376513,0.160577,0.821527,0.821445,0.0,0.0,0.0,1.0,1.0,1.0,0.684789,0.49327,0.558888,0.058882,2,strange,random,,,
0.210982,0.038054,0.854629,0.227184,0.0,0.0,0.0,1.0,1.0,0.0,0.571754,0.290486,0.162867,0.579799,3,lonely,random,,,
0.657452,0.168603,0.554762,0.878356,0.0,0.0,0.0,1.0,1.0,0.0,0.711238,0.836061,0.488964,0.34678,0,quiet,random,,,
0.269961,0.739711,0.800926,0.688515,1.0,0.0,0.0,1.0,1.0,1.0,0.55809,0.663989,0.484363,0.96659,2,strange,random,,,
0.597795,0.484637,0.120765,0.047971,1.0,0.0,0.0,0.0,1.0,0.0,0.275196,0.179555,0.088502,0.829484,3,lonely,random,,,
0.123576,0.631477,0.123624,0.027611,0.0,0.0,0.0,0.0,1.0,0.0,0.723766,0.398466,0.112356,0.458008,3,lonely,random,,,
0.363206,0.767137,0.617634,0.358225,1.0,0.0,1.0,1.0,1.0,0.0,0.693567,0.502779,0.412351,0.381665,0,quiet,random,,,
0.409951,0.99677,0.004199,0.507651,1.0,0.0,1.0,0.0,1.0,0.0,0.701956,0.930473,0.08807,0.545042,3,lonely,random,,,
0.853982,0.494075,0.788248,0.529339,1.0,1.0,0.0,1.0,1.0,1.0,0.442313,0.182792,0.050847,0.212072,2,strange,random,,,
0.538515,0.039389,0.73982,0.566526,1.0,0.0,0.0,1.0,1.0,1.0,0.450072,0.471626,0.226653,0.630874,2,strange,random,,,
0.970487,0.120111,0.598173,0.106398,1.0,1.0,0.0,1.0,1.0,0.0,0.294601,0.659752,0.700732,0.372945,1,warm,random,,,
0.000573,0.242927,0.816377,0.573637,1.0,0.0,0.0,1.0,1.0,1.0,0.714913,0.246051,0.481773,0.908453,0,quiet,random,,,
0.57081,0.96859,0.285968,0.065452,1.0,0.0,1.0,1.0,1.0,0.0,0.888712,0.054443,0.223167,0.423292,0,quiet,random,,,
0.188034,0.236666,0.0048,0.162636,1.0,0.0,0.0,0.0,0.0,0.0,0.125718,0.342207,0.195399,0.787553,1,warm,random,,,
0.778559,0.940191,0.940121,0.957415,0.0,1.0,1.0,1.0,1.0,1.0,0.720066,0.529822,0.543753,0.288668,0,quiet,random,,,
0.230488,0.744951,0.0507,0.630797,0.0,0.0,0.0,0.0,0.0,0.0,0.666968,0.698339,0.610788,0.162597,3,lonely,random,,,
0.666485,0.553352,0.03602,0.891158,1.0,0.0,0.0,0.0,0.0,0.0,0.435157,0.6745,0.05963,0.141976,2,strange,random,,,
0.900789,0.693515,0.01402,0.318256,1.0,1.0,0.0,0.0,1.0,0.0,0.137575,0.341409,0.440489,0.25124,1,warm,random,,,
0.737962,0.424811,0.159474,0.831645,1.0,0.0,0.0,0.0,1.0,0.0,0.687705,0.444161,0.302648,0.502088,1,warm,random,,,
0.000492,0.502352,0.861636,0.106521,0.0,0.0,0.0,1.0,1.0,0.0,0.599719,0.413774,0.147889,0.554599,3,lonely,random,,,
0.162398,0.685225,0.148693,0.05289,0.0,0.0,0.0,0.0,1.0,0.0,0.390076,0.690294,0.919386,0.362495,3,lonely,random,,,
0.001925,0.527693,0.011902,0.911435,1.0,0.0,0.0,0.0,0.0,0.0,0.610883,0.214976,0.103516,0.839956,3,lonely,random,,,
0.873977,0.959621,0.764485,0.949261,1.0,1.0,1.0,1.0,1.0,1.0,0.716076,0.709235,0.099439,0.342571,2,strange,random,,,
0.432216,0.786528,0.722484,0.68929,0,0,1,1,1,1,0.197989,0.18354,0.191574,0.885748,3,lonely,controlled_contrast,stormy_weather,stormy_weather_018,lonely_high
0.462716,0.846971,0.164301,0.271985,1.0,0.0,1.0,0.0,1.0,0.0,0.679372,0.114579,0.683299,0.276609,1,warm,random,,,
0.731062,0.890432,0.667273,0.520576,1.0,0.0,1.0,1.0,1.0,1.0,0.388396,0.907122,0.662627,0.339723,2,strange,random,,,
0.006381,0.257457,0.393045,0.842156,1.0,0.0,0.0,1.0,1.0,0.0,0.505943,0.18819,0.288708,0.087124,0,quiet,random,,,
0.404399,0.292753,0.766198,0.907661,0.0,0.0,0.0,1.0,1.0,1.0,0.547158,0.114996,0.409931,0.148563,2,strange,random,,,
0.236554,0.65556,0.177526,0.305144,0.0,0.0,0.0,0.0,1.0,0.0,0.324102,0.576875,0.082299,0.283,3,lonely,random,,,
0.100772,0.383045,0.035786,0.904073,0.0,0.0,0.0,0.0,0.0,0.0,0.452272,0.410479,0.681873,0.882352,3,lonely,random,,,
0.518646,0.24433,0.059233,0.204622,1,0,0,0,0,0,0.904299,0.191412,0.221519,0.200082,0,quiet,controlled_contrast,neutral_weather,neutral_weather_012,calm_high
0.018538,0.23453,0.307154,0.672601,1.0,0.0,0.0,1.0,1.0,0.0,0.141718,0.396146,0.193986,0.121176,1,warm,random,,,
0.415409,0.170836,0.974062,0.785905,1.0,0.0,0.0,1.0,1.0,1.0,0.152147,0.679595,0.67818,0.714403,2,strange,random,,,
0.9062,0.189578,0.871662,0.554192,1.0,1.0,0.0,1.0,1.0,1.0,0.475241,0.344241,0.756592,0.680652,1,warm,random,,,
0.745917,0.276578,0.017468,0.156137,1,0,0,0,0,0,0.190861,0.217463,0.193394,0.930741,3,lonely,controlled_contrast,clear_day,clear_day_052,lonely_high
0.458185,0.795927,0.439585,0.194609,0,0,1,1,1,0,0.210865,0.205466,0.204467,0.874207,3,lonely,controlled_contrast,rainy_room,rainy_room_078,lonely_high
0.421308,0.78391,0.415725,0.135069,0,0,1,1,1,0,0.198149,0.202269,0.896044,0.191565,3,lonely,controlled_contrast,rainy_room,rainy_room_029,warm_high
0.940511,0.366745,0.071179,0.513647,1.0,1.0,0.0,0.0,0.0,0.0,0.259358,0.066172,0.1454,0.285051,1,warm,random,,,
0.719336,0.240912,0.24855,0.651911,1.0,0.0,0.0,1.0,1.0,0.0,0.264058,0.540297,0.575482,0.372217,1,warm,random,,,
0.441079,0.763247,0.692705,0.055853,1.0,0.0,1.0,1.0,1.0,0.0,0.650274,0.742331,0.703687,0.084545,0,quiet,random,,,
0.528156,0.641674,0.629788,0.380367,1.0,0.0,0.0,1.0,1.0,0.0,0.718875,0.697464,0.179243,0.353422,0,quiet,random,,,
0.435787,0.864616,0.105278,0.112967,0,0,1,0,1,0,0.203346,0.185833,0.91801,0.186442,3,lonely,controlled_contrast,humid_night,humid_night_056,warm_high
0.03088,0.693814,0.742481,0.970994,1.0,0.0,0.0,1.0,1.0,1.0,0.915894,0.690597,0.211231,0.625722,2,strange,random,,,
0.479695,0.276863,0.045971,0.212916,1,0,0,0,0,0,0.190044,0.197843,0.872317,0.189463,1,warm,controlled_contrast,neutral_weather,neutral_weather_077,warm_high
0.685814,0.561517,0.873113,0.841708,0.0,0.0,0.0,1.0,1.0,1.0,0.052923,0.402495,0.667766,0.219739,2,strange,random,,,
0.592615,0.769039,0.1246,0.245105,1.0,0.0,1.0,0.0,1.0,0.0,0.219276,0.417016,0.172313,0.532095,3,lonely,random,,,
0.62348,0.266328,0.00013,0.130361,0.0,0.0,0.0,0.0,0.0,0.0,0.416752,0.827349,0.061589,0.059105,2,strange,random,,,
0.491084,0.801383,0.72363,0.675825,0,0,1,1,1,1,0.187925,0.202249,0.889883,0.235335,3,lonely,controlled_contrast,stormy_weather,stormy_weather_006,warm_high
0.847629,0.845972,0.718964,0.204704,1.0,1.0,1.0,1.0,1.0,0.0,0.639106,0.346132,0.249784,0.584787,0,quiet,random,,,
0.851093,0.682724,0.032855,0.09822,0.0,1.0,0.0,0.0,0.0,0.0,0.996188,0.494389,0.463389,0.513991,3,lonely,random,,,
0.591652,0.421731,0.002407,0.134572,0.0,0.0,0.0,0.0,0.0,0.0,0.310074,0.80394,0.28875,0.583878,3,lonely,random,,,
0.453099,0.835509,0.061985,0.133706,0,0,1,0,1,0,0.182468,0.188796,0.214779,0.90039,3,lonely,controlled_contrast,humid_night,humid_night_026,lonely_high
0.59486,0.209935,0.0678,0.302608,1.0,0.0,0.0,0.0,0.0,0.0,0.64781,0.474537,0.691706,0.887733,1,warm,random,,,
0.60037,0.149719,0.249234,0.130424,1.0,0.0,0.0,1.0,1.0,0.0,0.481783,0.101654,0.507105,0.886912,3,lonely,random,,,
0.989794,0.733185,0.006592,0.737118,0.0,1.0,0.0,0.0,1.0,0.0,0.086214,0.41651,0.578174,0.923876,3,lonely,random,,,
0.455558,0.721518,0.43306,0.20287,0,0,1,1,1,0,0.92484,0.20693,0.19754,0.203632,0,quiet,controlled_contrast,rainy_room,rainy_room_058,calm_high
0.721491,0.611949,0.956991,0.59477,1.0,0.0,0.0,1.0,1.0,1.0,0.572358,0.907724,0.366547,0.716765,2,strange,random,,,
0.42564,0.791142,0.440276,0.150331,0,0,1,1,1,0,0.192614,0.193464,0.204902,0.90417,3,lonely,controlled_contrast,rainy_room,rainy_room_076,lonely_high
0.839056,0.081276,0.665149,0.41446,1.0,1.0,0.0,1.0,1.0,0.0,0.670577,0.725242,0.211264,0.109263,0,quiet,random,,,
0.140611,0.443195,0.004745,0.390537,1.0,0.0,0.0,0.0,0.0,0.0,0.391813,0.506278,0.733174,0.279263,1,warm,random,,,
0.513341,0.283734,0.037724,0.187577,1,0,0,0,0,0,0.210926,0.218095,0.181419,0.896878,3,lonely,controlled_contrast,neutral_weather,neutral_weather_064,lonely_high
0.766004,0.2136,0.020877,0.188472,1,0,0,0,0,0,0.205913,0.903601,0.208658,0.201203,1,warm,controlled_contrast,clear_day,clear_day_079,weird_high
0.428891,0.835822,0.646847,0.699953,0,0,1,1,1,1,0.216912,0.195945,0.869123,0.189206,3,lonely,controlled_contrast,stormy_weather,stormy_weather_056,warm_high
0.54191,0.927965,0.041352,0.744069,1.0,0.0,1.0,0.0,1.0,0.0,0.965626,0.617812,0.312634,0.08011,0,quiet,random,,,
0.452131,0.226592,0.014989,0.200035,1,0,0,0,0,0,0.206988,0.203853,0.202213,0.918477,3,lonely,controlled_contrast,neutral_weather,neutral_weather_015,lonely_high
0.000714,0.852856,0.04544,0.022004,0.0,0.0,1.0,0.0,1.0,0.0,0.675568,0.176231,0.695954,0.606829,3,lonely,random,,,
0.041654,0.667728,0.915234,0.825495,1.0,0.0,0.0,1.0,1.0,1.0,0.58282,0.569377,0.302963,0.759992,2,strange,random,,,
0.120996,0.673768,0.123724,0.565578,1.0,0.0,0.0,0.0,1.0,0.0,0.988772,0.654505,0.079555,0.284701,0,quiet,random,,,
0.457871,0.211359,0.050248,0.207994,1,0,0,0,0,0,0.18319,0.900848,0.203461,0.20631,2,strange,controlled_contrast,neutral_weather,neutral_weather_054,weird_high
0.231769,0.606319,0.589954,0.288005,0.0,0.0,0.0,1.0,1.0,0.0,0.277449,0.853776,0.276391,0.180959,3,lonely,random,,,
0.330906,0.079128,0.870434,0.846346,0.0,0.0,0.0,1.0,1.0,1.0,0.109325,0.64715,0.589169,0.105596,2,strange,random,,,
0.30589,0.07287,0.494594,0.700964,1.0,0.0,0.0,1.0,1.0,0.0,0.545396,0.955778,0.349342,0.167908,2,strange,random,,,
0.387962,0.816647,0.954779,0.690813,1.0,0.0,1.0,1.0,1.0,1.0,0.450534,0.213714,0.642296,0.32116,0,quiet,random,,,
0.917282,0.859588,0.00658,0.342437,1.0,1.0,1.0,0.0,1.0,0.0,0.845931,0.144489,0.058761,0.475853,0,quiet,random,,,
0.372875,0.815062,0.394412,0.379197,1.0,0.0,1.0,1.0,1.0,0.0,0.930948,0.353353,0.194359,0.543365,0,quiet,random,,,
0.939916,0.092524,0.673051,0.871033,0.0,1.0,0.0,1.0,1.0,1.0,0.456905,0.144081,0.746466,0.700359,3,lonely,random,,,
0.026709,0.280083,0.351827,0.132787,0.0,0.0,0.0,1.0,1.0,0.0,0.065476,0.507583,0.326064,0.914888,3,lonely,random,,,
0.170112,0.391347,0.012003,0.477516,0.0,0.0,0.0,0.0,0.0,0.0,0.466658,0.503054,0.971284,0.273386,1,warm,random,,,
0.618872,0.437577,0.735181,0.529144,1.0,0.0,0.0,1.0,1.0,1.0,0.488543,0.400637,0.565697,0.669792,2,strange,random,,,
0.731033,0.246938,0.110505,0.642978,1.0,0.0,0.0,0.0,1.0,0.0,0.617816,0.669221,0.741578,0.196314,1,warm,random,,,
0.17314,0.171604,0.798409,0.819726,1.0,0.0,0.0,1.0,1.0,1.0,0.145259,0.778631,0.110842,0.308482,2,strange,random,,,
0.72941,0.13615,0.575131,0.547324,1.0,0.0,0.0,1.0,1.0,0.0,0.658566,0.545303,0.661972,0.867975,0,quiet,random,,,
0.657036,0.62745,0.796478,0.486086,0.0,0.0,0.0,1.0,1.0,1.0,0.611919,0.46942,0.566975,0.50598,3,lonely,random,,,
0.571098,0.410464,0.050916,0.716305,1.0,0.0,0.0,0.0,0.0,0.0,0.586441,0.739742,0.423556,0.240587,1,warm,random,,,
0.361299,0.020314,0.576304,0.203774,0.0,0.0,0.0,1.0,1.0,0.0,0.203114,0.411703,0.622212,0.298791,3,lonely,random,,,
0.926076,0.902876,0.003265,0.280463,0.0,1.0,1.0,0.0,1.0,0.0,0.762632,0.451056,0.738485,0.417773,3,lonely,random,,,
0.377037,0.894861,0.092846,0.774214,0.0,0.0,1.0,0.0,1.0,0.0,0.447139,0.661963,0.258829,0.18583,3,lonely,random,,,
0.02239,0.655939,0.4251,0.269762,1.0,0.0,0.0,1.0,1.0,0.0,0.560666,0.48908,0.871457,0.509959,1,warm,random,,,
0.42185,0.544995,0.428666,0.104576,1.0,0.0,0.0,1.0,1.0,0.0,0.956499,0.615052,0.436025,0.334705,0,quiet,random,,,
0.818263,0.62197,0.950278,0.557406,1.0,1.0,0.0,1.0,1.0,1.0,0.083299,0.818496,0.732916,0.288742,2,strange,random,,,
0.210528,0.861302,0.389459,0.001656,1.0,0.0,1.0,1.0,1.0,0.0,0.895187,0.707144,0.320422,0.132717,0,quiet,random,,,
0.40809,0.945607,0.143017,0.704349,1.0,0.0,1.0,0.0,1.0,0.0,0.490726,0.395103,0.326801,0.077281,1,warm,random,,,
0.055665,0.028892,0.0,0.591821,1.0,0.0,0.0,0.0,0.0,0.0,0.446312,0.977966,0.320862,0.687149,2,strange,random,,,
0.771577,0.962643,0.529614,0.109297,1.0,1.0,1.0,1.0,1.0,0.0,0.122986,0.550461,0.140977,0.527528,3,lonely,random,,,
0.325075,0.509088,0.155796,0.012557,1.0,0.0,0.0,0.0,1.0,0.0,0.196604,0.433692,0.121242,0.42829,3,lonely,random,,,
0.443553,0.127269,0.181354,0.591751,1.0,0.0,0.0,0.0,1.0,0.0,0.213046,0.182342,0.657855,0.189121,1,warm,random,,,
0.404824,0.037968,0.826262,0.876211,1.0,0.0,0.0,1.0,1.0,1.0,0.576878,0.605169,0.297158,0.234337,2,strange,random,,,
0.402968,0.815805,0.492955,0.23077,0,0,1,1,1,0,0.904535,0.208589,0.203348,0.19537,0,quiet,controlled_contrast,rainy_room,rainy_room_009,calm_high
0.606144,0.591677,0.72759,0.673853,0.0,0.0,0.0,1.0,1.0,1.0,0.577632,0.592707,0.291997,0.06578,2,strange,random,,,
0.124803,0.463305,0.016122,0.112245,1.0,0.0,0.0,0.0,0.0,0.0,0.332753,0.071121,0.799739,0.210948,1,warm,random,,,
0.740316,0.112639,0.000309,0.089375,1.0,0.0,0.0,0.0,0.0,0.0,0.078739,0.751918,0.479749,0.184084,1,warm,random,,,
0.129607,0.841327,0.457899,0.113793,1.0,0.0,1.0,1.0,1.0,0.0,0.135193,0.156314,0.224973,0.646973,0,quiet,random,,,
0.140525,0.881884,0.002835,0.045902,1.0,0.0,1.0,0.0,1.0,0.0,0.466849,0.110734,0.527306,0.702406,3,lonely,random,,,
0.782845,0.409751,0.03116,0.498466,1.0,1.0,0.0,0.0,0.0,0.0,0.083815,0.327421,0.121733,0.561103,1,warm,random,,,
0.834368,0.352731,0.763344,0.847901,0.0,1.0,0.0,1.0,1.0,1.0,0.689744,0.86089,0.120868,0.33902,2,strange,random,,,
0.369338,0.802307,0.43594,0.179186,0,0,1,1,1,0,0.209298,0.907678,0.187944,0.205227,3,lonely,controlled_contrast,rainy_room,rainy_room_008,weird_high
0.032379,0.073336,0.036201,0.268,1.0,0.0,0.0,0.0,0.0,0.0,0.227163,0.961693,0.120556,0.214924,2,strange,random,,,
0.493826,0.2396,0.02192,0.229561,1,0,0,0,0,0,0.197901,0.201638,0.209903,0.894374,3,lonely,controlled_contrast,neutral_weather,neutral_weather_020,lonely_high
0.115645,0.406143,0.058794,0.177283,0.0,0.0,0.0,0.0,0.0,0.0,0.05195,0.967579,0.72599,0.446742,3,lonely,random,,,
0.421473,0.78362,0.466018,0.178598,0,0,1,1,1,0,0.186977,0.190942,0.915762,0.194925,3,lonely,controlled_contrast,rainy_room,rainy_room_020,warm_high
0.485523,0.803604,0.09697,0.117788,0,0,1,0,1,0,0.18789,0.905233,0.213109,0.197603,3,lonely,controlled_contrast,humid_night,humid_night_045,weird_high
0.996712,0.40089,0.088113,0.061084,1.0,1.0,0.0,0.0,1.0,0.0,0.496255,0.621497,0.188145,0.70449,1,warm,random,,,
0.871218,0.165955,0.089926,0.497868,1.0,1.0,0.0,0.0,1.0,0.0,0.133606,0.582651,0.870505,0.238365,1,warm,random,,,
0.030686,0.58502,0.052141,0.332888,1.0,0.0,0.0,0.0,0.0,0.0,0.238919,0.110232,0.543859,0.717826,1,warm,random,,,
0.379468,0.5562,0.683673,0.05463,1.0,0.0,0.0,1.0,1.0,0.0,0.655434,0.324932,0.223536,0.323874,0,quiet,random,,,
0.941411,0.70717,0.771134,0.592514,1.0,1.0,0.0,1.0,1.0,1.0,0.221998,0.407131,0.351264,0.084335,2,strange,random,,,
0.737635,0.236585,0.450986,0.087866,1.0,0.0,0.0,1.0,1.0,0.0,0.716861,0.298115,0.198845,0.533323,0,quiet,random,,,
0.218845,0.193905,0.751467,0.959972,1.0,0.0,0.0,1.0,1.0,1.0,0.162997,0.7815,0.585521,0.424473,2,strange,random,,,
0.632211,0.000231,0.019181,0.683123,1.0,0.0,0.0,0.0,0.0,0.0,0.279477,0.577555,0.611987,0.068,1,warm,random,,,
0.513693,0.833399,0.429549,0.830088,0.0,0.0,1.0,1.0,1.0,0.0,0.410383,0.237606,0.870001,0.529834,3,lonely,random,,,
0.953023,0.902029,0.738133,0.627252,0.0,1.0,1.0,1.0,1.0,1.0,0.112385,0.862387,0.626498,0.615443,2,strange,random,,,
0.808745,0.991472,0.002461,0.047643,0.0,1.0,1.0,0.0,1.0,0.0,0.806315,0.742833,0.384186,0.391035,3,lonely,random,,,
0.038182,0.954699,0.576304,0.626086,0.0,0.0,1.0,1.0,1.0,0.0,0.685287,0.753246,0.54052,0.414266,0,quiet,random,,,
0.98787,0.476519,0.362721,0.014744,0.0,1.0,0.0,1.0,1.0,0.0,0.379379,0.703971,0.353412,0.278993,3,lonely,random,,,
0.401062,0.910358,0.940436,0.678529,1.0,0.0,1.0,1.0,1.0,1.0,0.199844,0.994243,0.446896,0.748784,2,strange,random,,,
0.044192,0.086329,0.52202,0.361883,1.0,0.0,0.0,1.0,1.0,0.0,0.911584,0.241773,0.327309,0.543065,0,quiet,random,,,
0.494372,0.282169,0.096639,0.390123,1.0,0.0,0.0,0.0,1.0,0.0,0.51157,0.887785,0.303066,0.206823,2,strange,random,,,
0.770366,0.571309,0.11608,0.532481,0.0,1.0,0.0,0.0,1.0,0.0,0.900218,0.642635,0.414785,0.601873,3,lonely,random,,,
0.328594,0.728049,0.650236,0.624057,1.0,0.0,0.0,1.0,1.0,1.0,0.079938,0.711817,0.65439,0.736204,2,strange,random,,,
0.609411,0.624451,0.205531,0.27698,0.0,0.0,0.0,1.0,1.0,0.0,0.437781,0.365264,0.494576,0.534225,3,lonely,random,,,
0.885666,0.192051,0.373259,0.26571,0.0,1.0,0.0,1.0,1.0,0.0,0.979894,0.262777,0.591692,0.248031,0,quiet,random,,,
0.978421,0.120124,6e-06,0.732664,0.0,1.0,0.0,0.0,0.0,0.0,0.245278,0.371488,0.395292,0.054803,1,warm,random,,,
0.944641,0.292161,0.032307,0.511071,0.0,1.0,0.0,0.0,0.0,0.0,0.163432,0.64903,0.653365,0.737999,3,lonely,random,,,
0.685045,0.094019,0.969417,0.427725,0.0,0.0,0.0,1.0,1.0,0.0,0.316692,0.281672,0.240848,0.398471,3,lonely,random,,,
0.85603,0.645471,0.406548,0.587067,1.0,1.0,0.0,1.0,1.0,0.0,0.38975,0.969529,0.111333,0.346868,2,strange,random,,,
0.551185,0.183614,0.059663,0.033536,1.0,0.0,0.0,0.0,0.0,0.0,0.191956,0.204183,0.095565,0.892594,3,lonely,random,,,
0.363846,0.764615,0.428968,0.12244,0,0,1,1,1,0,0.238676,0.214993,0.177165,0.889858,3,lonely,controlled_contrast,rainy_room,rainy_room_064,lonely_high
0.425099,0.810997,0.479511,0.169871,0,0,1,1,1,0,0.196298,0.191477,0.212314,0.918548,3,lonely,controlled_contrast,rainy_room,rainy_room_072,lonely_high
0.036744,0.35715,0.706957,0.061904,0.0,0.0,0.0,1.0,1.0,0.0,0.627728,0.101196,0.990128,0.209645,0,quiet,random,,,
0.484933,0.829232,0.086345,0.152587,0,0,1,0,1,0,0.212308,0.188197,0.214722,0.915337,3,lonely,controlled_contrast,humid_night,humid_night_010,lonely_high
0.272738,0.147545,0.027675,0.391627,0.0,0.0,0.0,0.0,0.0,0.0,0.257965,0.993746,0.081017,0.423667,2,strange,random,,,
0.761132,0.1879,0.051723,0.865614,0.0,1.0,0.0,0.0,0.0,0.0,0.988946,0.406645,0.263172,0.624851,3,lonely,random,,,
0.634072,0.087128,0.859777,0.873959,0.0,0.0,0.0,1.0,1.0,1.0,0.627009,0.520112,0.225916,0.410875,2,strange,random,,,
0.494293,0.312641,0.068164,0.837347,0.0,0.0,0.0,0.0,0.0,0.0,0.388146,0.619358,0.525646,0.099159,2,strange,random,,,
0.070845,0.201866,0.06433,0.618914,0.0,0.0,0.0,0.0,0.0,0.0,0.994458,0.725916,0.666864,0.382465,0,quiet,random,,,
0.547367,0.471171,0.667667,0.041256,0.0,0.0,0.0,1.0,1.0,0.0,0.721748,0.115099,0.600304,0.066156,0,quiet,random,,,
0.513634,0.949575,0.000635,0.870006,0.0,0.0,1.0,0.0,1.0,0.0,0.054762,0.536982,0.168437,0.740718,3,lonely,random,,,
0.825697,0.128302,0.816355,0.4685,0.0,1.0,0.0,1.0,1.0,1.0,0.523535,0.932407,0.270456,0.47207,2,strange,random,,,
0.898068,0.920006,0.997121,0.632959,1.0,1.0,1.0,1.0,1.0,1.0,0.13517,0.228916,0.475441,0.825638,3,lonely,random,,,
0.901106,0.721892,0.026817,0.170835,1.0,1.0,0.0,0.0,1.0,0.0,0.165168,0.8459,0.565468,0.20328,1,warm,random,,,
0.280026,0.663942,0.521732,0.309152,1.0,0.0,0.0,1.0,1.0,0.0,0.58692,0.280743,0.747062,0.150791,1,warm,random,,,
0.411754,0.78489,0.711924,0.706794,0,0,1,1,1,1,0.208096,0.19339,0.906418,0.203135,3,lonely,controlled_contrast,stormy_weather,stormy_weather_023,warm_high
0.127392,0.259388,0.132517,0.773203,0.0,0.0,0.0,0.0,1.0,0.0,0.437139,0.948403,0.402588,0.14036,2,strange,random,,,
0.430898,0.771708,0.480983,0.191125,0,0,1,1,1,0,0.178096,0.900008,0.200769,0.18459,3,lonely,controlled_contrast,rainy_room,rainy_room_042,weird_high
0.494511,0.682698,0.004914,0.799856,1.0,0.0,0.0,0.0,1.0,0.0,0.323385,0.190835,0.71574,0.645974,1,warm,random,,,
0.413526,0.863321,0.349329,0.85986,0.0,0.0,1.0,1.0,1.0,0.0,0.290351,0.469298,0.564169,0.65161,3,lonely,random,,,
0.464031,0.775893,0.732915,0.735028,0,0,1,1,1,1,0.196471,0.206743,0.211014,0.894239,3,lonely,controlled_contrast,stormy_weather,stormy_weather_005,lonely_high
0.005407,0.45917,0.490217,0.003509,1.0,0.0,0.0,1.0,1.0,0.0,0.686366,0.171785,0.078752,0.951224,0,quiet,random,,,
0.050836,0.665555,0.043467,0.163332,1.0,0.0,0.0,0.0,0.0,0.0,0.823923,0.709437,0.113272,0.248146,0,quiet,random,,,
0.446425,0.789636,0.768671,0.741157,0,0,1,1,1,1,0.194589,0.206864,0.202181,0.90452,3,lonely,controlled_contrast,stormy_weather,stormy_weather_064,lonely_high
0.0836,0.283794,0.617271,0.306182,1.0,0.0,0.0,1.0,1.0,0.0,0.924064,0.574793,0.218067,0.134356,0,quiet,random,,,
0.453771,0.377129,0.00404,0.60286,1.0,0.0,0.0,0.0,0.0,0.0,0.655078,0.415173,0.50096,0.839438,1,warm,random,,,
0.181808,0.834073,0.025155,0.780911,1.0,0.0,1.0,0.0,1.0,0.0,0.312449,0.378549,0.419725,0.456137,1,warm,random,,,
0.751608,0.428898,0.355139,0.709999,0.0,1.0,0.0,1.0,1.0,0.0,0.517121,0.982102,0.229672,0.140223,2,strange,random,,,
0.477379,0.257065,0.221265,0.207044,0.0,0.0,0.0,1.0,1.0,0.0,0.127112,0.473562,0.312088,0.432378,3,lonely,random,,,
0.126754,0.569243,0.248376,0.370914,1.0,0.0,0.0,1.0,1.0,0.0,0.202556,0.740465,0.058995,0.227739,2,strange,random,,,
0.435787,0.864616,0.105278,0.112967,0,0,1,0,1,0,0.193987,0.207679,0.208842,0.90737,3,lonely,controlled_contrast,humid_night,humid_night_056,lonely_high
0.528299,0.875265,0.499331,0.599711,1.0,0.0,1.0,1.0,1.0,0.0,0.442576,0.312872,0.616653,0.470561,0,quiet,random,,,
0.488718,0.935227,0.835945,0.23012,1.0,0.0,1.0,1.0,1.0,0.0,0.267723,0.47254,0.342222,0.425918,0,quiet,random,,,
0.562002,0.782628,0.905177,0.736369,1.0,0.0,1.0,1.0,1.0,1.0,0.193727,0.12637,0.096183,0.105094,2,strange,random,,,
0.571114,0.042596,0.935764,0.843957,1.0,0.0,0.0,1.0,1.0,1.0,0.076047,0.529496,0.7051,0.710999,2,strange,random,,,
0.85521,0.262055,0.702442,0.697716,1.0,1.0,0.0,1.0,1.0,1.0,0.897139,0.581876,0.262076,0.224281,2,strange,random,,,
0.066083,0.832561,0.881249,0.94622,1.0,0.0,1.0,1.0,1.0,1.0,0.490169,0.61713,0.862011,0.399974,2,strange,random,,,
0.873862,0.200737,0.92831,0.459865,0.0,1.0,0.0,1.0,1.0,1.0,0.096543,0.688252,0.052674,0.152732,2,strange,random,,,
0.110799,0.179155,0.438217,0.171631,1.0,0.0,0.0,1.0,1.0,0.0,0.902121,0.295298,0.520609,0.483025,0,quiet,random,,,
0.629501,0.649931,0.084389,0.264623,0.0,0.0,0.0,0.0,1.0,0.0,0.40061,0.826499,0.1421,0.194937,3,lonely,random,,,
0.572096,0.965188,0.442951,0.328801,0.0,0.0,1.0,1.0,1.0,0.0,0.097613,0.641777,0.640154,0.625104,3,lonely,random,,,
0.719289,0.257703,0.0,0.135752,1,0,0,0,0,0,0.185384,0.912772,0.212976,0.202725,2,strange,controlled_contrast,clear_day,clear_day_077,weird_high
0.049974,0.118605,0.0411,0.446684,0.0,0.0,0.0,0.0,0.0,0.0,0.864274,0.580728,0.382842,0.150116,0,quiet,random,,,
0.428645,0.779374,0.736634,0.768967,0,0,1,1,1,1,0.203748,0.187257,0.917074,0.217503,3,lonely,controlled_contrast,stormy_weather,stormy_weather_025,warm_high
0.901211,0.384924,0.46064,0.338685,1.0,1.0,0.0,1.0,1.0,0.0,0.274986,0.54079,0.100827,0.791759,3,lonely,random,,,
0.050117,0.515226,0.127921,0.283442,0.0,0.0,0.0,0.0,1.0,0.0,0.396231,0.72279,0.342069,0.664189,3,lonely,random,,,
0.492583,0.789336,0.752878,0.68052,0,0,1,1,1,1,0.912083,0.184415,0.184611,0.21233,0,quiet,controlled_contrast,stormy_weather,stormy_weather_038,calm_high
0.424197,0.804148,0.459773,0.207816,0,0,1,1,1,0,0.189412,0.189466,0.213455,0.901121,3,lonely,controlled_contrast,rainy_room,rainy_room_000,lonely_high
0.060407,0.335476,0.118558,0.748195,1.0,0.0,0.0,0.0,1.0,0.0,0.121221,0.896594,0.060884,0.212419,2,strange,random,,,
0.403787,0.773168,0.458253,0.19176,0,0,1,1,1,0,0.212357,0.887258,0.198473,0.194155,3,lonely,controlled_contrast,rainy_room,rainy_room_022,weird_high
0.94247,0.18456,0.044048,0.109549,1.0,1.0,0.0,0.0,0.0,0.0,0.378352,0.926782,0.717032,0.567072,1,warm,random,,,
0.956704,0.226227,0.408569,0.005462,1.0,1.0,0.0,1.0,1.0,0.0,0.365015,0.383436,0.306777,0.517051,1,warm,random,,,
0.145976,0.516499,0.386256,0.086957,1.0,0.0,0.0,1.0,1.0,0.0,0.355168,0.92629,0.577033,0.241279,1,warm,random,,,
0.50893,0.27307,0.033055,0.22166,1,0,0,0,0,0,0.892641,0.182049,0.212451,0.178134,0,quiet,controlled_contrast,neutral_weather,neutral_weather_009,calm_high
0.718407,0.652395,0.673347,0.489209,1.0,0.0,0.0,1.0,1.0,1.0,0.411218,0.278761,0.273877,0.330758,2,strange,random,,,
0.457912,0.247805,0.027255,0.199346,1,0,0,0,0,0,0.215541,0.206947,0.217484,0.915885,3,lonely,controlled_contrast,neutral_weather,neutral_weather_040,lonely_high
0.426164,0.778149,0.434353,0.177893,0,0,1,1,1,0,0.194962,0.900939,0.202881,0.190774,3,lonely,controlled_contrast,rainy_room,rainy_room_056,weird_high
0.330207,0.990131,0.911363,0.795604,0.0,0.0,1.0,1.0,1.0,1.0,0.143041,0.742649,0.522308,0.393448,2,strange,random,,,
0.927604,0.793976,0.86638,0.203859,0.0,1.0,1.0,1.0,1.0,0.0,0.85444,0.288189,0.528937,0.376091,0,quiet,random,,,
0.714412,0.782755,0.103104,0.022688,1.0,0.0,1.0,0.0,1.0,0.0,0.352797,0.920963,0.566674,0.15394,1,warm,random,,,
0.330019,0.137937,0.491983,0.380091,0.0,0.0,0.0,1.0,1.0,0.0,0.412143,0.639541,0.256867,0.918212,3,lonely,random,,,
0.641311,0.150978,0.204797,0.546529,0.0,0.0,0.0,1.0,1.0,0.0,0.086023,0.315845,0.745029,0.154969,3,lonely,random,,,
0.388549,0.360343,0.452746,0.066953,0.0,0.0,0.0,1.0,1.0,0.0,0.226126,0.136333,0.76094,0.49247,3,lonely,random,,,
0.404384,0.773458,0.419662,0.182257,0,0,1,1,1,0,0.196094,0.880269,0.195214,0.211002,3,lonely,controlled_contrast,rainy_room,rainy_room_075,weird_high
0.409338,0.760226,0.487325,0.186829,0,0,1,1,1,0,0.18572,0.209643,0.911604,0.203496,3,lonely,controlled_contrast,rainy_room,rainy_room_019,warm_high
0.0432,0.754981,0.155118,0.409085,1.0,0.0,1.0,0.0,1.0,0.0,0.893655,0.171533,0.470838,0.58247,0,quiet,random,,,
0.294145,0.961267,0.684444,0.602735,0.0,0.0,1.0,1.0,1.0,1.0,0.364097,0.564017,0.867694,0.058076,2,strange,random,,,
0.817794,0.574936,0.255037,0.585512,0.0,1.0,0.0,1.0,1.0,0.0,0.207347,0.052861,0.986095,0.43749,1,warm,random,,,
0.741023,0.39544,0.798458,0.828581,1.0,0.0,0.0,1.0,1.0,1.0,0.179238,0.480106,0.206386,0.125335,2,strange,random,,,
0.694796,0.767046,0.826301,0.89105,1.0,0.0,1.0,1.0,1.0,1.0,0.180493,0.309811,0.206627,0.531791,2,strange,random,,,
0.455782,0.694002,0.628071,0.421082,1.0,0.0,0.0,1.0,1.0,0.0,0.317297,0.492261,0.376112,0.294177,0,quiet,random,,,
0.300373,0.329727,0.016625,0.261933,0.0,0.0,0.0,0.0,0.0,0.0,0.118163,0.29736,0.468907,0.069957,1,warm,random,,,
0.72062,0.395915,0.038511,0.360891,1.0,0.0,0.0,0.0,0.0,0.0,0.126335,0.976449,0.258919,0.389086,2,strange,random,,,
0.705968,0.139642,0.895115,0.524,1.0,0.0,0.0,1.0,1.0,1.0,0.158061,0.64404,0.724319,0.33366,2,strange,random,,,
0.798565,0.066136,0.444097,0.679417,1.0,1.0,0.0,1.0,1.0,0.0,0.795297,0.069075,0.11806,0.685884,0,quiet,random,,,
0.382542,0.244558,0.872496,0.247698,1.0,0.0,0.0,1.0,1.0,0.0,0.340696,0.528413,0.71618,0.233963,1,warm,random,,,
0.795666,0.290404,0.867769,0.971271,0.0,1.0,0.0,1.0,1.0,1.0,0.613176,0.292902,0.272462,0.410221,2,strange,random,,,
0.199055,0.825563,0.179586,0.193597,1.0,0.0,1.0,0.0,1.0,0.0,0.763407,0.202601,0.199093,0.165137,0,quiet,random,,,
0.647151,0.268364,0.004799,0.182842,1,0,0,0,0,0,0.211977,0.877786,0.189251,0.176035,2,strange,controlled_contrast,clear_day,clear_day_068,weird_high
0.092529,0.583151,0.011611,0.311313,0.0,0.0,0.0,0.0,0.0,0.0,0.369016,0.090732,0.334098,0.910391,3,lonely,random,,,
0.001607,0.351799,0.002338,0.383767,0.0,0.0,0.0,0.0,0.0,0.0,0.112233,0.551431,0.771711,0.359126,1,warm,random,,,
0.753326,0.74603,0.875684,0.759087,0.0,1.0,0.0,1.0,1.0,1.0,0.102873,0.60826,0.240783,0.106116,2,strange,random,,,
0.455558,0.721518,0.43306,0.20287,0,0,1,1,1,0,0.187451,0.918908,0.188927,0.215812,3,lonely,controlled_contrast,rainy_room,rainy_room_058,weird_high
0.500545,0.019819,0.014964,0.001233,1.0,0.0,0.0,0.0,0.0,0.0,0.456531,0.29829,0.299804,0.714836,1,warm,random,,,
0.521384,0.476564,0.183577,0.009675,1.0,0.0,0.0,0.0,1.0,0.0,0.662619,0.415569,0.834608,0.067328,1,warm,random,,,
0.653226,0.669506,0.971765,0.897993,1.0,0.0,0.0,1.0,1.0,1.0,0.122353,0.409434,0.242715,0.531371,2,strange,random,,,
0.15984,0.351528,3e-06,0.241063,1.0,0.0,0.0,0.0,0.0,0.0,0.374917,0.197093,0.204366,0.200975,1,warm,random,,,
0.678422,0.821746,0.212118,0.178011,1.0,0.0,1.0,1.0,1.0,0.0,0.445327,0.34758,0.194537,0.069981,0,quiet,random,,,
0.016271,0.850822,0.261678,0.233402,0.0,0.0,1.0,1.0,1.0,0.0,0.287087,0.703872,0.451769,0.980774,3,lonely,random,,,
0.258987,0.4304,0.180639,0.259751,0.0,0.0,0.0,0.0,1.0,0.0,0.184107,0.10448,0.445782,0.282911,3,lonely,random,,,
0.490711,0.256706,0.058635,0.23606,1,0,0,0,0,0,0.200845,0.898375,0.19574,0.198875,2,strange,controlled_contrast,neutral_weather,neutral_weather_019,weird_high
0.188214,0.158512,0.024089,0.200498,1.0,0.0,0.0,0.0,0.0,0.0,0.314628,0.051547,0.94108,0.609531,1,warm,random,,,
0.962133,0.739718,0.246236,0.336482,1.0,1.0,0.0,1.0,1.0,0.0,0.682591,0.563617,0.241996,0.723754,0,quiet,random,,,
0.467177,0.791877,0.106549,0.111496,0,0,1,0,1,0,0.196978,0.914151,0.193441,0.215572,3,lonely,controlled_contrast,humid_night,humid_night_073,weird_high
0.868506,0.301921,0.014739,0.719982,1.0,1.0,0.0,0.0,0.0,0.0,0.065482,0.229981,0.319608,0.245487,1,warm,random,,,
0.441308,0.053799,0.693039,0.01372,0.0,0.0,0.0,1.0,1.0,0.0,0.700157,0.689581,0.187571,0.680677,3,lonely,random,,,
0.914436,0.194978,0.442205,0.328555,1.0,1.0,0.0,1.0,1.0,0.0,0.962391,0.707948,0.655816,0.522499,0,quiet,random,,,
0.657707,0.166472,0.176879,0.771296,1.0,0.0,0.0,0.0,1.0,0.0,0.574557,0.87595,0.146065,0.61802,2,strange,random,,,
0.728459,0.207052,0.0,0.167598,1,0,0,0,0,0,0.182265,0.202416,0.892258,0.218103,1,warm,controlled_contrast,clear_day,clear_day_012,warm_high
0.523141,0.977003,0.131068,0.976395,1.0,0.0,1.0,0.0,1.0,0.0,0.32042,0.940676,0.279137,0.445393,2,strange,random,,,
0.173136,0.7142,0.211103,0.169416,1.0,0.0,0.0,1.0,1.0,0.0,0.231482,0.737457,0.863864,0.342366,1,warm,random,,,
0.613006,0.408722,0.012332,0.343384,1.0,0.0,0.0,0.0,0.0,0.0,0.986314,0.697287,0.583685,0.26078,1,warm,random,,,
0.662459,0.322734,0.227,0.974208,1.0,0.0,0.0,1.0,1.0,0.0,0.289309,0.743408,0.197592,0.42473,2,strange,random,,,
0.936721,0.517393,0.415118,0.261266,1.0,1.0,0.0,1.0,1.0,0.0,0.421362,0.319542,0.706411,0.950963,1,warm,random,,,
0.483596,0.804865,0.674204,0.718798,0,0,1,1,1,1,0.186887,0.191568,0.906068,0.200843,3,lonely,controlled_contrast,stormy_weather,stormy_weather_009,warm_high
0.577978,0.242837,0.842573,0.560266,1.0,0.0,0.0,1.0,1.0,1.0,0.726297,0.320883,0.214515,0.536973,0,quiet,random,,,
0.853686,0.40843,0.423833,0.867261,0.0,1.0,0.0,1.0,1.0,0.0,0.613365,0.489425,0.247623,0.208231,3,lonely,random,,,
0.488173,0.790434,0.711747,0.736614,0,0,1,1,1,1,0.193073,0.198286,0.211973,0.91075,3,lonely,controlled_contrast,stormy_weather,stormy_weather_007,lonely_high
0.059806,0.885099,0.096099,0.015791,0.0,0.0,1.0,0.0,1.0,0.0,0.911681,0.197507,0.061228,0.713379,3,lonely,random,,,
0.280052,0.326641,0.098773,0.302926,0.0,0.0,0.0,0.0,1.0,0.0,0.635555,0.104109,0.88138,0.172036,1,warm,random,,,
0.523258,0.268434,0.052698,0.204097,1,0,0,0,0,0,0.213622,0.210932,0.915234,0.204011,1,warm,controlled_contrast,neutral_weather,neutral_weather_070,warm_high
0.814546,0.870385,0.001409,0.815931,1.0,1.0,1.0,0.0,1.0,0.0,0.42907,0.308504,0.730805,0.532715,1,warm,random,,,
0.033979,0.143039,0.430993,0.227182,0.0,0.0,0.0,1.0,1.0,0.0,0.691128,0.128325,0.42849,0.446068,0,quiet,random,,,
0.820103,0.938529,0.578534,0.004691,1.0,1.0,1.0,1.0,1.0,0.0,0.258695,0.761928,0.138401,0.633134,0,quiet,random,,,
0.387436,0.111972,0.07686,0.706675,1.0,0.0,0.0,0.0,0.0,0.0,0.691347,0.792629,0.157897,0.283855,2,strange,random,,,
0.537034,0.405509,0.967085,0.822217,1.0,0.0,0.0,1.0,1.0,1.0,0.472352,0.445595,0.521521,0.999362,2,strange,random,,,
0.366627,0.76286,0.490121,0.195175,0,0,1,1,1,0,0.20789,0.219503,0.215115,0.895278,3,lonely,controlled_contrast,rainy_room,rainy_room_071,lonely_high
0.322738,0.272394,0.205915,0.514223,1.0,0.0,0.0,1.0,1.0,0.0,0.320867,0.962516,0.145341,0.088463,2,strange,random,,,
0.063145,0.451209,0.06807,0.741552,1.0,0.0,0.0,0.0,0.0,0.0,0.746624,0.269855,0.072617,0.2749,0,quiet,random,,,
0.751726,0.234695,0.0,0.155301,1,0,0,0,0,0,0.175215,0.890742,0.192396,0.190055,1,warm,controlled_contrast,clear_day,clear_day_020,weird_high
0.749611,0.194563,0.268436,0.318813,1.0,0.0,0.0,1.0,1.0,0.0,0.373489,0.645827,0.748599,0.487335,1,warm,random,,,
0.489049,0.811703,0.109247,0.132268,0,0,1,0,1,0,0.904572,0.195693,0.197585,0.198213,0,quiet,controlled_contrast,humid_night,humid_night_013,calm_high
0.054338,0.703773,0.038427,0.009315,0.0,0.0,0.0,0.0,0.0,0.0,0.665603,0.596327,0.717451,0.095357,1,warm,random,,,
0.233564,0.743403,0.860363,0.996797,1.0,0.0,0.0,1.0,1.0,1.0,0.48339,0.06381,0.745903,0.275649,1,warm,random,,,
0.674429,0.201582,0.340439,0.865119,1.0,0.0,0.0,1.0,1.0,0.0,0.328033,0.666901,0.465761,0.153448,1,warm,random,,,
0.411754,0.78489,0.711924,0.706794,0,0,1,1,1,1,0.904764,0.220695,0.202258,0.206535,0,quiet,controlled_contrast,stormy_weather,stormy_weather_023,calm_high
0.37452,0.277084,0.080344,0.928043,0.0,0.0,0.0,0.0,1.0,0.0,0.359186,0.670931,0.717831,0.182459,3,lonely,random,,,
0.559296,0.494688,0.901736,0.832593,1.0,0.0,0.0,1.0,1.0,1.0,0.093278,0.375896,0.682341,0.561282,2,strange,random,,,
0.451055,0.772826,0.444089,0.137423,0,0,1,1,1,0,0.191783,0.872951,0.196419,0.192459,3,lonely,controlled_contrast,rainy_room,rainy_room_052,weird_high
0.085982,0.233094,0.110596,0.666389,1.0,0.0,0.0,0.0,1.0,0.0,0.756222,0.712598,0.268219,0.411747,1,warm,random,,,
0.110983,0.381665,0.20118,0.147057,1.0,0.0,0.0,1.0,1.0,0.0,0.531243,0.671724,0.16477,0.698545,0,quiet,random,,,
0.514111,0.264833,0.039891,0.239412,1,0,0,0,0,0,0.205868,0.904637,0.212901,0.212051,2,strange,controlled_contrast,neutral_weather,neutral_weather_069,weird_high
0.479813,0.811181,0.762715,0.715129,0,0,1,1,1,1,0.183476,0.213877,0.904312,0.192899,3,lonely,controlled_contrast,stormy_weather,stormy_weather_022,warm_high
0.350112,0.111517,0.003154,0.053936,0.0,0.0,0.0,0.0,0.0,0.0,0.7199,0.991035,0.535496,0.338153,2,strange,random,,,
0.207483,0.92647,0.045965,0.233332,0.0,0.0,1.0,0.0,1.0,0.0,0.647753,0.519471,0.729591,0.288649,3,lonely,random,,,
0.650314,0.802119,0.2817,0.901507,1.0,0.0,1.0,1.0,1.0,0.0,0.396923,0.704639,0.72294,0.972613,3,lonely,random,,,
0.785595,0.547382,0.020487,0.092506,1.0,1.0,0.0,0.0,0.0,0.0,0.625098,0.489817,0.63289,0.678159,1,warm,random,,,
0.043687,0.867174,0.427787,0.053675,1.0,0.0,1.0,1.0,1.0,0.0,0.162401,0.350509,0.354752,0.129671,0,quiet,random,,,
0.823613,0.509842,0.79526,0.030001,0.0,1.0,0.0,1.0,1.0,0.0,0.417581,0.161369,0.538386,0.244436,3,lonely,random,,,
0.288838,0.464311,0.419473,0.739943,1.0,0.0,0.0,1.0,1.0,0.0,0.586865,0.618039,0.558967,0.108156,1,warm,random,,,
0.131274,0.58315,0.009332,0.375421,0.0,0.0,0.0,0.0,0.0,0.0,0.562066,0.987101,0.606425,0.194105,2,strange,random,,,
0.255048,0.602675,0.220872,0.921269,0.0,0.0,0.0,1.0,1.0,0.0,0.069821,0.280344,0.809209,0.542956,3,lonely,random,,,
0.234043,0.877558,0.014591,0.462176,0.0,0.0,1.0,0.0,0.0,0.0,0.611047,0.733297,0.706548,0.137812,0,quiet,random,,,
0.294805,0.078606,0.008082,0.025818,1.0,0.0,0.0,0.0,0.0,0.0,0.149303,0.181499,0.602307,0.086914,1,warm,random,,,
0.25608,0.214071,0.000184,0.192534,0.0,0.0,0.0,0.0,0.0,0.0,0.675257,0.450559,0.473116,0.736846,3,lonely,random,,,
0.327228,0.217619,0.950722,0.93488,1.0,0.0,0.0,1.0,1.0,1.0,0.298192,0.726767,0.086381,0.701784,2,strange,random,,,
0.087046,0.675666,0.678841,0.003602,1.0,0.0,0.0,1.0,1.0,0.0,0.910307,0.089426,0.374404,0.40658,0,quiet,random,,,
0.567708,0.23969,0.14604,0.498573,0.0,0.0,0.0,0.0,1.0,0.0,0.409022,0.895727,0.421637,0.148781,2,strange,random,,,
0.657435,0.719074,0.100807,0.933501,0.0,0.0,0.0,0.0,1.0,0.0,0.601647,0.344001,0.942833,0.698097,3,lonely,random,,,
0.460425,0.814954,0.705975,0.73641,0,0,1,1,1,1,0.193203,0.870561,0.200342,0.206533,2,strange,controlled_contrast,stormy_weather,stormy_weather_015,weird_high
0.747093,0.224296,0.038123,0.160367,1,0,0,0,0,0,0.19507,0.886886,0.208392,0.208272,2,strange,controlled_contrast,clear_day,clear_day_003,weird_high
0.720963,0.240485,0.050625,0.13599,1,0,0,0,0,0,0.203493,0.180195,0.213437,0.900428,3,lonely,controlled_contrast,clear_day,clear_day_002,lonely_high
0.517771,0.819327,0.07495,0.101074,0,0,1,0,1,0,0.897499,0.200202,0.183957,0.204877,0,quiet,controlled_contrast,humid_night,humid_night_061,calm_high
0.487485,0.785948,0.054732,0.180169,0,0,1,0,1,0,0.193799,0.892393,0.209855,0.199413,3,lonely,controlled_contrast,humid_night,humid_night_077,weird_high
0.457626,0.784821,0.755688,0.711132,0,0,1,1,1,1,0.196002,0.191425,0.913965,0.206103,3,lonely,controlled_contrast,stormy_weather,stormy_weather_024,warm_high
0.480693,0.920035,0.494283,0.020647,1.0,0.0,1.0,1.0,1.0,0.0,0.671612,0.29874,0.896515,0.234104,0,quiet,random,,,
0.820336,0.353742,0.074628,0.394488,0.0,1.0,0.0,0.0,0.0,0.0,0.340955,0.460164,0.457637,0.495784,3,lonely,random,,,
0.808528,0.769679,0.522944,0.730454,0.0,1.0,1.0,1.0,1.0,0.0,0.490669,0.162701,0.250316,0.148907,0,quiet,random,,,
0.618951,0.841135,0.217565,0.868794,0.0,0.0,1.0,1.0,1.0,0.0,0.113119,0.577538,0.365979,0.648771,3,lonely,random,,,
0.434589,0.815336,0.07522,0.097036,0,0,1,0,1,0,0.182223,0.185334,0.193414,0.90263,3,lonely,controlled_contrast,humid_night,humid_night_072,lonely_high
0.683124,0.817494,0.970314,0.6847,1.0,0.0,1.0,1.0,1.0,1.0,0.172955,0.220757,0.42455,0.280543,2,strange,random,,,
0.026636,0.775293,0.31296,0.702935,0.0,0.0,1.0,1.0,1.0,0.0,0.174726,0.252943,0.64668,0.904757,3,lonely,random,,,
0.395168,0.927738,0.08111,0.951353,1.0,0.0,1.0,0.0,1.0,0.0,0.516262,0.832212,0.420278,0.678846,3,lonely,random,,,
0.495688,0.823128,0.115448,0.081572,0,0,1,0,1,0,0.191755,0.200811,0.895985,0.204938,3,lonely,controlled_contrast,humid_night,humid_night_022,warm_high
0.440664,0.739212,0.803581,0.829407,1.0,0.0,0.0,1.0,1.0,1.0,0.421064,0.503177,0.741984,0.152161,2,strange,random,,,
0.715088,0.220268,0.0,0.171592,1,0,0,0,0,0,0.19426,0.911759,0.202551,0.180372,1,warm,controlled_contrast,clear_day,clear_day_031,weird_high
0.984868,0.896788,0.65193,0.014741,1.0,1.0,1.0,1.0,1.0,0.0,0.423366,0.472665,0.144972,0.126695,0,quiet,random,,,
0.083714,0.661381,0.00232,0.339914,0.0,0.0,0.0,0.0,0.0,0.0,0.902265,0.123215,0.334038,0.311718,3,lonely,random,,,
0.375425,0.684874,0.394548,0.445704,1.0,0.0,0.0,1.0,1.0,0.0,0.709024,0.807467,0.508438,0.522755,0,quiet,random,,,
0.331631,0.040838,0.901411,0.660782,0.0,0.0,0.0,1.0,1.0,1.0,0.231218,0.594967,0.459698,0.190298,2,strange,random,,,
0.452962,0.791547,0.058286,0.055722,0,0,1,0,1,0,0.888272,0.189338,0.198871,0.202737,0,quiet,controlled_contrast,humid_night,humid_night_011,calm_high
0.356588,0.688617,0.001542,0.102548,1.0,0.0,0.0,0.0,1.0,0.0,0.915522,0.089684,0.546126,0.175499,1,warm,random,,,
0.735956,0.32007,0.917132,0.84084,1.0,0.0,0.0,1.0,1.0,1.0,0.772358,0.610642,0.735334,0.109473,2,strange,random,,,
0.633937,0.600139,0.585928,0.219728,0.0,0.0,0.0,1.0,1.0,0.0,0.557541,0.623427,0.585174,0.587383,3,lonely,random,,,
0.26577,0.349586,0.002565,0.311183,0.0,0.0,0.0,0.0,0.0,0.0,0.314856,0.82948,0.174564,0.301724,2,strange,random,,,
0.718666,0.598927,0.035059,0.08635,1.0,0.0,0.0,0.0,0.0,0.0,0.522748,0.332656,0.714448,0.454817,1,warm,random,,,
0.425099,0.810997,0.479511,0.169871,0,0,1,1,1,0,0.219416,0.189764,0.883873,0.206179,3,lonely,controlled_contrast,rainy_room,rainy_room_072,warm_high
0.429515,0.812149,0.733926,0.719681,0,0,1,1,1,1,0.179331,0.213981,0.238257,0.887379,3,lonely,controlled_contrast,stormy_weather,stormy_weather_002,lonely_high
0.469806,0.24539,0.063115,0.204637,1,0,0,0,0,0,0.193198,0.187804,0.213884,0.920707,3,lonely,controlled_contrast,neutral_weather,neutral_weather_050,lonely_high
0.539768,0.943406,0.230027,0.938439,1.0,0.0,1.0,1.0,1.0,0.0,0.136259,0.485473,0.443211,0.243621,1,warm,random,,,
0.157947,0.868902,0.494893,0.661017,1.0,0.0,1.0,1.0,1.0,0.0,0.664858,0.220457,0.722104,0.328168,0,quiet,random,,,
0.148688,0.320312,0.728405,0.986206,0.0,0.0,0.0,1.0,1.0,1.0,0.114744,0.158649,0.707423,0.229068,2,strange,random,,,
0.73141,0.291008,0.0,0.105323,1,0,0,0,0,0,0.887358,0.20082,0.213297,0.182008,0,quiet,controlled_contrast,clear_day,clear_day_050,calm_high
0.133511,0.703586,0.029344,0.235155,1.0,0.0,0.0,0.0,0.0,0.0,0.739098,0.518644,0.726197,0.82543,1,warm,random,,,
0.466301,0.789484,0.123656,0.108924,0,0,1,0,1,0,0.205077,0.201011,0.884576,0.209178,3,lonely,controlled_contrast,humid_night,humid_night_050,warm_high
0.1214,0.735751,0.06325,0.087629,0.0,0.0,0.0,0.0,1.0,0.0,0.188784,0.292809,0.673661,0.870006,3,lonely,random,,,
0.743081,0.700354,0.268171,0.099719,1.0,0.0,0.0,1.0,1.0,0.0,0.39383,0.573791,0.616432,0.257989,1,warm,random,,,
0.652311,0.749565,0.327551,0.238566,1.0,0.0,0.0,1.0,1.0,0.0,0.958654,0.376556,0.663455,0.05263,0,quiet,random,,,
0.56114,0.209989,0.002307,0.759892,1.0,0.0,0.0,0.0,0.0,0.0,0.060812,0.472446,0.535977,0.079037,1,warm,random,,,
0.360735,0.498496,0.000716,0.671661,1.0,0.0,0.0,0.0,0.0,0.0,0.069549,0.367795,0.670381,0.693202,1,warm,random,,,
0.694126,0.096304,0.35535,0.120158,1.0,0.0,0.0,1.0,1.0,0.0,0.688107,0.550537,0.470692,0.491501,0,quiet,random,,,
0.425935,0.612012,0.214831,0.186571,1.0,0.0,0.0,1.0,1.0,0.0,0.338399,0.654798,0.590848,0.635418,1,warm,random,,,
0.018863,0.253113,0.561806,0.156378,0.0,0.0,0.0,1.0,1.0,0.0,0.398451,0.397559,0.944683,0.168761,0,quiet,random,,,
0.454938,0.270066,0.058622,0.177683,1,0,0,0,0,0,0.205144,0.909421,0.189721,0.183849,2,strange,controlled_contrast,neutral_weather,neutral_weather_033,weird_high
0.964391,0.933741,0.864424,0.78799,1.0,1.0,1.0,1.0,1.0,1.0,0.621875,0.589537,0.21795,0.092746,2,strange,random,,,
0.467464,0.732174,0.721654,0.735485,0,0,1,1,1,1,0.190576,0.916273,0.199889,0.174402,2,strange,controlled_contrast,stormy_weather,stormy_weather_033,weird_high
0.280064,0.332948,0.000574,0.759378,0.0,0.0,0.0,0.0,0.0,0.0,0.129204,0.371984,0.269259,0.75991,3,lonely,random,,,
0.151919,0.597676,0.082951,0.104667,1.0,0.0,0.0,0.0,1.0,0.0,0.116022,0.314122,0.715171,0.334394,1,warm,random,,,
0.497473,0.663984,0.489371,0.257852,1.0,0.0,0.0,1.0,1.0,0.0,0.491888,0.221047,0.148131,0.15326,0,quiet,random,,,
0.326716,0.462413,0.09468,0.281559,0.0,0.0,0.0,0.0,1.0,0.0,0.729642,0.686718,0.551284,0.434555,3,lonely,random,,,
0.727833,0.048712,0.732279,0.507765,1.0,0.0,0.0,1.0,1.0,1.0,0.505943,0.42751,0.419484,0.282626,2,strange,random,,,
0.458101,0.277625,0.560674,0.663677,0.0,0.0,0.0,1.0,1.0,0.0,0.328823,0.557974,0.543388,0.162958,3,lonely,random,,,
0.130477,0.229402,0.022879,0.233556,1.0,0.0,0.0,0.0,0.0,0.0,0.308896,0.552789,0.608071,0.832664,1,warm,random,,,
0.36393,0.092003,0.33392,0.524407,1.0,0.0,0.0,1.0,1.0,0.0,0.060101,0.389629,0.696688,0.1902,1,warm,random,,,
0.457626,0.784821,0.755688,0.711132,0,0,1,1,1,1,0.200397,0.909021,0.203615,0.199803,2,strange,controlled_contrast,stormy_weather,stormy_weather_024,weird_high
0.818742,0.584683,0.214601,0.340485,1.0,1.0,0.0,1.0,1.0,0.0,0.300664,0.23858,0.216806,0.418991,1,warm,random,,,
0.447672,0.143253,0.67598,0.24212,1.0,0.0,0.0,1.0,1.0,0.0,0.185853,0.16956,0.668156,0.143299,1,warm,random,,,
0.486036,0.236383,0.092733,0.191395,1,0,0,0,0,0,0.219915,0.877198,0.189786,0.190552,2,strange,controlled_contrast,neutral_weather,neutral_weather_029,weird_high
0.593184,0.465176,0.882207,0.906962,1.0,0.0,0.0,1.0,1.0,1.0,0.714975,0.736339,0.975362,0.37662,2,strange,random,,,
0.488684,0.209142,0.0,0.218181,1,0,0,0,0,0,0.21082,0.201305,0.914641,0.191661,1,warm,controlled_contrast,neutral_weather,neutral_weather_017,warm_high
0.939336,0.057302,0.817167,0.697976,1.0,1.0,0.0,1.0,1.0,1.0,0.543848,0.7709,0.357242,0.085016,2,strange,random,,,
0.101456,0.573461,0.037871,0.298832,1.0,0.0,0.0,0.0,0.0,0.0,0.062286,0.361946,0.598325,0.748293,1,warm,random,,,
0.659213,0.900687,0.452752,0.130335,1.0,0.0,1.0,1.0,1.0,0.0,0.081994,0.210049,0.663353,0.517361,1,warm,random,,,
0.968768,0.26489,0.496645,0.583782,1.0,1.0,0.0,1.0,1.0,0.0,0.927081,0.400799,0.19077,0.745592,0,quiet,random,,,
0.94924,0.999306,0.364317,0.867095,0.0,1.0,1.0,1.0,1.0,0.0,0.105061,0.265197,0.324648,0.81459,3,lonely,random,,,
0.212474,0.760221,0.096473,0.035527,1.0,0.0,1.0,0.0,1.0,0.0,0.479295,0.866612,0.093246,0.223363,0,quiet,random,,,
0.604725,0.196653,0.306654,0.676062,1.0,0.0,0.0,1.0,1.0,0.0,0.324773,0.234992,0.189825,0.334006,0,quiet,random,,,
0.267281,0.545459,0.128731,0.162258,1.0,0.0,0.0,0.0,1.0,0.0,0.607937,0.80513,0.138911,0.684721,3,lonely,random,,,
0.497361,0.248492,0.038952,0.16642,1,0,0,0,0,0,0.19115,0.221575,0.199184,0.885359,3,lonely,controlled_contrast,neutral_weather,neutral_weather_061,lonely_high
0.405607,0.774047,0.475735,0.166638,0,0,1,1,1,0,0.880128,0.192841,0.198637,0.195259,0,quiet,controlled_contrast,rainy_room,rainy_room_079,calm_high
0.69498,0.066168,0.172517,0.296541,1.0,0.0,0.0,0.0,1.0,0.0,0.305862,0.292619,0.129147,0.963549,3,lonely,random,,,
0.210623,0.488857,0.103961,0.3813,0.0,0.0,0.0,0.0,1.0,0.0,0.940987,0.119879,0.149341,0.183592,3,lonely,random,,,
0.349136,0.056793,0.850669,0.063628,1.0,0.0,0.0,1.0,1.0,0.0,0.741745,0.128133,0.555827,0.568235,0,quiet,random,,,
0.148328,0.658232,0.461935,0.42467,1.0,0.0,0.0,1.0,1.0,0.0,0.596915,0.61097,0.592352,0.09321,0,quiet,random,,,
0.114566,0.020198,0.604399,0.208109,0.0,0.0,0.0,1.0,1.0,0.0,0.214957,0.300713,0.306726,0.268486,3,lonely,random,,,
0.701652,0.263011,0.0,0.111952,1,0,0,0,0,0,0.883229,0.205084,0.194083,0.191287,0,quiet,controlled_contrast,clear_day,clear_day_005,calm_high
0.694911,0.842117,0.332416,0.522652,1.0,0.0,1.0,1.0,1.0,0.0,0.654925,0.285609,0.253851,0.593619,0,quiet,random,,,
0.503941,0.536063,0.001742,0.224051,0.0,0.0,0.0,0.0,0.0,0.0,0.259046,0.938861,0.656976,0.064989,2,strange,random,,,
0.776011,0.240871,0.97507,0.690207,1.0,1.0,0.0,1.0,1.0,1.0,0.686704,0.425096,0.509376,0.421881,2,strange,random,,,
0.511987,0.788113,0.397751,0.451105,0.0,0.0,1.0,1.0,1.0,0.0,0.585065,0.604948,0.127281,0.294945,0,quiet,random,,,
0.06354,0.442903,0.996128,0.548161,1.0,0.0,0.0,1.0,1.0,1.0,0.182441,0.785954,0.443958,0.082845,2,strange,random,,,
0.183003,0.936637,0.020965,0.224754,0.0,0.0,1.0,0.0,0.0,0.0,0.18519,0.655553,0.207564,0.854432,3,lonely,random,,,
0.99235,0.473236,0.324853,0.250054,1.0,1.0,0.0,1.0,1.0,0.0,0.898346,0.156997,0.083076,0.653595,0,quiet,random,,,
0.275837,0.225155,0.018691,0.274067,0.0,0.0,0.0,0.0,0.0,0.0,0.225892,0.801138,0.233141,0.614307,3,lonely,random,,,
0.639674,0.136038,0.271334,0.025862,0.0,0.0,0.0,1.0,1.0,0.0,0.501592,0.797313,0.607301,0.063474,0,quiet,random,,,
0.44821,0.474234,0.060791,0.639228,0.0,0.0,0.0,0.0,0.0,0.0,0.614537,0.118138,0.726362,0.384091,3,lonely,random,,,
0.229495,0.2106,0.470184,0.026696,0.0,0.0,0.0,1.0,1.0,0.0,0.183814,0.424561,0.081472,0.254691,3,lonely,random,,,
0.133458,0.10226,0.099424,0.099777,0.0,0.0,0.0,0.0,1.0,0.0,0.138586,0.207494,0.423142,0.283187,3,lonely,random,,,
0.247541,0.061267,0.095684,0.103913,1.0,0.0,0.0,0.0,1.0,0.0,0.21617,0.533267,0.357226,0.96983,3,lonely,random,,,
0.585675,0.728622,0.003135,0.705656,0.0,0.0,0.0,0.0,1.0,0.0,0.26127,0.972975,0.507377,0.064117,2,strange,random,,,
0.644936,0.516688,0.487281,0.155688,1.0,0.0,0.0,1.0,1.0,0.0,0.714818,0.632174,0.215127,0.534258,0,quiet,random,,,
0.732113,0.271958,0.0,0.137966,1,0,0,0,0,0,0.20532,0.204567,0.898529,0.191528,1,warm,controlled_contrast,clear_day,clear_day_072,warm_high
0.292498,0.059139,0.004442,0.001886,1.0,0.0,0.0,0.0,0.0,0.0,0.520008,0.143845,0.756533,0.326018,1,warm,random,,,
0.540593,0.119212,0.021958,0.504014,1.0,0.0,0.0,0.0,0.0,0.0,0.481116,0.778125,0.274509,0.700085,1,warm,random,,,
0.762638,0.319619,0.006978,0.788775,0.0,1.0,0.0,0.0,0.0,0.0,0.51931,0.738559,0.386815,0.425586,1,warm,random,,,
0.115645,0.655783,0.072676,0.485681,0.0,0.0,0.0,0.0,0.0,0.0,0.326186,0.162769,0.511635,0.099511,3,lonely,random,,,
0.380779,0.497196,0.606746,0.169998,1.0,0.0,0.0,1.0,1.0,0.0,0.220109,0.299289,0.141925,0.414944,0,quiet,random,,,
0.678751,0.260712,0.017594,0.124192,1,0,0,0,0,0,0.196223,0.201741,0.906778,0.203457,1,warm,controlled_contrast,clear_day,clear_day_007,warm_high
0.304657,0.190577,0.587941,0.061467,0.0,0.0,0.0,1.0,1.0,0.0,0.720222,0.212005,0.560263,0.560139,0,quiet,random,,,
0.994833,0.517427,0.3007,0.241912,0.0,1.0,0.0,1.0,1.0,0.0,0.345654,0.430144,0.647152,0.224643,3,lonely,random,,,
0.218502,0.729331,0.697182,0.974332,1.0,0.0,0.0,1.0,1.0,1.0,0.725814,0.685154,0.181744,0.367567,2,strange,random,,,
0.444138,0.773741,0.742988,0.729012,0,0,1,1,1,1,0.198889,0.892295,0.201636,0.204356,2,strange,controlled_contrast,stormy_weather,stormy_weather_067,weird_high
0.523258,0.268434,0.052698,0.204097,1,0,0,0,0,0,0.205898,0.211551,0.201001,0.87695,3,lonely,controlled_contrast,neutral_weather,neutral_weather_070,lonely_high
0.400878,0.789006,0.450206,0.193393,0,0,1,1,1,0,0.180905,0.887326,0.192018,0.204023,3,lonely,controlled_contrast,rainy_room,rainy_room_002,weird_high
0.120616,0.288436,0.353343,0.211145,0.0,0.0,0.0,1.0,1.0,0.0,0.236387,0.327511,0.306033,0.649187,3,lonely,random,,,
0.401883,0.097517,0.014729,0.409279,1.0,0.0,0.0,0.0,0.0,0.0,0.419309,0.132973,0.117633,0.331206,1,warm,random,,,
0.483365,0.27534,0.0,0.2122,1,0,0,0,0,0,0.182972,0.21311,0.92521,0.188149,1,warm,controlled_contrast,neutral_weather,neutral_weather_030,warm_high
0.927873,0.915571,0.930824,0.981066,1.0,1.0,1.0,1.0,1.0,1.0,0.637425,0.71077,0.606048,0.361275,2,strange,random,,,
0.023199,0.197783,0.661658,0.724456,1.0,0.0,0.0,1.0,1.0,1.0,0.757854,0.62966,0.687349,0.703992,2,strange,random,,,
0.867301,0.89704,0.019591,0.84455,1.0,1.0,1.0,0.0,1.0,0.0,0.637721,0.360011,0.490181,0.449701,1,warm,random,,,
0.69811,0.20969,0.018532,0.110768,1,0,0,0,0,0,0.199967,0.209759,0.887607,0.203838,1,warm,controlled_contrast,clear_day,clear_day_078,warm_high
0.4749,0.807031,0.06343,0.150541,0,0,1,0,1,0,0.207323,0.88749,0.196932,0.207251,3,lonely,controlled_contrast,humid_night,humid_night_059,weird_high
0.154922,0.035012,0.87422,0.426236,1.0,0.0,0.0,1.0,1.0,0.0,0.227039,0.995505,0.222437,0.146081,2,strange,random,,,
0.491144,0.268764,0.019926,0.191902,1,0,0,0,0,0,0.199264,0.221826,0.905247,0.156055,1,warm,controlled_contrast,neutral_weather,neutral_weather_078,warm_high
0.507849,0.277774,0.058806,0.190225,1,0,0,0,0,0,0.213163,0.203005,0.178567,0.896735,3,lonely,controlled_contrast,neutral_weather,neutral_weather_058,lonely_high
0.270088,0.845081,0.692391,0.294344,1.0,0.0,1.0,1.0,1.0,0.0,0.909317,0.446806,0.743763,0.157813,0,quiet,random,,,
0.47398,0.236257,0.056246,0.192646,1,0,0,0,0,0,0.924951,0.194941,0.217427,0.212129,0,quiet,controlled_contrast,neutral_weather,neutral_weather_066,calm_high
0.155409,0.716492,0.641053,0.316334,1.0,0.0,0.0,1.0,1.0,0.0,0.067535,0.559728,0.732771,0.168325,1,warm,random,,,
0.268581,0.42098,0.489495,0.439324,0.0,0.0,0.0,1.0,1.0,0.0,0.549691,0.734868,0.57934,0.395297,3,lonely,random,,,
0.846402,0.990295,0.379884,0.112906,1.0,1.0,1.0,1.0,1.0,0.0,0.591349,0.186167,0.469831,0.283664,0,quiet,random,,,
0.491144,0.268764,0.019926,0.191902,1,0,0,0,0,0,0.200087,0.181353,0.181495,0.910833,3,lonely,controlled_contrast,neutral_weather,neutral_weather_078,lonely_high
0.082433,0.907248,0.535068,0.606829,0.0,0.0,1.0,1.0,1.0,0.0,0.500086,0.202753,0.673945,0.121257,0,quiet,random,,,
0.714878,0.80376,0.103737,0.113145,0.0,0.0,1.0,0.0,1.0,0.0,0.103445,0.514837,0.749369,0.205773,3,lonely,random,,,
0.106392,0.632473,0.752213,0.78875,1.0,0.0,0.0,1.0,1.0,1.0,0.892104,0.52152,0.575337,0.142739,2,strange,random,,,
0.737482,0.29492,0.0,0.184097,1,0,0,0,0,0,0.216213,0.902227,0.191332,0.210409,2,strange,controlled_contrast,clear_day,clear_day_047,weird_high
0.571223,0.725541,0.038658,0.048101,0.0,0.0,0.0,0.0,1.0,0.0,0.745535,0.41577,0.806687,0.610921,3,lonely,random,,,
0.52391,0.683249,0.351903,0.063361,0.0,0.0,0.0,1.0,1.0,0.0,0.415026,0.116014,0.155651,0.69591,3,lonely,random,,,
0.101754,0.384865,0.016944,0.295431,1.0,0.0,0.0,0.0,0.0,0.0,0.485563,0.605922,0.825977,0.09435,1,warm,random,,,
0.142722,0.956377,0.00209,0.450391,1.0,0.0,1.0,0.0,0.0,0.0,0.395882,0.360113,0.982273,0.098358,1,warm,random,,,
0.487814,0.808132,0.047376,0.146347,0,0,1,0,1,0,0.202483,0.188449,0.892116,0.199851,3,lonely,controlled_contrast,humid_night,humid_night_021,warm_high
0.540454,0.937938,0.446726,0.434376,1.0,0.0,1.0,1.0,1.0,0.0,0.485925,0.441099,0.839213,0.609792,0,quiet,random,,,
0.002309,0.10324,0.003117,0.960966,0.0,0.0,0.0,0.0,0.0,0.0,0.52211,0.863333,0.650187,0.121703,2,strange,random,,,
0.747093,0.224296,0.038123,0.160367,1,0,0,0,0,0,0.21846,0.206624,0.885817,0.215027,1,warm,controlled_contrast,clear_day,clear_day_003,warm_high
0.45731,0.796358,0.748779,0.71537,0,0,1,1,1,1,0.188503,0.915728,0.196307,0.189699,2,strange,controlled_contrast,stormy_weather,stormy_weather_042,weird_high
0.370451,0.547321,0.000554,0.021406,1.0,0.0,0.0,0.0,0.0,0.0,0.23379,0.89874,0.545384,0.206443,1,warm,random,,,
0.517771,0.819327,0.07495,0.101074,0,0,1,0,1,0,0.220711,0.2041,0.920411,0.226959,3,lonely,controlled_contrast,humid_night,humid_night_061,warm_high
0.493476,0.269295,0.041596,0.206136,1,0,0,0,0,0,0.209126,0.210519,0.903413,0.220712,1,warm,controlled_contrast,neutral_weather,neutral_weather_034,warm_high
0.450595,0.759854,0.461411,0.142916,0,0,1,1,1,0,0.889892,0.210161,0.202311,0.209225,0,quiet,controlled_contrast,rainy_room,rainy_room_010,calm_high
0.471458,0.347562,0.907908,0.70286,0.0,0.0,0.0,1.0,1.0,1.0,0.669405,0.938308,0.509107,0.051509,2,strange,random,,,
0.036538,0.542284,0.404658,0.86397,1.0,0.0,0.0,1.0,1.0,0.0,0.615172,0.547663,0.794015,0.553153,1,warm,random,,,
0.875428,0.572308,0.737078,0.437152,0.0,1.0,0.0,1.0,1.0,0.0,0.191743,0.457016,0.952915,0.261678,1,warm,random,,,
0.656808,0.776203,0.285931,0.27409,1.0,0.0,1.0,1.0,1.0,0.0,0.568221,0.462073,0.5282,0.721129,0,quiet,random,,,
0.109768,0.940789,0.645199,0.131852,0.0,0.0,1.0,1.0,1.0,0.0,0.071255,0.34133,0.528388,0.861157,3,lonely,random,,,
0.123192,0.859916,0.890097,0.397848,1.0,0.0,1.0,1.0,1.0,0.0,0.373348,0.59798,0.256594,0.123267,0,quiet,random,,,
0.379832,0.471093,0.222013,0.686716,0.0,0.0,0.0,1.0,1.0,0.0,0.313807,0.217516,0.511409,0.661796,3,lonely,random,,,
0.697561,0.927758,0.816447,0.550754,1.0,0.0,1.0,1.0,1.0,1.0,0.218749,0.671389,0.500064,0.315844,2,strange,random,,,
0.091777,0.233131,0.55363,0.875002,1.0,0.0,0.0,1.0,1.0,0.0,0.75052,0.112802,0.348296,0.72395,0,quiet,random,,,
0.629084,0.691688,0.221788,0.032028,1.0,0.0,0.0,1.0,1.0,0.0,0.104694,0.136532,0.309849,0.549214,3,lonely,random,,,
0.175994,0.900326,0.66305,0.096844,1.0,0.0,1.0,1.0,1.0,0.0,0.699169,0.483172,0.506176,0.343232,0,quiet,random,,,
0.353851,0.763716,0.477143,0.158254,0,0,1,1,1,0,0.913165,0.190498,0.195962,0.215766,0,quiet,controlled_contrast,rainy_room,rainy_room_016,calm_high
0.675027,0.834396,0.019421,0.584613,1.0,0.0,1.0,0.0,1.0,0.0,0.797205,0.448525,0.732342,0.73325,1,warm,random,,,
0.592296,0.344018,0.963403,0.784381,1.0,0.0,0.0,1.0,1.0,1.0,0.052062,0.558891,0.338097,0.716366,2,strange,random,,,
0.11894,0.195317,0.002398,0.635679,1.0,0.0,0.0,0.0,0.0,0.0,0.257786,0.927965,0.114126,0.723501,2,strange,random,,,
0.481164,0.80875,0.073456,0.112015,0,0,1,0,1,0,0.199694,0.19501,0.886021,0.194314,3,lonely,controlled_contrast,humid_night,humid_night_064,warm_high
0.817603,0.318751,0.09895,0.002957,0.0,1.0,0.0,0.0,1.0,0.0,0.896196,0.071738,0.326894,0.273829,3,lonely,random,,,
0.445588,0.079175,0.233208,0.372948,0.0,0.0,0.0,1.0,1.0,0.0,0.467685,0.565601,0.96881,0.682337,3,lonely,random,,,
0.123264,0.44722,0.720944,0.947303,0.0,0.0,0.0,1.0,1.0,1.0,0.801386,0.692649,0.265461,0.710019,2,strange,random,,,
0.754758,0.213434,0.79328,0.982255,1.0,1.0,0.0,1.0,1.0,1.0,0.866578,0.699138,0.136163,0.539825,2,strange,random,,,
0.59442,0.564062,0.153072,0.426185,1.0,0.0,0.0,0.0,1.0,0.0,0.17196,0.10613,0.325805,0.354418,1,warm,random,,,
0.386168,0.910135,0.193796,0.332537,1.0,0.0,1.0,0.0,1.0,0.0,0.618304,0.479122,0.544856,0.390657,1,warm,random,,,
0.927022,0.585317,0.00681,0.798883,0.0,1.0,0.0,0.0,0.0,0.0,0.220187,0.977029,0.453164,0.378521,2,strange,random,,,
0.693892,0.97436,0.041131,0.397163,1.0,0.0,1.0,0.0,1.0,0.0,0.344913,0.539143,0.589635,0.502138,1,warm,random,,,
0.487179,0.826521,0.100412,0.11233,0,0,1,0,1,0,0.225258,0.198078,0.891368,0.196415,3,lonely,controlled_contrast,humid_night,humid_night_076,warm_high
0.054613,0.024938,0.124985,0.472714,1.0,0.0,0.0,0.0,1.0,0.0,0.113325,0.216461,0.622792,0.783919,1,warm,random,,,
0.676578,0.371175,0.512978,0.38797,1.0,0.0,0.0,1.0,1.0,0.0,0.353159,0.33569,0.665763,0.61529,1,warm,random,,,
0.87674,0.57254,0.247735,0.797776,1.0,1.0,0.0,1.0,1.0,0.0,0.452628,0.360395,0.613305,0.44591,1,warm,random,,,
0.475651,0.839036,0.737475,0.744564,0,0,1,1,1,1,0.181535,0.879286,0.203301,0.210219,2,strange,controlled_contrast,stormy_weather,stormy_weather_045,weird_high
0.759093,0.639999,0.04395,0.198615,1.0,1.0,0.0,0.0,0.0,0.0,0.183493,0.377347,0.098924,0.909589,1,warm,random,,,
0.029857,0.333838,0.759852,0.62991,1.0,0.0,0.0,1.0,1.0,1.0,0.404374,0.495396,0.082203,0.076483,2,strange,random,,,
0.101452,0.113899,0.87007,0.993739,0.0,0.0,0.0,1.0,1.0,1.0,0.474271,0.065138,0.381441,0.139449,2,strange,random,,,
0.359062,0.880974,0.589856,0.319101,1.0,0.0,1.0,1.0,1.0,0.0,0.090325,0.37065,0.095502,0.868817,3,lonely,random,,,
0.761347,0.264513,0.048145,0.169051,1,0,0,0,0,0,0.198921,0.192225,0.187342,0.894147,3,lonely,controlled_contrast,clear_day,clear_day_059,lonely_high
0.050596,0.391643,0.148969,0.343012,1.0,0.0,0.0,0.0,1.0,0.0,0.530896,0.642817,0.561533,0.144642,1,warm,random,,,
0.024858,0.426805,0.001988,0.730181,1.0,0.0,0.0,0.0,0.0,0.0,0.619317,0.406119,0.985626,0.158179,1,warm,random,,,
0.031835,0.725461,0.013435,0.165344,1.0,0.0,0.0,0.0,1.0,0.0,0.305468,0.675442,0.423932,0.412077,1,warm,random,,,
0.255418,0.124512,0.010966,0.649311,1.0,0.0,0.0,0.0,0.0,0.0,0.67687,0.996512,0.131152,0.235897,2,strange,random,,,
0.518874,0.803886,0.113318,0.141545,0,0,1,0,1,0,0.204584,0.197317,0.891813,0.204763,3,lonely,controlled_contrast,humid_night,humid_night_005,warm_high
0.228804,0.687686,0.499114,0.93225,1.0,0.0,0.0,1.0,1.0,0.0,0.212913,0.70257,0.119453,0.334333,2,strange,random,,,
0.605761,0.216496,0.970874,0.704503,0.0,0.0,0.0,1.0,1.0,1.0,0.792612,0.73401,0.074698,0.719805,2,strange,random,,,
0.805328,0.074663,0.873388,0.158722,1.0,1.0,0.0,1.0,1.0,0.0,0.924797,0.357622,0.137499,0.195217,0,quiet,random,,,
0.387256,0.785182,0.574741,0.545723,0.0,0.0,1.0,1.0,1.0,0.0,0.671228,0.72541,0.994081,0.28643,0,quiet,random,,,
0.400459,0.776188,0.440042,0.21102,0,0,1,1,1,0,0.183874,0.891796,0.197458,0.205223,3,lonely,controlled_contrast,rainy_room,rainy_room_003,weird_high
0.785695,0.867553,0.284644,0.493309,1.0,1.0,1.0,1.0,1.0,0.0,0.748425,0.266876,0.421786,0.139932,0,quiet,random,,,
0.414643,0.403317,2.2e-05,0.504643,0.0,0.0,0.0,0.0,0.0,0.0,0.514195,0.950476,0.726553,0.265117,2,strange,random,,,
0.155764,0.714098,0.708298,0.461412,1.0,0.0,0.0,1.0,1.0,1.0,0.071477,0.322627,0.426506,0.534303,2,strange,random,,,
0.72353,0.199771,0.098508,0.007548,1.0,0.0,0.0,0.0,1.0,0.0,0.382097,0.522019,0.051655,0.635466,3,lonely,random,,,
0.414921,0.775622,0.437493,0.197193,0,0,1,1,1,0,0.180589,0.211682,0.202644,0.903642,3,lonely,controlled_contrast,rainy_room,rainy_room_066,lonely_high
0.223354,0.460191,0.886007,0.700002,1.0,0.0,0.0,1.0,1.0,1.0,0.300192,0.342715,0.797494,0.509801,2,strange,random,,,
0.720849,0.373907,0.371145,0.678468,1.0,0.0,0.0,1.0,1.0,0.0,0.083424,0.372811,0.116926,0.616049,3,lonely,random,,,
0.558164,0.967824,0.348976,0.84586,1.0,0.0,1.0,1.0,1.0,0.0,0.429551,0.413364,0.519021,0.518561,0,quiet,random,,,
0.14546,0.371878,0.092718,0.638674,1.0,0.0,0.0,0.0,1.0,0.0,0.164178,0.282834,0.31499,0.659624,3,lonely,random,,,
0.053869,0.317135,0.208154,0.096164,0.0,0.0,0.0,1.0,1.0,0.0,0.404476,0.07299,0.542151,0.374308,3,lonely,random,,,
0.332452,0.817852,0.024633,0.056316,1.0,0.0,1.0,0.0,1.0,0.0,0.652829,0.399008,0.412427,0.291302,0,quiet,random,,,
0.877552,0.481511,0.171781,0.919047,0.0,1.0,0.0,0.0,1.0,0.0,0.814449,0.109445,0.401751,0.095293,3,lonely,random,,,
0.747675,0.225953,0.274973,0.042114,1.0,0.0,0.0,1.0,1.0,0.0,0.340106,0.390629,0.914615,0.436044,1,warm,random,,,
0.043993,0.794849,0.671189,0.37208,0.0,0.0,1.0,1.0,1.0,0.0,0.468124,0.077787,0.770136,0.185856,0,quiet,random,,,
0.097617,0.924916,0.001021,0.922028,1.0,0.0,1.0,0.0,0.0,0.0,0.345006,0.366433,0.625251,0.144101,1,warm,random,,,
0.103625,0.587464,0.763893,0.766937,1.0,0.0,0.0,1.0,1.0,1.0,0.943664,0.4203,0.67649,0.262251,0,quiet,random,,,
0.372582,0.216137,0.805996,0.658663,1.0,0.0,0.0,1.0,1.0,1.0,0.646636,0.744986,0.648541,0.670709,2,strange,random,,,
0.43775,0.788011,0.103604,0.094355,0.0,0.0,1.0,0.0,1.0,0.0,0.091334,0.364509,0.450169,0.081058,3,lonely,random,,,
0.444879,0.787202,0.718189,0.714087,0,0,1,1,1,1,0.20274,0.19717,0.906841,0.216159,3,lonely,controlled_contrast,stormy_weather,stormy_weather_061,warm_high
0.322383,0.71368,0.639856,0.702737,1.0,0.0,0.0,1.0,1.0,0.0,0.653467,0.538404,0.16733,0.27346,0,quiet,random,,,
0.302903,0.350715,0.743619,0.968811,0.0,0.0,0.0,1.0,1.0,1.0,0.251987,0.556397,0.604862,0.157574,2,strange,random,,,
0.089953,0.513375,0.828752,0.764319,0.0,0.0,0.0,1.0,1.0,1.0,0.635597,0.634155,0.686661,0.428702,2,strange,random,,,
0.174504,0.289558,0.245141,0.060605,0.0,0.0,0.0,1.0,1.0,0.0,0.76702,0.626295,0.069384,0.73147,3,lonely,random,,,
0.442771,0.763883,0.415968,0.174523,0,0,1,1,1,0,0.222588,0.904437,0.210116,0.185892,0,quiet,controlled_contrast,rainy_room,rainy_room_061,weird_high
0.640688,0.954458,0.854254,0.057615,0.0,0.0,1.0,1.0,1.0,0.0,0.421837,0.611979,0.730515,0.404108,3,lonely,random,,,
0.044276,0.022313,0.276884,0.117337,1.0,0.0,0.0,1.0,1.0,0.0,0.121173,0.941689,0.290894,0.067487,2,strange,random,,,
0.680504,0.877164,0.425856,0.460571,0.0,0.0,1.0,1.0,1.0,0.0,0.66962,0.505118,0.187318,0.560404,3,lonely,random,,,
0.50567,0.285791,0.008048,0.222945,1,0,0,0,0,0,0.187918,0.893107,0.202462,0.225812,2,strange,controlled_contrast,neutral_weather,neutral_weather_045,weird_high
0.171523,0.433881,0.592284,0.380341,1.0,0.0,0.0,1.0,1.0,0.0,0.326186,0.487508,0.657297,0.331353,1,warm,random,,,
0.613175,0.51714,0.925486,0.949766,0.0,0.0,0.0,1.0,1.0,1.0,0.649147,0.314596,0.851557,0.682548,3,lonely,random,,,
0.779601,0.871914,0.198963,0.173578,1.0,1.0,1.0,0.0,1.0,0.0,0.18259,0.141114,0.088903,0.880877,3,lonely,random,,,
0.452155,0.610229,0.498546,0.016235,1.0,0.0,0.0,1.0,1.0,0.0,0.428634,0.428018,0.369274,0.615341,0,quiet,random,,,
0.857184,0.185363,0.695315,0.071299,1.0,1.0,0.0,1.0,1.0,0.0,0.655352,0.866116,0.319381,0.693277,0,quiet,random,,,
0.374669,0.126072,0.876434,0.680181,1.0,0.0,0.0,1.0,1.0,1.0,0.26161,0.475997,0.374846,0.235702,2,strange,random,,,
0.728459,0.207052,0.0,0.167598,1,0,0,0,0,0,0.204,0.207015,0.207236,0.902024,3,lonely,controlled_contrast,clear_day,clear_day_012,lonely_high
0.402708,0.953222,0.710271,0.058022,1.0,0.0,1.0,1.0,1.0,0.0,0.557555,0.341053,0.842016,0.25688,0,quiet,random,,,
0.762498,0.320668,0.703774,0.865953,0.0,1.0,0.0,1.0,1.0,1.0,0.138983,0.38677,0.357422,0.86826,3,lonely,random,,,
0.378468,0.466055,0.295103,0.084193,1.0,0.0,0.0,1.0,1.0,0.0,0.100832,0.481819,0.09023,0.881214,3,lonely,random,,,
0.06239,0.014952,0.924752,0.5854,0.0,0.0,0.0,1.0,1.0,1.0,0.072589,0.886575,0.264737,0.488273,2,strange,random,,,
0.707582,0.267636,0.041767,0.169539,1,0,0,0,0,0,0.186735,0.202175,0.196837,0.905971,3,lonely,controlled_contrast,clear_day,clear_day_062,lonely_high
0.418798,0.762493,0.430966,0.18583,0,0,1,1,1,0,0.908219,0.206842,0.18162,0.210977,0,quiet,controlled_contrast,rainy_room,rainy_room_018,calm_high
0.414921,0.775622,0.437493,0.197193,0,0,1,1,1,0,0.909994,0.198525,0.205036,0.19923,0,quiet,controlled_contrast,rainy_room,rainy_room_066,calm_high
0.764745,0.255151,0.003222,0.144768,1,0,0,0,0,0,0.216234,0.900519,0.201908,0.199289,2,strange,controlled_contrast,clear_day,clear_day_048,weird_high
0.337563,0.633541,0.84715,0.902852,0.0,0.0,0.0,1.0,1.0,1.0,0.134183,0.539242,0.553996,0.134461,2,strange,random,,,
0.294124,0.906768,0.059523,0.01801,1.0,0.0,1.0,0.0,1.0,0.0,0.147138,0.664289,0.079845,0.25143,3,lonely,random,,,
0.717739,0.252701,0.0,0.140951,1,0,0,0,0,0,0.897051,0.203859,0.213185,0.184191,0,quiet,controlled_contrast,clear_day,clear_day_039,calm_high
0.342277,0.451046,0.006286,0.649646,1.0,0.0,0.0,0.0,0.0,0.0,0.692701,0.477781,0.740687,0.365777,1,warm,random,,,
0.50423,0.26061,0.328623,0.222394,1.0,0.0,0.0,1.0,1.0,0.0,0.20971,0.479012,0.217612,0.190529,0,quiet,random,,,
0.570346,0.855142,0.676083,0.83125,1.0,0.0,1.0,1.0,1.0,1.0,0.121714,0.890707,0.545755,0.398614,2,strange,random,,,
0.415584,0.57945,0.967915,0.817788,1.0,0.0,0.0,1.0,1.0,1.0,0.088973,0.575921,0.612896,0.696271,2,strange,random,,,
0.768572,0.149235,0.009133,0.134351,0.0,1.0,0.0,0.0,0.0,0.0,0.662573,0.501224,0.369045,0.698366,3,lonely,random,,,
0.167561,0.98695,0.601819,0.663114,1.0,0.0,1.0,1.0,1.0,0.0,0.339243,0.681355,0.639957,0.118021,0,quiet,random,,,
0.528954,0.25937,0.047011,0.200406,1,0,0,0,0,0,0.215,0.894784,0.195131,0.211528,2,strange,controlled_contrast,neutral_weather,neutral_weather_004,weird_high
0.343629,0.83454,0.128961,0.118644,1.0,0.0,1.0,0.0,1.0,0.0,0.316322,0.966855,0.184367,0.111695,2,strange,random,,,
0.337816,0.324751,0.421892,0.293768,1.0,0.0,0.0,1.0,1.0,0.0,0.536694,0.656392,0.188636,0.090302,0,quiet,random,,,
0.458036,0.80419,0.708569,0.731029,0,0,1,1,1,1,0.879538,0.200404,0.208495,0.202947,0,quiet,controlled_contrast,stormy_weather,stormy_weather_063,calm_high
0.500361,0.22151,0.019249,0.17766,1,0,0,0,0,0,0.220287,0.188889,0.187256,0.905591,3,lonely,controlled_contrast,neutral_weather,neutral_weather_028,lonely_high
0.823054,0.529006,0.287557,0.464525,0.0,1.0,0.0,1.0,1.0,0.0,0.937513,0.274547,0.37143,0.594927,0,quiet,random,,,
0.754245,0.623456,2.5e-05,0.125067,1.0,1.0,0.0,0.0,0.0,0.0,0.188132,0.936362,0.452792,0.242559,1,warm,random,,,
0.127591,0.259007,0.885951,0.248002,1.0,0.0,0.0,1.0,1.0,0.0,0.492488,0.461247,0.128423,0.730657,0,quiet,random,,,
0.418798,0.762493,0.430966,0.18583,0,0,1,1,1,0,0.201487,0.914928,0.203642,0.219993,0,quiet,controlled_contrast,rainy_room,rainy_room_018,weird_high
0.603977,0.223728,0.990255,0.913284,0.0,0.0,0.0,1.0,1.0,1.0,0.936905,0.518552,0.157357,0.329877,2,strange,random,,,
0.541144,0.81963,0.798302,0.239424,0.0,0.0,1.0,1.0,1.0,0.0,0.448074,0.47534,0.615791,0.056229,0,quiet,random,,,
0.448876,0.972257,0.738318,0.143068,1.0,0.0,1.0,1.0,1.0,0.0,0.54919,0.050309,0.329412,0.292751,0,quiet,random,,,
0.049963,0.210639,0.000501,0.555342,0.0,0.0,0.0,0.0,0.0,0.0,0.11534,0.869998,0.631661,0.086047,2,strange,random,,,
0.235765,0.099327,0.00236,0.025211,1.0,0.0,0.0,0.0,0.0,0.0,0.737048,0.706893,0.735378,0.355905,1,warm,random,,,
0.143541,0.269063,0.791456,0.188392,1.0,0.0,0.0,1.0,1.0,0.0,0.741441,0.624085,0.157591,0.322227,0,quiet,random,,,
0.896392,0.39103,0.904169,0.838267,0.0,1.0,0.0,1.0,1.0,1.0,0.445502,0.284771,0.63031,0.327443,2,strange,random,,,
0.176246,0.942652,0.174899,0.158556,1.0,0.0,1.0,0.0,1.0,0.0,0.8426,0.282948,0.671033,0.445672,0,quiet,random,,,
0.501093,0.147006,0.554446,0.81959,1.0,0.0,0.0,1.0,1.0,0.0,0.737693,0.185584,0.662014,0.351891,0,quiet,random,,,
0.008728,0.530849,0.686969,0.961288,1.0,0.0,0.0,1.0,1.0,1.0,0.291905,0.56506,0.564851,0.676361,2,strange,random,,,
0.051758,0.072676,0.038191,0.695933,0.0,0.0,0.0,0.0,0.0,0.0,0.115366,0.540491,0.952151,0.602737,1,warm,random,,,
0.14873,0.86683,0.073423,0.10918,1.0,0.0,1.0,0.0,0.0,0.0,0.569293,0.932799,0.297144,0.448356,0,quiet,random,,,
0.467979,0.759845,0.496109,0.156493,0,0,1,1,1,0,0.906196,0.189935,0.186799,0.196546,0,quiet,controlled_contrast,rainy_room,rainy_room_032,calm_high
0.353078,0.788681,0.185037,0.00481,0.0,0.0,1.0,0.0,1.0,0.0,0.540534,0.733321,0.585782,0.187998,3,lonely,random,,,
0.254402,0.53188,0.558224,0.647251,1.0,0.0,0.0,1.0,1.0,0.0,0.840392,0.748013,0.739303,0.749905,0,quiet,random,,,
0.443926,0.447333,0.073638,0.903246,1.0,0.0,0.0,0.0,0.0,0.0,0.529795,0.684671,0.734296,0.283839,1,warm,random,,,
0.000793,0.871463,0.033866,0.01594,1.0,0.0,1.0,0.0,0.0,0.0,0.485579,0.404679,0.402275,0.382733,1,warm,random,,,
0.252328,0.409016,0.737772,0.1142,1.0,0.0,0.0,1.0,1.0,0.0,0.825709,0.365337,0.580671,0.493154,0,quiet,random,,,
0.689891,0.281588,0.000525,0.139695,1,0,0,0,0,0,0.195108,0.210367,0.201201,0.896516,3,lonely,controlled_contrast,clear_day,clear_day_058,lonely_high
0.624879,0.086671,0.026782,0.974772,0.0,0.0,0.0,0.0,0.0,0.0,0.392047,0.416448,0.834508,0.634902,3,lonely,random,,,
0.853588,0.982782,0.024872,0.200947,0.0,1.0,1.0,0.0,1.0,0.0,0.465812,0.729312,0.618197,0.58046,3,lonely,random,,,
0.755289,0.899872,0.021329,0.759974,1.0,1.0,1.0,0.0,1.0,0.0,0.732632,0.801785,0.66651,0.486149,1,warm,random,,,
0.310671,0.06986,0.001974,0.840681,1.0,0.0,0.0,0.0,0.0,0.0,0.392702,0.817672,0.285631,0.730469,2,strange,random,,,
0.447133,0.757059,0.731217,0.735278,0,0,1,1,1,1,0.195297,0.193376,0.184592,0.877214,3,lonely,controlled_contrast,stormy_weather,stormy_weather_004,lonely_high
0.06656,0.23017,0.750667,0.142863,1.0,0.0,0.0,1.0,1.0,0.0,0.723178,0.707608,0.140498,0.267718,0,quiet,random,,,
0.678955,0.271686,0.0,0.140333,1,0,0,0,0,0,0.206988,0.189609,0.206683,0.896606,3,lonely,controlled_contrast,clear_day,clear_day_063,lonely_high
0.061071,0.318227,0.038549,0.542813,0.0,0.0,0.0,0.0,0.0,0.0,0.198725,0.544004,0.790782,0.635149,3,lonely,random,,,
0.360902,0.566522,0.981512,0.59654,0.0,0.0,0.0,1.0,1.0,1.0,0.680033,0.688313,0.300736,0.387662,2,strange,random,,,
0.510242,0.111602,0.079804,0.195727,1.0,0.0,0.0,0.0,0.0,0.0,0.671355,0.408997,0.062589,0.811621,0,quiet,random,,,
0.729913,0.264799,0.0,0.12909,1,0,0,0,0,0,0.902123,0.196907,0.205815,0.23639,0,quiet,controlled_contrast,clear_day,clear_day_061,calm_high
0.177249,0.126419,0.105167,0.078847,0.0,0.0,0.0,0.0,1.0,0.0,0.432559,0.860766,0.282933,0.373721,3,lonely,random,,,
0.647151,0.268364,0.004799,0.182842,1,0,0,0,0,0,0.191991,0.226471,0.187994,0.894082,3,lonely,controlled_contrast,clear_day,clear_day_068,lonely_high
0.737982,0.253172,0.021814,0.164692,1,0,0,0,0,0,0.182256,0.917417,0.21249,0.194368,2,strange,controlled_contrast,clear_day,clear_day_022,weird_high
0.904628,0.063678,0.335101,0.051288,1.0,1.0,0.0,1.0,1.0,0.0,0.091808,0.112653,0.300928,0.231556,1,warm,random,,,
0.492452,0.523825,0.003834,0.249203,0.0,0.0,0.0,0.0,0.0,0.0,0.833229,0.624274,0.090402,0.475682,3,lonely,random,,,
0.843416,0.445539,0.793013,0.670309,0.0,1.0,0.0,1.0,1.0,1.0,0.673611,0.58664,0.462769,0.472849,2,strange,random,,,
0.795615,0.317439,0.005494,0.532628,1.0,1.0,0.0,0.0,0.0,0.0,0.543444,0.347093,0.452536,0.699783,1,warm,random,,,
0.454938,0.270066,0.058622,0.177683,1,0,0,0,0,0,0.208374,0.200588,0.887047,0.199011,1,warm,controlled_contrast,neutral_weather,neutral_weather_033,warm_high
0.094052,0.509482,0.605523,0.498478,1.0,0.0,0.0,1.0,1.0,0.0,0.208773,0.88776,0.549709,0.200078,1,warm,random,,,
0.45178,0.783866,0.701239,0.72033,0,0,1,1,1,1,0.196943,0.204663,0.190857,0.89432,3,lonely,controlled_contrast,stormy_weather,stormy_weather_036,lonely_high
0.435024,0.133363,0.067207,0.234864,1.0,0.0,0.0,0.0,0.0,0.0,0.323313,0.892202,0.181923,0.090613,2,strange,random,,,
0.03878,0.42312,0.489028,0.149365,1.0,0.0,0.0,1.0,1.0,0.0,0.431339,0.360691,0.317773,0.596107,0,quiet,random,,,
0.418926,0.247298,0.2435,0.160352,1.0,0.0,0.0,1.0,1.0,0.0,0.348918,0.947395,0.288119,0.36531,0,quiet,random,,,
0.402856,0.047739,0.212335,0.375464,0.0,0.0,0.0,1.0,1.0,0.0,0.865553,0.262747,0.453205,0.618908,0,quiet,random,,,
0.589766,0.321567,0.001441,0.112916,1.0,0.0,0.0,0.0,0.0,0.0,0.287041,0.800641,0.529632,0.49298,1,warm,random,,,
0.221641,0.119985,0.075896,0.319867,0.0,0.0,0.0,0.0,0.0,0.0,0.871114,0.525725,0.573779,0.637331,3,lonely,random,,,
0.238292,0.856747,0.034492,0.009726,1.0,0.0,1.0,0.0,1.0,0.0,0.328854,0.097816,0.547927,0.181193,1,warm,random,,,
0.458059,0.669355,1.7e-05,0.270854,1.0,0.0,0.0,0.0,0.0,0.0,0.660616,0.65839,0.724672,0.74338,1,warm,random,,,
0.491426,0.806794,0.074683,0.150234,0,0,1,0,1,0,0.214672,0.202301,0.908526,0.193116,3,lonely,controlled_contrast,humid_night,humid_night_057,warm_high
0.221043,0.374038,0.28198,0.302623,1.0,0.0,0.0,1.0,1.0,0.0,0.70996,0.304457,0.250486,0.435696,0,quiet,random,,,
0.790315,0.136899,0.728665,0.884758,0.0,1.0,0.0,1.0,1.0,1.0,0.658172,0.795925,0.381478,0.558119,2,strange,random,,,
0.366627,0.76286,0.490121,0.195175,0,0,1,1,1,0,0.201277,0.911106,0.199599,0.205667,3,lonely,controlled_contrast,rainy_room,rainy_room_071,weird_high
0.021644,0.117573,0.562316,0.01323,1.0,0.0,0.0,1.0,1.0,0.0,0.204576,0.88826,0.666922,0.455345,1,warm,random,,,
0.374094,0.277062,0.00293,0.6494,1.0,0.0,0.0,0.0,0.0,0.0,0.448216,0.738912,0.142889,0.299375,2,strange,random,,,
0.820645,0.128621,0.098354,0.306136,0.0,1.0,0.0,0.0,1.0,0.0,0.084255,0.231781,0.085119,0.922358,3,lonely,random,,,
0.26454,0.122044,0.087881,0.039136,0.0,0.0,0.0,0.0,1.0,0.0,0.211803,0.563963,0.409365,0.527342,3,lonely,random,,,
0.796553,0.122029,0.821202,0.740145,0.0,1.0,0.0,1.0,1.0,1.0,0.618226,0.584779,0.714195,0.595397,2,strange,random,,,
0.675524,0.325831,0.0,0.138338,1,0,0,0,0,0,0.933554,0.207325,0.190767,0.195886,0,quiet,controlled_contrast,clear_day,clear_day_013,calm_high
0.734455,0.476937,0.556164,0.000853,1.0,0.0,0.0,1.0,1.0,0.0,0.309149,0.168846,0.380561,0.104138,0,quiet,random,,,
0.632982,0.508766,0.032809,0.441241,0.0,0.0,0.0,0.0,0.0,0.0,0.619192,0.412284,0.737645,0.645562,3,lonely,random,,,
0.139384,0.945847,0.794182,0.991716,0.0,0.0,1.0,1.0,1.0,1.0,0.090635,0.727668,0.734973,0.586505,2,strange,random,,,
0.905164,0.181532,0.684729,0.854301,1.0,1.0,0.0,1.0,1.0,1.0,0.708548,0.299627,0.3633,0.150378,2,strange,random,,,
0.158421,0.619274,0.546789,0.010182,1.0,0.0,0.0,1.0,1.0,0.0,0.601427,0.276781,0.521989,0.532793,0,quiet,random,,,
0.755318,0.741683,0.000271,0.010848,1.0,1.0,0.0,0.0,1.0,0.0,0.710637,0.28746,0.968495,0.677104,1,warm,random,,,
0.459044,0.064094,0.86766,0.889788,1.0,0.0,0.0,1.0,1.0,1.0,0.060574,0.124097,0.159508,0.390569,2,strange,random,,,
0.562638,0.3161,0.961277,0.762219,1.0,0.0,0.0,1.0,1.0,1.0,0.505435,0.139005,0.386558,0.153617,2,strange,random,,,
0.374649,0.793636,0.417525,0.131082,0,0,1,1,1,0,0.932973,0.200138,0.187893,0.192458,0,quiet,controlled_contrast,rainy_room,rainy_room_062,calm_high
0.361814,0.222225,0.122046,0.520504,1.0,0.0,0.0,0.0,1.0,0.0,0.400805,0.255435,0.563116,0.339643,1,warm,random,,,
0.750613,0.114397,0.711107,0.877336,1.0,1.0,0.0,1.0,1.0,1.0,0.355664,0.647346,0.373168,0.741047,2,strange,random,,,
0.740621,0.144784,0.546154,0.36291,1.0,0.0,0.0,1.0,1.0,0.0,0.16848,0.743125,0.18505,0.072473,0,quiet,random,,,
0.543319,0.730591,0.753268,0.279775,1.0,0.0,0.0,1.0,1.0,0.0,0.976866,0.70744,0.284489,0.581888,0,quiet,random,,,
0.514497,0.228894,0.0,0.256122,1,0,0,0,0,0,0.211409,0.890066,0.210789,0.18151,2,strange,controlled_contrast,neutral_weather,neutral_weather_032,weird_high
0.011573,0.438737,0.278854,0.415552,1.0,0.0,0.0,1.0,1.0,0.0,0.258298,0.153699,0.396042,0.647981,3,lonely,random,,,
0.170963,0.903068,0.621981,0.880403,1.0,0.0,1.0,1.0,1.0,0.0,0.28795,0.984556,0.138016,0.285527,2,strange,random,,,
0.417253,0.339878,0.373118,0.29023,0.0,0.0,0.0,1.0,1.0,0.0,0.144887,0.725717,0.179683,0.255952,3,lonely,random,,,
0.603404,0.596803,0.742834,0.644506,0.0,0.0,0.0,1.0,1.0,1.0,0.424228,0.713816,0.070044,0.393382,2,strange,random,,,
0.495545,0.275323,0.036935,0.239497,1,0,0,0,0,0,0.196765,0.177721,0.897832,0.18095,1,warm,controlled_contrast,neutral_weather,neutral_weather_038,warm_high
0.483239,0.234496,0.056259,0.164723,1,0,0,0,0,0,0.189969,0.900378,0.189843,0.17985,2,strange,controlled_contrast,neutral_weather,neutral_weather_010,weird_high
0.145325,0.714246,0.29269,0.862668,1.0,0.0,0.0,1.0,1.0,0.0,0.14768,0.851643,0.263258,0.206174,2,strange,random,,,
0.190077,0.911078,0.139384,0.070013,1.0,0.0,1.0,0.0,1.0,0.0,0.342908,0.98208,0.137882,0.377612,2,strange,random,,,
0.734359,0.080133,0.398837,0.967022,1.0,0.0,0.0,1.0,1.0,0.0,0.780829,0.335661,0.309476,0.269795,0,quiet,random,,,
0.622867,0.709161,0.960432,0.050077,0.0,0.0,0.0,1.0,1.0,0.0,0.799599,0.286046,0.400668,0.449638,0,quiet,random,,,
0.423416,0.819785,0.057776,0.13356,0,0,1,0,1,0,0.215672,0.892361,0.192253,0.219748,3,lonely,controlled_contrast,humid_night,humid_night_029,weird_high
0.162988,0.384133,0.014639,0.088231,0.0,0.0,0.0,0.0,0.0,0.0,0.320606,0.202513,0.468399,0.667141,3,lonely,random,,,
0.48341,0.398339,0.01471,0.200722,1.0,0.0,0.0,0.0,0.0,0.0,0.611045,0.478339,0.968645,0.38115,1,warm,random,,,
0.361033,0.891245,0.283935,0.023195,1.0,0.0,1.0,1.0,1.0,0.0,0.333854,0.093407,0.516506,0.301686,0,quiet,random,,,
0.314504,0.839924,0.295677,0.256254,0.0,0.0,1.0,1.0,1.0,0.0,0.298298,0.888156,0.065117,0.371036,3,lonely,random,,,
0.707933,0.218516,0.0,0.174989,1,0,0,0,0,0,0.890281,0.200266,0.209532,0.193894,0,quiet,controlled_contrast,clear_day,clear_day_041,calm_high
0.967547,0.289119,0.414454,0.160513,1.0,1.0,0.0,1.0,1.0,0.0,0.38841,0.492043,0.330962,0.225549,1,warm,random,,,
0.156783,0.078016,0.028385,0.660481,1.0,0.0,0.0,0.0,0.0,0.0,0.339099,0.86615,0.072914,0.176079,2,strange,random,,,
0.491053,0.965554,0.402163,0.588289,1.0,0.0,1.0,1.0,1.0,0.0,0.641217,0.697132,0.157845,0.291734,0,quiet,random,,,
0.615549,0.088648,0.353336,0.21583,1.0,0.0,0.0,1.0,1.0,0.0,0.116469,0.839743,0.25663,0.056245,2,strange,random,,,
0.706683,0.577231,0.696485,0.540306,1.0,0.0,0.0,1.0,1.0,1.0,0.189723,0.298869,0.562883,0.833032,3,lonely,random,,,
0.552555,0.494861,0.769711,0.673756,1.0,0.0,0.0,1.0,1.0,1.0,0.686654,0.252525,0.178571,0.322034,0,quiet,random,,,
0.277823,0.091665,0.503337,0.005678,1.0,0.0,0.0,1.0,1.0,0.0,0.568293,0.44363,0.225476,0.640532,0,quiet,random,,,
0.530431,0.774898,0.332749,0.268194,1.0,0.0,1.0,1.0,1.0,0.0,0.505493,0.435623,0.506997,0.065653,0,quiet,random,,,
0.465653,0.219097,0.091206,0.255484,1,0,0,0,0,0,0.196463,0.196508,0.890033,0.177225,1,warm,controlled_contrast,neutral_weather,neutral_weather_003,warm_high
0.143006,0.885227,0.266659,0.131332,0.0,0.0,1.0,1.0,1.0,0.0,0.074943,0.540342,0.393598,0.490531,3,lonely,random,,,
0.925956,0.362431,0.032909,0.413193,0.0,1.0,0.0,0.0,0.0,0.0,0.279523,0.073471,0.860719,0.375141,1,warm,random,,,
0.725675,0.907062,0.147199,0.927824,1.0,0.0,1.0,0.0,1.0,0.0,0.153984,0.44147,0.182775,0.164689,1,warm,random,,,
0.170492,0.850829,0.254307,0.259576,0.0,0.0,1.0,1.0,1.0,0.0,0.354983,0.478654,0.131165,0.327603,3,lonely,random,,,
0.534589,0.47992,0.673185,0.698471,1.0,0.0,0.0,1.0,1.0,1.0,0.309857,0.128165,0.418503,0.515188,2,strange,random,,,
0.388906,0.614474,0.000399,0.948744,1.0,0.0,0.0,0.0,0.0,0.0,0.193604,0.398899,0.562363,0.245311,1,warm,random,,,
0.576582,0.86023,0.64407,0.004486,0.0,0.0,1.0,1.0,1.0,0.0,0.382454,0.693718,0.486485,0.629397,3,lonely,random,,,
0.406117,0.435297,0.057373,0.728634,0.0,0.0,0.0,0.0,0.0,0.0,0.666855,0.193087,0.392528,0.529175,3,lonely,random,,,
0.387266,0.857068,0.5076,0.425583,0.0,0.0,1.0,1.0,1.0,0.0,0.925465,0.060327,0.110131,0.102279,0,quiet,random,,,
0.277401,0.537117,0.08832,0.013683,1.0,0.0,0.0,0.0,1.0,0.0,0.354745,0.265939,0.978297,0.669239,1,warm,random,,,
0.356624,0.688016,0.005304,0.330253,0.0,0.0,0.0,0.0,0.0,0.0,0.748668,0.16566,0.283938,0.617782,3,lonely,random,,,
0.467304,0.787746,0.737913,0.737994,0,0,1,1,1,1,0.187736,0.188935,0.900584,0.19677,3,lonely,controlled_contrast,stormy_weather,stormy_weather_013,warm_high
0.171326,0.488213,0.807554,0.280241,1.0,0.0,0.0,1.0,1.0,0.0,0.721467,0.479657,0.980439,0.255891,1,warm,random,,,
0.500285,0.76458,0.742341,0.727005,0,0,1,1,1,1,0.201155,0.192779,0.199557,0.896777,3,lonely,controlled_contrast,stormy_weather,stormy_weather_078,lonely_high
0.97759,0.349563,0.327628,0.167887,0.0,1.0,0.0,1.0,1.0,0.0,0.597468,0.736823,0.075429,0.372553,3,lonely,random,,,
0.413469,0.074557,0.738784,0.736144,1.0,0.0,0.0,1.0,1.0,1.0,0.095941,0.713962,0.198855,0.997401,2,strange,random,,,
0.420931,0.794325,0.437256,0.190844,0,0,1,1,1,0,0.907467,0.194851,0.211749,0.203999,0,quiet,controlled_contrast,rainy_room,rainy_room_004,calm_high
0.440986,0.560007,2.1e-05,0.324714,1.0,0.0,0.0,0.0,0.0,0.0,0.55558,0.289666,0.156201,0.939464,3,lonely,random,,,
0.398638,0.807189,0.713835,0.71803,0,0,1,1,1,1,0.210258,0.22054,0.913463,0.193127,3,lonely,controlled_contrast,stormy_weather,stormy_weather_047,warm_high
0.201904,0.29665,0.027951,0.405802,0.0,0.0,0.0,0.0,0.0,0.0,0.07602,0.733101,0.501827,0.08226,2,strange,random,,,
0.768347,0.391588,0.260843,0.689,1.0,1.0,0.0,1.0,1.0,0.0,0.302691,0.154462,0.527833,0.062773,1,warm,random,,,
0.431149,0.832323,0.045564,0.136277,0,0,1,0,1,0,0.200369,0.218086,0.206957,0.891031,3,lonely,controlled_contrast,humid_night,humid_night_017,lonely_high
0.283826,0.625665,0.023304,0.137834,1.0,0.0,0.0,0.0,0.0,0.0,0.567557,0.551142,0.577545,0.91606,1,warm,random,,,
0.109284,0.467104,0.191142,0.539699,1.0,0.0,0.0,0.0,1.0,0.0,0.379907,0.552428,0.561254,0.490891,1,warm,random,,,
0.35356,0.443971,0.347164,0.356201,1.0,0.0,0.0,1.0,1.0,0.0,0.289212,0.876642,0.676209,0.412658,1,warm,random,,,
0.026133,0.544134,0.659451,0.678477,1.0,0.0,0.0,1.0,1.0,1.0,0.120005,0.454409,0.808755,0.133314,2,strange,random,,,
0.369286,0.385613,0.505648,0.85815,1.0,0.0,0.0,1.0,1.0,0.0,0.551105,0.707563,0.28415,0.192171,0,quiet,random,,,
0.248071,0.659325,0.004343,0.751453,1.0,0.0,0.0,0.0,0.0,0.0,0.823191,0.66181,0.488959,0.348337,1,warm,random,,,
0.618406,0.221875,0.475008,0.026043,0.0,0.0,0.0,1.0,1.0,0.0,0.468261,0.424182,0.76296,0.166742,0,quiet,random,,,
0.4197,0.48529,0.519098,0.901825,1.0,0.0,0.0,1.0,1.0,0.0,0.085326,0.909518,0.094484,0.417279,2,strange,random,,,
0.268734,0.985775,0.492709,0.182409,0.0,0.0,1.0,1.0,1.0,0.0,0.297129,0.270842,0.576124,0.171967,0,quiet,random,,,
0.729804,0.770634,0.074359,0.883133,0.0,0.0,1.0,0.0,0.0,0.0,0.289416,0.11532,0.661565,0.437149,3,lonely,random,,,
0.5131,0.263919,0.052198,0.222322,1,0,0,0,0,0,0.194975,0.896679,0.176044,0.211777,2,strange,controlled_contrast,neutral_weather,neutral_weather_052,weird_high
0.259843,0.692391,0.052077,0.246676,1.0,0.0,0.0,0.0,1.0,0.0,0.744292,0.721393,0.784678,0.310039,1,warm,random,,,
0.711939,0.468459,0.000815,0.107433,0.0,0.0,0.0,0.0,0.0,0.0,0.651572,0.380599,0.911654,0.311225,1,warm,random,,,
0.986207,0.31914,0.632558,0.253081,1.0,1.0,0.0,1.0,1.0,0.0,0.36387,0.580784,0.499819,0.763219,1,warm,random,,,
0.743239,0.617289,0.716963,0.642086,0.0,0.0,0.0,1.0,1.0,1.0,0.863401,0.710649,0.312059,0.426172,2,strange,random,,,
0.331058,0.251455,0.981917,0.385159,0.0,0.0,0.0,1.0,1.0,0.0,0.636917,0.508382,0.205626,0.107098,0,quiet,random,,,
0.840498,0.61359,0.506999,0.710873,0.0,1.0,0.0,1.0,1.0,0.0,0.052965,0.601975,0.478294,0.076063,3,lonely,random,,,
0.560718,0.057056,0.000333,0.302778,0.0,0.0,0.0,0.0,0.0,0.0,0.413684,0.927805,0.522414,0.274257,2,strange,random,,,
0.436463,0.817114,0.740738,0.675204,0,0,1,1,1,1,0.195151,0.169827,0.198208,0.91281,3,lonely,controlled_contrast,stormy_weather,stormy_weather_034,lonely_high
0.503364,0.81904,0.083272,0.131971,0,0,1,0,1,0,0.208343,0.205038,0.193406,0.922426,3,lonely,controlled_contrast,humid_night,humid_night_054,lonely_high
0.857021,0.401539,0.031124,0.150222,0.0,1.0,0.0,0.0,0.0,0.0,0.468528,0.374204,0.910883,0.283114,1,warm,random,,,
0.295438,0.51895,0.781939,0.014002,1.0,0.0,0.0,1.0,1.0,0.0,0.559119,0.50148,0.073648,0.72034,0,quiet,random,,,
0.723149,0.011899,0.672821,0.572097,0.0,0.0,0.0,1.0,1.0,1.0,0.758041,0.620934,0.156579,0.368458,2,strange,random,,,
0.493636,0.212882,0.020486,0.183015,1,0,0,0,0,0,0.903957,0.194098,0.200077,0.178996,0,quiet,controlled_contrast,neutral_weather,neutral_weather_060,calm_high
0.260154,0.866972,0.550964,0.996779,0.0,0.0,1.0,1.0,1.0,0.0,0.696513,0.280864,0.737764,0.582523,3,lonely,random,,,
0.698649,0.261611,0.0,0.113565,1,0,0,0,0,0,0.178767,0.203534,0.880222,0.201349,1,warm,controlled_contrast,clear_day,clear_day_073,warm_high
0.882364,0.363708,0.012373,0.850705,1.0,1.0,0.0,0.0,0.0,0.0,0.176804,0.835005,0.576448,0.615131,1,warm,random,,,
0.752064,0.908238,0.198414,0.266787,0.0,1.0,1.0,0.0,1.0,0.0,0.625051,0.34588,0.271886,0.065356,3,lonely,random,,,
0.797418,0.440314,0.166315,0.106294,0.0,1.0,0.0,0.0,1.0,0.0,0.412325,0.600487,0.641684,0.675068,3,lonely,random,,,
0.253128,0.263373,0.674297,0.455151,1.0,0.0,0.0,1.0,1.0,1.0,0.24205,0.850872,0.366343,0.316081,2,strange,random,,,
0.31412,0.586818,0.90488,0.732882,1.0,0.0,0.0,1.0,1.0,1.0,0.802614,0.327987,0.48085,0.625312,0,quiet,random,,,
0.489694,0.720019,0.401782,0.728483,0.0,0.0,0.0,1.0,1.0,0.0,0.609231,0.160756,0.72605,0.308949,3,lonely,random,,,
0.507265,0.809182,0.105979,0.08649,0,0,1,0,1,0,0.202968,0.200434,0.221444,0.926108,3,lonely,controlled_contrast,humid_night,humid_night_002,lonely_high
0.00182,0.301195,0.000383,0.503826,0.0,0.0,0.0,0.0,0.0,0.0,0.265067,0.662612,0.715833,0.111535,1,warm,random,,,
0.28439,0.681975,0.041918,0.93583,0.0,0.0,0.0,0.0,1.0,0.0,0.717773,0.619826,0.066157,0.68159,3,lonely,random,,,
0.474064,0.279897,0.000143,0.95548,0.0,0.0,0.0,0.0,0.0,0.0,0.378805,0.360745,0.221835,0.07745,3,lonely,random,,,
0.363207,0.341247,0.115848,0.167064,0.0,0.0,0.0,0.0,1.0,0.0,0.121004,0.491057,0.169667,0.313107,3,lonely,random,,,
0.689891,0.281588,0.000525,0.139695,1,0,0,0,0,0,0.19745,0.213335,0.899629,0.205549,1,warm,controlled_contrast,clear_day,clear_day_058,warm_high
0.444138,0.773741,0.742988,0.729012,0,0,1,1,1,1,0.194417,0.204795,0.21409,0.884579,3,lonely,controlled_contrast,stormy_weather,stormy_weather_067,lonely_high
0.441798,0.146704,0.784745,0.890251,1.0,0.0,0.0,1.0,1.0,1.0,0.83484,0.488189,0.653659,0.113889,2,strange,random,,,
0.047638,0.761884,0.077808,0.60278,0.0,0.0,1.0,0.0,0.0,0.0,0.803037,0.456339,0.1213,0.735996,3,lonely,random,,,
0.092302,0.858406,0.071942,0.81019,1.0,0.0,1.0,0.0,1.0,0.0,0.544383,0.20171,0.725749,0.252205,1,warm,random,,,
0.937282,0.676058,0.072717,0.438515,1.0,1.0,0.0,0.0,0.0,0.0,0.704607,0.144658,0.220032,0.351622,1,warm,random,,,
0.959147,0.340715,0.181444,0.94523,0.0,1.0,0.0,0.0,1.0,0.0,0.158953,0.566062,0.413843,0.393134,3,lonely,random,,,
0.866027,0.326876,0.527626,0.2292,1.0,1.0,0.0,1.0,1.0,0.0,0.682591,0.512392,0.105055,0.655152,0,quiet,random,,,
0.460005,0.819733,0.720939,0.709062,0,0,1,1,1,1,0.891172,0.213729,0.194338,0.239512,0,quiet,controlled_contrast,stormy_weather,stormy_weather_039,calm_high
0.245154,0.726987,0.236206,0.493452,1.0,0.0,0.0,1.0,1.0,0.0,0.572546,0.884125,0.058723,0.488217,0,quiet,random,,,
0.221355,0.039263,0.467707,0.871927,0.0,0.0,0.0,1.0,1.0,0.0,0.579629,0.52569,0.650426,0.377808,3,lonely,random,,,
0.711669,0.417013,0.161331,0.12903,1.0,0.0,0.0,0.0,1.0,0.0,0.194325,0.270817,0.740085,0.508569,1,warm,random,,,
0.438174,0.800966,0.744083,0.734746,0,0,1,1,1,1,0.195374,0.191893,0.185285,0.916649,3,lonely,controlled_contrast,stormy_weather,stormy_weather_035,lonely_high
0.016556,0.529191,0.515035,0.074467,1.0,0.0,0.0,1.0,1.0,0.0,0.118532,0.23178,0.376283,0.096974,1,warm,random,,,
0.598116,0.369793,0.129477,0.517131,1.0,0.0,0.0,0.0,1.0,0.0,0.461221,0.894136,0.312355,0.060066,2,strange,random,,,
0.583221,0.798513,0.315053,0.009064,1.0,0.0,1.0,1.0,1.0,0.0,0.701978,0.422854,0.250298,0.315847,0,quiet,random,,,
0.054562,0.701795,0.219997,0.578057,0.0,0.0,0.0,1.0,1.0,0.0,0.71093,0.223432,0.3859,0.318898,3,lonely,random,,,
0.052733,0.420631,0.891708,0.648557,1.0,0.0,0.0,1.0,1.0,1.0,0.593494,0.838961,0.688474,0.165296,2,strange,random,,,
0.267297,0.294566,0.000219,0.16804,0.0,0.0,0.0,0.0,0.0,0.0,0.358714,0.506249,0.728722,0.256284,1,warm,random,,,
0.896891,0.871733,0.191364,0.070569,1.0,1.0,1.0,0.0,1.0,0.0,0.140476,0.48973,0.450025,0.506539,1,warm,random,,,
0.74848,0.223834,0.032665,0.160568,1,0,0,0,0,0,0.902615,0.19738,0.199975,0.201989,0,quiet,controlled_contrast,clear_day,clear_day_065,calm_high
0.077279,0.109037,0.242471,0.375803,0.0,0.0,0.0,1.0,1.0,0.0,0.576955,0.295216,0.06459,0.746147,3,lonely,random,,,
0.871909,0.609224,0.850863,0.620672,1.0,1.0,0.0,1.0,1.0,1.0,0.462349,0.275621,0.136314,0.554637,2,strange,random,,,
0.39902,0.7404,0.492235,0.182758,0,0,1,1,1,0,0.205049,0.212495,0.216239,0.893133,3,lonely,controlled_contrast,rainy_room,rainy_room_023,lonely_high
0.280136,0.534499,0.05598,0.176164,1.0,0.0,0.0,0.0,0.0,0.0,0.210501,0.147075,0.196716,0.183722,1,warm,random,,,
0.561315,0.807166,0.076223,0.085203,0,0,1,0,1,0,0.881389,0.202124,0.19654,0.194166,0,quiet,controlled_contrast,humid_night,humid_night_027,calm_high
0.484257,0.774544,0.024796,0.728732,1.0,0.0,1.0,0.0,1.0,0.0,0.958599,0.41295,0.441185,0.47548,0,quiet,random,,,
0.390272,0.773291,0.481402,0.139045,0,0,1,1,1,0,0.202743,0.219307,0.206794,0.88514,3,lonely,controlled_contrast,rainy_room,rainy_room_047,lonely_high
0.340199,0.142789,0.003234,0.106032,1.0,0.0,0.0,0.0,0.0,0.0,0.842101,0.090381,0.7356,0.215746,1,warm,random,,,
0.968848,0.536634,0.167355,0.867609,1.0,1.0,0.0,0.0,1.0,0.0,0.654842,0.469213,0.754501,0.745896,1,warm,random,,,
0.111369,0.440101,0.009933,0.107531,1.0,0.0,0.0,0.0,0.0,0.0,0.544687,0.838173,0.131837,0.610257,2,strange,random,,,
0.589687,0.244146,0.357524,0.946083,1.0,0.0,0.0,1.0,1.0,0.0,0.677155,0.902275,0.597098,0.679947,1,warm,random,,,
0.466869,0.167329,0.064977,0.840978,1.0,0.0,0.0,0.0,0.0,0.0,0.087743,0.969302,0.090471,0.34341,2,strange,random,,,
0.789427,0.428737,0.245189,0.970145,0.0,1.0,0.0,1.0,1.0,0.0,0.72959,0.272353,0.164764,0.292074,0,quiet,random,,,
0.820858,0.009503,0.363348,0.039503,1.0,1.0,0.0,1.0,1.0,0.0,0.636641,0.602386,0.943317,0.329588,1,warm,random,,,
0.678751,0.260712,0.017594,0.124192,1,0,0,0,0,0,0.189821,0.19163,0.182341,0.886807,3,lonely,controlled_contrast,clear_day,clear_day_007,lonely_high
0.420931,0.794325,0.437256,0.190844,0,0,1,1,1,0,0.204203,0.926838,0.213896,0.239371,3,lonely,controlled_contrast,rainy_room,rainy_room_004,weird_high
0.283856,0.24341,0.115729,0.627057,1.0,0.0,0.0,0.0,1.0,0.0,0.170297,0.844013,0.069789,0.585284,2,strange,random,,,
0.489049,0.811703,0.109247,0.132268,0,0,1,0,1,0,0.212929,0.204217,0.19693,0.922613,3,lonely,controlled_contrast,humid_night,humid_night_013,lonely_high
0.737459,0.474506,0.529279,0.725668,0.0,0.0,0.0,1.0,1.0,0.0,0.622326,0.126811,0.065966,0.449872,3,lonely,random,,,
0.25296,0.746249,0.678101,0.927318,1.0,0.0,0.0,1.0,1.0,1.0,0.712977,0.789426,0.706308,0.21645,2,strange,random,,,
0.074407,0.384912,0.136573,0.832208,0.0,0.0,0.0,0.0,1.0,0.0,0.083708,0.212413,0.444688,0.633245,3,lonely,random,,,
0.466301,0.789484,0.123656,0.108924,0,0,1,0,1,0,0.206309,0.885271,0.192405,0.192875,3,lonely,controlled_contrast,humid_night,humid_night_050,weird_high
0.906694,0.61561,0.316997,0.105755,1.0,1.0,0.0,1.0,1.0,0.0,0.405795,0.934143,0.138634,0.308144,1,warm,random,,,
0.057778,0.284941,0.023154,0.862941,0.0,0.0,0.0,0.0,0.0,0.0,0.625572,0.865716,0.668121,0.400182,2,strange,random,,,
0.469095,0.324889,0.605768,0.9811,1.0,0.0,0.0,1.0,1.0,0.0,0.512173,0.214057,0.607645,0.866359,3,lonely,random,,,
0.199591,0.639665,0.589808,0.045166,0.0,0.0,0.0,1.0,1.0,0.0,0.867063,0.623719,0.161785,0.672121,3,lonely,random,,,
0.901067,0.004234,0.197666,0.984514,0.0,1.0,0.0,0.0,1.0,0.0,0.42181,0.214555,0.829486,0.075986,1,warm,random,,,
0.187596,0.473231,0.904501,0.188674,1.0,0.0,0.0,1.0,1.0,0.0,0.581506,0.553585,0.643301,0.534494,0,quiet,random,,,
0.040893,0.648676,0.843556,0.081097,0.0,0.0,0.0,1.0,1.0,0.0,0.659006,0.150601,0.587214,0.74734,3,lonely,random,,,
0.513581,0.851107,0.069373,0.168077,0,0,1,0,1,0,0.188967,0.196971,0.194219,0.881151,3,lonely,controlled_contrast,humid_night,humid_night_047,lonely_high
0.213666,0.464318,0.435934,0.164853,1.0,0.0,0.0,1.0,1.0,0.0,0.167353,0.726902,0.267042,0.321371,0,quiet,random,,,
0.715088,0.220268,0.0,0.171592,1,0,0,0,0,0,0.90379,0.187826,0.205791,0.189448,0,quiet,controlled_contrast,clear_day,clear_day_031,calm_high
0.968101,0.5947,0.217716,0.11583,0.0,1.0,0.0,1.0,1.0,0.0,0.292274,0.566587,0.814021,0.594296,3,lonely,random,,,
0.692167,0.942997,0.849752,0.175751,1.0,0.0,1.0,1.0,1.0,0.0,0.222691,0.051658,0.099941,0.658921,0,quiet,random,,,
0.719371,0.157927,0.846266,0.826111,1.0,0.0,0.0,1.0,1.0,1.0,0.859978,0.598775,0.399825,0.574142,2,strange,random,,,
0.584613,0.883976,0.040789,0.29994,1.0,0.0,1.0,0.0,1.0,0.0,0.446341,0.746677,0.545085,0.133629,1,warm,random,,,
0.688923,0.443468,0.667698,0.781553,0.0,0.0,0.0,1.0,1.0,1.0,0.636407,0.83247,0.142845,0.27416,2,strange,random,,,
0.922166,0.908232,0.87235,0.435288,1.0,1.0,1.0,1.0,1.0,0.0,0.106034,0.725496,0.417239,0.454989,1,warm,random,,,
0.362154,0.118184,0.765262,0.496929,1.0,0.0,0.0,1.0,1.0,1.0,0.376542,0.601723,0.83676,0.720173,2,strange,random,,,
0.522526,0.145769,0.074648,0.023538,0.0,0.0,0.0,0.0,0.0,0.0,0.437451,0.924099,0.211091,0.299193,2,strange,random,,,
0.359535,0.245776,0.014109,0.105468,0.0,0.0,0.0,0.0,0.0,0.0,0.932247,0.715101,0.312102,0.249424,0,quiet,random,,,
0.470735,0.840353,0.056846,0.079983,0,0,1,0,1,0,0.184943,0.905798,0.221929,0.225337,3,lonely,controlled_contrast,humid_night,humid_night_003,weird_high
0.457704,0.802244,0.435652,0.157866,0,0,1,1,1,0,0.210571,0.898709,0.186327,0.187887,0,quiet,controlled_contrast,rainy_room,rainy_room_073,weird_high
0.661327,0.884585,0.761412,0.235464,1.0,0.0,1.0,1.0,1.0,0.0,0.96295,0.682877,0.248021,0.096265,0,quiet,random,,,
0.951138,0.611856,0.992305,0.659755,1.0,1.0,0.0,1.0,1.0,1.0,0.175866,0.840076,0.743758,0.093969,2,strange,random,,,
0.391662,0.913588,0.397412,0.415281,1.0,0.0,1.0,1.0,1.0,0.0,0.450868,0.335166,0.585664,0.526624,0,quiet,random,,,
0.239666,0.514744,0.015462,0.569771,1.0,0.0,0.0,0.0,0.0,0.0,0.568387,0.362144,0.511893,0.502511,1,warm,random,,,
0.619663,0.1925,0.035093,0.146006,1.0,0.0,0.0,0.0,0.0,0.0,0.083991,0.827672,0.200617,0.602315,1,warm,random,,,
0.613105,0.642644,0.093468,0.725285,1.0,0.0,0.0,0.0,1.0,0.0,0.146438,0.759244,0.669386,0.720449,1,warm,random,,,
0.341984,0.092633,0.904185,0.057263,1.0,0.0,0.0,1.0,1.0,0.0,0.285575,0.241204,0.126877,0.778141,3,lonely,random,,,
0.519082,0.505447,0.0,0.452736,1.0,0.0,0.0,0.0,0.0,0.0,0.574676,0.987065,0.237865,0.70144,2,strange,random,,,
0.236675,0.696189,0.091275,0.152654,0.0,0.0,0.0,0.0,1.0,0.0,0.066936,0.535613,0.141465,0.117771,3,lonely,random,,,
0.183447,0.322928,0.118597,0.890942,1.0,0.0,0.0,0.0,1.0,0.0,0.197164,0.882417,0.51935,0.240645,1,warm,random,,,
0.268709,0.007538,0.8945,0.989113,0.0,0.0,0.0,1.0,1.0,1.0,0.620742,0.658047,0.857976,0.183054,2,strange,random,,,
0.305834,0.918224,0.001765,0.040234,1.0,0.0,1.0,0.0,1.0,0.0,0.468005,0.644418,0.585615,0.057414,1,warm,random,,,
0.484216,0.260593,0.0,0.217115,1,0,0,0,0,0,0.188508,0.918913,0.202263,0.200864,2,strange,controlled_contrast,neutral_weather,neutral_weather_022,weird_high
0.167746,0.084366,0.860952,0.410806,0.0,0.0,0.0,1.0,1.0,0.0,0.625429,0.642929,0.863009,0.186439,0,quiet,random,,,
0.833928,0.479989,0.428124,0.389831,0.0,1.0,0.0,1.0,1.0,0.0,0.257553,0.378681,0.670087,0.374308,3,lonely,random,,,
0.057679,0.996635,0.015445,0.41599,1.0,0.0,1.0,0.0,0.0,0.0,0.560891,0.747191,0.088707,0.185213,0,quiet,random,,,
0.58998,0.221442,0.035244,0.615326,1.0,0.0,0.0,0.0,0.0,0.0,0.361165,0.681691,0.093508,0.434252,2,strange,random,,,
0.032226,0.521779,0.663465,0.036935,1.0,0.0,0.0,1.0,1.0,0.0,0.85715,0.565708,0.232093,0.537185,0,quiet,random,,,
0.369594,0.068,0.224952,0.242304,1.0,0.0,0.0,1.0,1.0,0.0,0.205996,0.6567,0.08681,0.538489,0,quiet,random,,,
0.235195,0.407119,0.828658,0.770803,0.0,0.0,0.0,1.0,1.0,1.0,0.712068,0.479857,0.418385,0.204512,2,strange,random,,,
0.008015,0.466677,0.192804,0.149344,1.0,0.0,0.0,0.0,1.0,0.0,0.632635,0.089228,0.820412,0.284209,1,warm,random,,,
0.953759,0.854962,0.421638,0.906156,0.0,1.0,1.0,1.0,1.0,0.0,0.284251,0.398567,0.256735,0.121793,3,lonely,random,,,
0.455139,0.21807,0.069044,0.21782,1,0,0,0,0,0,0.182425,0.177897,0.908308,0.193075,1,warm,controlled_contrast,neutral_weather,neutral_weather_024,warm_high
0.735067,0.199849,0.292093,0.357233,1.0,0.0,0.0,1.0,1.0,0.0,0.251435,0.567647,0.72992,0.696528,1,warm,random,,,
0.721983,0.078209,0.490285,0.161896,1.0,0.0,0.0,1.0,1.0,0.0,0.171015,0.832245,0.264816,0.587398,2,strange,random,,,
0.460425,0.814954,0.705975,0.73641,0,0,1,1,1,1,0.199233,0.193124,0.889525,0.198136,3,lonely,controlled_contrast,stormy_weather,stormy_weather_015,warm_high
0.784742,0.521581,0.68694,0.680831,1.0,1.0,0.0,1.0,1.0,1.0,0.088086,0.722455,0.677909,0.392534,2,strange,random,,,
0.625989,0.920165,0.015298,0.097147,1.0,0.0,1.0,0.0,1.0,0.0,0.450695,0.392732,0.211153,0.49866,3,lonely,random,,,
0.18026,0.922467,0.046812,0.174034,0.0,0.0,1.0,0.0,1.0,0.0,0.552387,0.222288,0.157632,0.341421,3,lonely,random,,,
0.844758,0.279148,0.697495,0.776483,1.0,1.0,0.0,1.0,1.0,1.0,0.40541,0.534828,0.67268,0.371564,1,warm,random,,,
0.17084,0.895054,0.153409,0.644928,1.0,0.0,1.0,0.0,1.0,0.0,0.113372,0.978899,0.162401,0.435203,2,strange,random,,,
0.525488,0.110122,0.008712,0.597841,1.0,0.0,0.0,0.0,0.0,0.0,0.559042,0.131253,0.135131,0.47758,1,warm,random,,,
0.88937,0.497915,0.366657,0.913738,0.0,1.0,0.0,1.0,1.0,0.0,0.514475,0.496896,0.91605,0.293211,1,warm,random,,,
0.068866,0.156871,0.947132,0.838577,0.0,0.0,0.0,1.0,1.0,1.0,0.481229,0.596179,0.50715,0.421951,2,strange,random,,,
0.498505,0.706447,0.959324,0.886702,1.0,0.0,0.0,1.0,1.0,1.0,0.381807,0.564441,0.103625,0.966785,2,strange,random,,,
0.429096,0.374778,0.341341,0.015645,0.0,0.0,0.0,1.0,1.0,0.0,0.245348,0.299914,0.237152,0.731524,3,lonely,random,,,
0.501839,0.796298,0.062457,0.103455,0,0,1,0,1,0,0.196379,0.918529,0.218568,0.193727,3,lonely,controlled_contrast,humid_night,humid_night_016,weird_high
0.428645,0.779374,0.736634,0.768967,0,0,1,1,1,1,0.208734,0.212085,0.200455,0.892143,3,lonely,controlled_contrast,stormy_weather,stormy_weather_025,lonely_high
0.661365,0.792804,0.93778,0.609422,1.0,0.0,1.0,1.0,1.0,1.0,0.100299,0.79974,0.638625,0.656499,2,strange,random,,,
0.81372,0.482265,0.215796,0.773602,0.0,1.0,0.0,1.0,1.0,0.0,0.710112,0.358383,0.660785,0.229235,0,quiet,random,,,
0.364156,0.769021,0.436742,0.18704,0,0,1,1,1,0,0.899709,0.217491,0.232304,0.20596,0,quiet,controlled_contrast,rainy_room,rainy_room_043,calm_high
0.69395,0.809019,0.259332,0.358624,0.0,0.0,1.0,1.0,1.0,0.0,0.141414,0.220335,0.225023,0.793623,3,lonely,random,,,
0.35694,0.203799,0.396725,0.967869,1.0,0.0,0.0,1.0,1.0,0.0,0.296568,0.221717,0.615033,0.332374,1,warm,random,,,
0.441123,0.349212,0.029315,0.458179,0.0,0.0,0.0,0.0,0.0,0.0,0.661284,0.686988,0.269099,0.569736,3,lonely,random,,,
0.53968,0.108008,0.032245,0.284818,1.0,0.0,0.0,0.0,0.0,0.0,0.72322,0.150696,0.392514,0.708483,1,warm,random,,,
0.99246,0.397079,0.001843,0.512438,0.0,1.0,0.0,0.0,0.0,0.0,0.235268,0.987892,0.258842,0.44131,2,strange,random,,,
0.982104,0.366808,0.917956,0.838762,1.0,1.0,0.0,1.0,1.0,1.0,0.385266,0.977075,0.502559,0.130012,2,strange,random,,,
0.898855,0.9775,0.53661,0.692823,1.0,1.0,1.0,1.0,1.0,0.0,0.742568,0.650666,0.12037,0.957,0,quiet,random,,,
0.480016,0.800876,0.467581,0.196078,0,0,1,1,1,0,0.205435,0.907185,0.197804,0.190275,3,lonely,controlled_contrast,rainy_room,rainy_room_024,weird_high
0.847682,0.44081,0.091212,0.35178,0.0,1.0,0.0,0.0,1.0,0.0,0.59026,0.650497,0.124882,0.324616,3,lonely,random,,,
0.099238,0.096317,0.021587,0.284309,1.0,0.0,0.0,0.0,0.0,0.0,0.691215,0.102295,0.806148,0.054593,1,warm,random,,,
0.638713,0.628854,0.004157,0.726503,0.0,0.0,0.0,0.0,0.0,0.0,0.698122,0.889623,0.426752,0.078255,2,strange,random,,,
0.523551,0.832701,0.084488,0.252979,0.0,0.0,1.0,0.0,1.0,0.0,0.220069,0.310985,0.080594,0.947476,3,lonely,random,,,
0.751726,0.234695,0.0,0.155301,1,0,0,0,0,0,0.207031,0.169209,0.183765,0.907504,3,lonely,controlled_contrast,clear_day,clear_day_020,lonely_high
0.722055,0.249634,0.024234,0.148722,1,0,0,0,0,0,0.18897,0.912893,0.193633,0.199515,2,strange,controlled_contrast,clear_day,clear_day_075,weird_high
0.702295,0.248502,0.0,0.162723,1,0,0,0,0,0,0.183631,0.214829,0.899144,0.205996,1,warm,controlled_contrast,clear_day,clear_day_057,warm_high
0.172485,0.197215,0.156181,0.800054,0.0,0.0,0.0,0.0,1.0,0.0,0.258492,0.53921,0.722393,0.173023,3,lonely,random,,,
0.494598,0.815122,0.070217,0.141331,0,0,1,0,1,0,0.195309,0.212194,0.896016,0.212881,3,lonely,controlled_contrast,humid_night,humid_night_063,warm_high
0.084001,0.344664,0.367075,0.825951,0.0,0.0,0.0,1.0,1.0,0.0,0.382826,0.156851,0.100956,0.724519,3,lonely,random,,,
0.116483,0.060551,0.438692,0.618684,1.0,0.0,0.0,1.0,1.0,0.0,0.160674,0.937974,0.254818,0.627502,2,strange,random,,,
0.466415,0.814237,0.730031,0.700797,0,0,1,1,1,1,0.240139,0.192524,0.206765,0.887748,3,lonely,controlled_contrast,stormy_weather,stormy_weather_021,lonely_high
0.744167,0.348856,0.288051,0.011535,1.0,0.0,0.0,1.0,1.0,0.0,0.660461,0.175393,0.958383,0.536499,1,warm,random,,,
0.535633,0.356253,0.67427,0.870594,0.0,0.0,0.0,1.0,1.0,1.0,0.568152,0.159538,0.551102,0.108061,2,strange,random,,,
0.693705,0.770118,0.704265,0.337994,1.0,0.0,1.0,1.0,1.0,0.0,0.24585,0.955556,0.218174,0.161241,0,quiet,random,,,
0.49682,0.686087,0.657943,0.950484,0.0,0.0,0.0,1.0,1.0,1.0,0.365905,0.476954,0.258554,0.407532,2,strange,random,,,
0.444717,0.791247,0.768951,0.733029,0,0,1,1,1,1,0.921768,0.202653,0.206172,0.195871,0,quiet,controlled_contrast,stormy_weather,stormy_weather_044,calm_high
0.51124,0.741463,0.670725,0.208925,1.0,0.0,0.0,1.0,1.0,0.0,0.432453,0.296627,0.305672,0.595905,3,lonely,random,,,
0.820077,0.370903,0.280648,0.883444,0.0,1.0,0.0,1.0,1.0,0.0,0.473178,0.053669,0.062179,0.425465,3,lonely,random,,,
0.301023,0.007612,0.743092,0.115245,1.0,0.0,0.0,1.0,1.0,0.0,0.766459,0.635016,0.447041,0.484824,0,quiet,random,,,
0.415635,0.793366,0.435218,0.178557,0,0,1,1,1,0,0.905079,0.203158,0.199542,0.206147,0,quiet,controlled_contrast,rainy_room,rainy_room_048,calm_high
0.9543,0.954469,0.076941,0.00031,0.0,1.0,1.0,0.0,0.0,0.0,0.581045,0.714625,0.325785,0.663499,3,lonely,random,,,
0.364209,0.191007,0.002613,0.964477,1.0,0.0,0.0,0.0,0.0,0.0,0.170455,0.289982,0.457906,0.608473,1,warm,random,,,
0.726577,0.731383,0.648698,0.514001,0.0,0.0,0.0,1.0,1.0,0.0,0.638861,0.083425,0.310217,0.191862,3,lonely,random,,,
0.966043,0.377242,0.747795,0.014024,0.0,1.0,0.0,1.0,1.0,0.0,0.394911,0.157895,0.325168,0.393098,3,lonely,random,,,
0.103131,0.542173,0.028066,0.380018,0.0,0.0,0.0,0.0,0.0,0.0,0.636867,0.312481,0.986087,0.356121,1,warm,random,,,
0.609889,0.689467,0.62594,0.510008,1.0,0.0,0.0,1.0,1.0,0.0,0.230841,0.712984,0.660388,0.897765,3,lonely,random,,,
0.023427,0.102808,0.793554,0.337493,1.0,0.0,0.0,1.0,1.0,0.0,0.729041,0.942949,0.085635,0.612963,0,quiet,random,,,
0.498488,0.544215,0.629787,0.186636,1.0,0.0,0.0,1.0,1.0,0.0,0.575421,0.052083,0.520568,0.497753,0,quiet,random,,,
0.850961,0.991951,0.040253,0.173439,1.0,1.0,1.0,0.0,1.0,0.0,0.247566,0.142482,0.50115,0.72639,1,warm,random,,,
0.188471,0.429708,0.091969,0.993338,1.0,0.0,0.0,0.0,1.0,0.0,0.261054,0.176153,0.303843,0.346222,1,warm,random,,,
0.712985,0.369392,0.30582,0.171819,0.0,0.0,0.0,1.0,1.0,0.0,0.20239,0.506474,0.086401,0.388217,3,lonely,random,,,
0.349702,0.193295,0.000102,0.250612,1.0,0.0,0.0,0.0,0.0,0.0,0.501082,0.350232,0.698419,0.80846,1,warm,random,,,
0.560182,0.081087,0.765234,0.661318,1.0,0.0,0.0,1.0,1.0,1.0,0.365723,0.318158,0.344895,0.819237,2,strange,random,,,
0.425838,0.409132,0.698175,0.877177,1.0,0.0,0.0,1.0,1.0,1.0,0.129411,0.265231,0.296084,0.240693,2,strange,random,,,
0.914344,0.573191,0.000205,0.325695,1.0,1.0,0.0,0.0,0.0,0.0,0.050683,0.166703,0.969707,0.477216,1,warm,random,,,
0.976849,0.818818,0.180983,0.341888,1.0,1.0,1.0,0.0,1.0,0.0,0.229335,0.713746,0.172542,0.118871,1,warm,random,,,
0.605129,0.739262,0.371397,0.83826,0.0,0.0,0.0,1.0,1.0,0.0,0.34323,0.827803,0.702938,0.432731,3,lonely,random,,,
0.464359,0.850754,0.062124,0.083153,0,0,1,0,1,0,0.211698,0.203345,0.212205,0.87379,3,lonely,controlled_contrast,humid_night,humid_night_009,lonely_high
0.846907,0.496332,0.243628,0.87114,0.0,1.0,0.0,1.0,1.0,0.0,0.731198,0.517302,0.355323,0.242927,0,quiet,random,,,
0.457459,0.261029,0.024628,0.237019,1,0,0,0,0,0,0.195915,0.897101,0.178537,0.217168,2,strange,controlled_contrast,neutral_weather,neutral_weather_023,weird_high
0.453906,0.753298,0.453886,0.207679,0,0,1,1,1,0,0.195455,0.895845,0.185412,0.208205,3,lonely,controlled_contrast,rainy_room,rainy_room_040,weird_high
0.459858,0.284647,0.552332,0.140749,1.0,0.0,0.0,1.0,1.0,0.0,0.722078,0.444182,0.315307,0.15005,0,quiet,random,,,
0.058121,0.159772,0.679774,0.007689,1.0,0.0,0.0,1.0,1.0,0.0,0.573978,0.923234,0.55193,0.332243,0,quiet,random,,,
0.011061,0.272455,0.487819,0.527456,1.0,0.0,0.0,1.0,1.0,0.0,0.298648,0.656445,0.731022,0.502149,1,warm,random,,,
0.965864,0.949888,0.020952,0.288489,1.0,1.0,1.0,0.0,1.0,0.0,0.285493,0.682667,0.92686,0.400074,1,warm,random,,,
0.805148,0.431435,0.228754,0.539441,0.0,1.0,0.0,1.0,1.0,0.0,0.323799,0.51152,0.782512,0.440744,3,lonely,random,,,
0.244117,0.682195,0.956898,0.533372,0.0,0.0,0.0,1.0,1.0,1.0,0.395288,0.602388,0.662139,0.148231,2,strange,random,,,
0.522859,0.159249,0.720342,0.477314,0.0,0.0,0.0,1.0,1.0,1.0,0.130738,0.851083,0.414088,0.419881,2,strange,random,,,
0.72759,0.047295,0.832763,0.884237,0.0,0.0,0.0,1.0,1.0,1.0,0.431644,0.735552,0.399417,0.103224,2,strange,random,,,
0.641809,0.210205,0.016339,0.075914,1.0,0.0,0.0,0.0,0.0,0.0,0.160166,0.259095,0.364715,0.379231,1,warm,random,,,
0.453099,0.835509,0.061985,0.133706,0,0,1,0,1,0,0.889398,0.198697,0.197799,0.185335,0,quiet,controlled_contrast,humid_night,humid_night_026,calm_high
0.047599,0.93356,0.317807,0.871981,1.0,0.0,1.0,1.0,1.0,0.0,0.366017,0.899918,0.285379,0.407201,0,quiet,random,,,
0.410584,0.78684,0.45927,0.153638,0,0,1,1,1,0,0.203997,0.206469,0.225917,0.919562,3,lonely,controlled_contrast,rainy_room,rainy_room_067,lonely_high
0.633546,0.649469,0.70379,0.761091,1.0,0.0,0.0,1.0,1.0,1.0,0.175864,0.583113,0.39542,0.716694,2,strange,random,,,
0.959226,0.963621,0.002705,0.029276,0.0,1.0,1.0,0.0,1.0,0.0,0.648683,0.126965,0.552604,0.555984,3,lonely,random,,,
0.406685,0.78765,0.727486,0.732764,0,0,1,1,1,1,0.202005,0.2059,0.899258,0.195611,3,lonely,controlled_contrast,stormy_weather,stormy_weather_074,warm_high
0.183674,0.850405,0.151622,0.100645,1.0,0.0,1.0,0.0,1.0,0.0,0.326166,0.936586,0.222213,0.130763,2,strange,random,,,
0.251994,0.670001,0.704271,0.932728,0.0,0.0,0.0,1.0,1.0,1.0,0.511977,0.471319,0.158034,0.15321,2,strange,random,,,
0.476105,0.312619,0.307502,0.564994,0.0,0.0,0.0,1.0,1.0,0.0,0.57553,0.74137,0.485531,0.677762,3,lonely,random,,,
0.491084,0.801383,0.72363,0.675825,0,0,1,1,1,1,0.918743,0.197833,0.191899,0.185412,0,quiet,controlled_contrast,stormy_weather,stormy_weather_006,calm_high
0.055303,0.426745,0.002724,0.550528,1.0,0.0,0.0,0.0,0.0,0.0,0.712369,0.219153,0.652075,0.428749,1,warm,random,,,
0.079199,0.044355,0.711717,0.804668,1.0,0.0,0.0,1.0,1.0,1.0,0.454636,0.818857,0.498298,0.122498,2,strange,random,,,
0.990301,0.1347,0.806058,0.058101,0.0,1.0,0.0,1.0,1.0,0.0,0.655827,0.958843,0.274705,0.740704,3,lonely,random,,,
0.770627,0.200672,0.117435,0.044726,0.0,1.0,0.0,0.0,1.0,0.0,0.626678,0.47466,0.672555,0.245546,1,warm,random,,,
0.118136,0.882997,0.388224,0.513717,1.0,0.0,1.0,1.0,1.0,0.0,0.970341,0.471572,0.668854,0.065816,0,quiet,random,,,
0.007295,0.544841,0.51563,0.199697,1.0,0.0,0.0,1.0,1.0,0.0,0.131964,0.263117,0.807438,0.563132,1,warm,random,,,
0.522941,0.238765,0.042119,0.167608,1,0,0,0,0,0,0.188322,0.228747,0.925856,0.207196,1,warm,controlled_contrast,neutral_weather,neutral_weather_055,warm_high
0.43152,0.801058,0.423261,0.199153,0,0,1,1,1,0,0.194253,0.893572,0.191718,0.170374,3,lonely,controlled_contrast,rainy_room,rainy_room_045,weird_high
0.308619,0.05705,0.019527,0.543965,1.0,0.0,0.0,0.0,0.0,0.0,0.58263,0.234388,0.584252,0.352182,1,warm,random,,,
0.663259,0.129582,0.228493,0.324696,0.0,0.0,0.0,1.0,1.0,0.0,0.206019,0.128667,0.175552,0.308328,3,lonely,random,,,
0.53975,0.697108,0.321958,0.44714,0.0,0.0,0.0,1.0,1.0,0.0,0.302397,0.164777,0.614025,0.12225,3,lonely,random,,,
0.402228,0.607942,0.3595,0.321672,1.0,0.0,0.0,1.0,1.0,0.0,0.086184,0.967608,0.271231,0.227788,2,strange,random,,,
0.871873,0.480221,0.58921,0.019396,0.0,1.0,0.0,1.0,1.0,0.0,0.571657,0.18108,0.637136,0.120251,0,quiet,random,,,
0.876287,0.444993,0.02615,0.410918,0.0,1.0,0.0,0.0,0.0,0.0,0.184515,0.9356,0.324158,0.19342,2,strange,random,,,
0.038573,0.02776,0.012305,0.798935,1.0,0.0,0.0,0.0,0.0,0.0,0.444009,0.748781,0.181072,0.510399,2,strange,random,,,
0.763087,0.240359,0.756364,0.459897,1.0,1.0,0.0,1.0,1.0,1.0,0.33234,0.735685,0.541707,0.152649,2,strange,random,,,
0.413169,0.669858,0.570391,0.11523,0.0,0.0,0.0,1.0,1.0,0.0,0.496348,0.06785,0.636873,0.7398,3,lonely,random,,,
0.460065,0.151257,0.080684,0.066886,0.0,0.0,0.0,0.0,1.0,0.0,0.160043,0.130982,0.445154,0.551678,3,lonely,random,,,
0.411754,0.78489,0.711924,0.706794,0,0,1,1,1,1,0.188827,0.210848,0.206765,0.897744,3,lonely,controlled_contrast,stormy_weather,stormy_weather_023,lonely_high
0.011709,0.196011,0.651646,0.795137,1.0,0.0,0.0,1.0,1.0,1.0,0.704449,0.661669,0.626366,0.421987,2,strange,random,,,
0.979303,0.663693,0.727251,0.776731,1.0,1.0,0.0,1.0,1.0,1.0,0.529508,0.716759,0.854827,0.504075,1,warm,random,,,
0.686245,0.808671,0.627691,0.045099,0.0,0.0,1.0,1.0,1.0,0.0,0.151182,0.321832,0.586033,0.610875,3,lonely,random,,,
0.501839,0.796298,0.062457,0.103455,0,0,1,0,1,0,0.18321,0.200864,0.887145,0.206188,3,lonely,controlled_contrast,humid_night,humid_night_016,warm_high
0.937244,0.439859,0.480648,0.505975,1.0,1.0,0.0,1.0,1.0,0.0,0.191529,0.254269,0.064719,0.483043,1,warm,random,,,
0.894501,0.006092,0.075959,0.555676,1.0,1.0,0.0,0.0,0.0,0.0,0.484576,0.747841,0.347455,0.389451,1,warm,random,,,
0.133475,0.496273,0.023671,0.237816,1.0,0.0,0.0,0.0,0.0,0.0,0.18195,0.484091,0.539108,0.591194,1,warm,random,,,
0.742656,0.738527,0.024057,0.075828,1.0,0.0,0.0,0.0,0.0,0.0,0.898883,0.620424,0.197912,0.147402,0,quiet,random,,,
0.558162,0.228467,0.449391,0.212541,1.0,0.0,0.0,1.0,1.0,0.0,0.294422,0.69292,0.168359,0.514115,0,quiet,random,,,
0.14288,0.234671,0.836671,0.290036,0.0,0.0,0.0,1.0,1.0,0.0,0.39965,0.221512,0.552932,0.104907,0,quiet,random,,,
0.979089,0.938426,0.058415,0.903211,0.0,1.0,1.0,0.0,1.0,0.0,0.090177,0.268954,0.983177,0.392087,1,warm,random,,,
0.296224,0.168927,0.241301,0.08177,0.0,0.0,0.0,1.0,1.0,0.0,0.084938,0.764711,0.640652,0.316172,3,lonely,random,,,
0.422597,0.469257,0.006128,0.452889,1.0,0.0,0.0,0.0,0.0,0.0,0.517039,0.175679,0.283079,0.661667,1,warm,random,,,
0.1702,0.647362,0.01452,0.149767,0.0,0.0,0.0,0.0,0.0,0.0,0.655156,0.893764,0.632343,0.198703,2,strange,random,,,
0.41587,0.728563,0.724365,0.745234,0,0,1,1,1,1,0.191988,0.915633,0.202551,0.192817,2,strange,controlled_contrast,stormy_weather,stormy_weather_003,weird_high
0.081283,0.820841,0.005766,0.030863,0.0,0.0,1.0,0.0,1.0,0.0,0.279747,0.443147,0.2826,0.749533,3,lonely,random,,,
0.460425,0.814954,0.705975,0.73641,0,0,1,1,1,1,0.218319,0.200773,0.189228,0.922614,3,lonely,controlled_contrast,stormy_weather,stormy_weather_015,lonely_high
0.809521,0.168415,0.9372,0.245679,0.0,1.0,0.0,1.0,1.0,0.0,0.204015,0.623226,0.314162,0.463521,3,lonely,random,,,
0.206385,0.761354,0.10804,0.915151,1.0,0.0,1.0,0.0,1.0,0.0,0.19042,0.426676,0.372076,0.768887,3,lonely,random,,,
0.371767,0.957872,0.347281,0.120981,1.0,0.0,1.0,1.0,1.0,0.0,0.710073,0.266891,0.746251,0.522369,0,quiet,random,,,
0.090063,0.332863,0.05588,0.046923,0.0,0.0,0.0,0.0,0.0,0.0,0.381605,0.087111,0.446898,0.471042,3,lonely,random,,,
0.333382,0.397999,0.561873,0.750708,0.0,0.0,0.0,1.0,1.0,0.0,0.507943,0.934178,0.121982,0.480597,3,lonely,random,,,
0.709969,0.442969,0.193576,0.398764,0.0,0.0,0.0,0.0,1.0,0.0,0.399709,0.104484,0.376247,0.729934,3,lonely,random,,,
0.458063,0.017042,0.013442,0.742888,0.0,0.0,0.0,0.0,0.0,0.0,0.93195,0.209692,0.149366,0.730496,3,lonely,random,,,
0.799157,0.306311,0.796064,0.715901,1.0,1.0,0.0,1.0,1.0,1.0,0.649266,0.814412,0.685215,0.506938,2,strange,random,,,
0.642492,0.693653,0.041621,0.613035,1.0,0.0,0.0,0.0,1.0,0.0,0.426917,0.747156,0.263709,0.283548,1,warm,random,,,
0.244178,0.737115,0.760184,0.548625,0.0,0.0,0.0,1.0,1.0,1.0,0.200539,0.082671,0.43778,0.645029,3,lonely,random,,,
0.972065,0.76993,0.847626,0.384736,1.0,1.0,1.0,1.0,1.0,0.0,0.47676,0.47898,0.528354,0.134505,0,quiet,random,,,
0.740263,0.520512,0.286739,0.056906,0.0,0.0,0.0,1.0,1.0,0.0,0.366194,0.375695,0.249768,0.83539,3,lonely,random,,,
0.884655,0.051807,0.27685,0.634401,1.0,1.0,0.0,1.0,1.0,0.0,0.851678,0.557343,0.649294,0.433894,1,warm,random,,,
0.38961,0.065144,0.727616,0.792095,0.0,0.0,0.0,1.0,1.0,1.0,0.223135,0.085886,0.452692,0.060512,2,strange,random,,,
0.994125,0.081517,0.269806,0.059472,0.0,1.0,0.0,1.0,1.0,0.0,0.735946,0.210177,0.63771,0.193714,0,quiet,random,,,
0.489365,0.775133,0.735368,0.715609,0,0,1,1,1,1,0.883122,0.202591,0.191721,0.211614,0,quiet,controlled_contrast,stormy_weather,stormy_weather_068,calm_high
0.493419,0.837325,0.080319,0.098783,0,0,1,0,1,0,0.897823,0.197785,0.176817,0.191289,0,quiet,controlled_contrast,humid_night,humid_night_078,calm_high
0.294217,0.00312,0.16514,0.239776,0.0,0.0,0.0,0.0,1.0,0.0,0.744162,0.421123,0.369022,0.66153,3,lonely,random,,,
0.642958,0.521697,0.643627,0.025971,1.0,0.0,0.0,1.0,1.0,0.0,0.567375,0.531283,0.33118,0.728312,0,quiet,random,,,
0.624266,0.406496,0.001164,0.84121,0.0,0.0,0.0,0.0,0.0,0.0,0.28156,0.68079,0.508442,0.115001,2,strange,random,,,
0.489782,0.845374,0.058039,0.131533,0,0,1,0,1,0,0.902308,0.199932,0.201521,0.22622,0,quiet,controlled_contrast,humid_night,humid_night_044,calm_high
0.34393,0.889581,0.676149,0.51859,1.0,0.0,1.0,1.0,1.0,1.0,0.206725,0.656995,0.092456,0.308002,2,strange,random,,,
0.118394,0.097988,0.358531,0.09061,1.0,0.0,0.0,1.0,1.0,0.0,0.196367,0.967553,0.260684,0.088112,2,strange,random,,,
0.744111,0.270631,0.00729,0.123541,1,0,0,0,0,0,0.192899,0.899048,0.202085,0.210673,1,warm,controlled_contrast,clear_day,clear_day_037,weird_high
0.755746,0.976145,0.342401,0.241677,1.0,1.0,1.0,1.0,1.0,0.0,0.402008,0.285356,0.135936,0.738617,0,quiet,random,,,
0.489327,0.689303,0.769093,0.781112,1.0,0.0,0.0,1.0,1.0,1.0,0.30918,0.362176,0.119507,0.552391,2,strange,random,,,
0.309171,0.060024,0.817613,0.493454,0.0,0.0,0.0,1.0,1.0,1.0,0.065025,0.476683,0.215444,0.13804,2,strange,random,,,
0.196922,0.717433,0.746017,0.964156,1.0,0.0,0.0,1.0,1.0,1.0,0.139459,0.44756,0.467189,0.428632,2,strange,random,,,
0.737982,0.253172,0.021814,0.164692,1,0,0,0,0,0,0.191924,0.198658,0.891684,0.196753,1,warm,controlled_contrast,clear_day,clear_day_022,warm_high
0.495161,0.784222,0.120516,0.121551,0,0,1,0,1,0,0.889742,0.223442,0.209746,0.195433,0,quiet,controlled_contrast,humid_night,humid_night_019,calm_high
0.854555,0.828589,0.659103,0.527091,1.0,1.0,1.0,1.0,1.0,1.0,0.120351,0.688929,0.493971,0.572307,2,strange,random,,,
0.482372,0.77884,0.72869,0.670935,0,0,1,1,1,1,0.166441,0.211685,0.899322,0.203305,3,lonely,controlled_contrast,stormy_weather,stormy_weather_027,warm_high
0.446425,0.789636,0.768671,0.741157,0,0,1,1,1,1,0.899505,0.194949,0.182145,0.18315,0,quiet,controlled_contrast,stormy_weather,stormy_weather_064,calm_high
0.210263,0.355941,0.05185,0.01226,1.0,0.0,0.0,0.0,0.0,0.0,0.412495,0.115893,0.876937,0.529703,1,warm,random,,,
0.715267,0.410384,0.32026,0.002892,0.0,0.0,0.0,1.0,1.0,0.0,0.54019,0.124777,0.6949,0.264881,0,quiet,random,,,
0.881642,0.726019,0.015893,0.30155,1.0,1.0,0.0,0.0,0.0,0.0,0.530516,0.277568,0.282248,0.418929,1,warm,random,,,
0.457032,0.81383,0.036315,0.116141,0,0,1,0,1,0,0.893276,0.208369,0.178408,0.210687,0,quiet,controlled_contrast,humid_night,humid_night_075,calm_high
0.729913,0.264799,0.0,0.12909,1,0,0,0,0,0,0.195127,0.896557,0.214013,0.218635,1,warm,controlled_contrast,clear_day,clear_day_061,weird_high
0.500285,0.76458,0.742341,0.727005,0,0,1,1,1,1,0.184549,0.195522,0.901083,0.193266,3,lonely,controlled_contrast,stormy_weather,stormy_weather_078,warm_high
0.960656,0.042895,0.719956,0.865675,1.0,1.0,0.0,1.0,1.0,1.0,0.105975,0.14383,0.237286,0.708961,2,strange,random,,,
0.055658,0.727795,0.663938,0.646337,0.0,0.0,0.0,1.0,1.0,1.0,0.59514,0.947417,0.400049,0.266499,2,strange,random,,,
0.724834,0.749277,0.806998,0.511845,1.0,0.0,0.0,1.0,1.0,1.0,0.790626,0.737182,0.389446,0.374638,2,strange,random,,,
0.403787,0.773168,0.458253,0.19176,0,0,1,1,1,0,0.206089,0.201324,0.899066,0.206952,3,lonely,controlled_contrast,rainy_room,rainy_room_022,warm_high
0.550236,0.507481,0.13892,0.781299,1.0,0.0,0.0,0.0,1.0,0.0,0.694985,0.759873,0.179789,0.184035,2,strange,random,,,
0.891356,0.533539,0.686227,0.971271,0.0,1.0,0.0,1.0,1.0,1.0,0.282898,0.397604,0.64749,0.384914,2,strange,random,,,
0.075712,0.315531,0.013387,0.469913,0.0,0.0,0.0,0.0,0.0,0.0,0.568937,0.55452,0.197137,0.263023,3,lonely,random,,,
0.214428,0.411388,0.080854,0.653559,0.0,0.0,0.0,0.0,1.0,0.0,0.297221,0.518368,0.421947,0.16939,3,lonely,random,,,
0.609191,0.510994,0.832334,0.506882,1.0,0.0,0.0,1.0,1.0,1.0,0.746093,0.543103,0.502656,0.316246,2,strange,random,,,
0.64609,0.362782,0.587431,0.349819,1.0,0.0,0.0,1.0,1.0,0.0,0.229159,0.426488,0.739133,0.861945,1,warm,random,,,
0.261986,0.51614,0.705854,0.905882,1.0,0.0,0.0,1.0,1.0,1.0,0.319295,0.384505,0.228501,0.837085,2,strange,random,,,
0.610001,0.538752,0.153117,0.271551,1.0,0.0,0.0,0.0,1.0,0.0,0.936938,0.342303,0.076322,0.567534,0,quiet,random,,,
0.255965,0.581664,0.814262,0.465652,0.0,0.0,0.0,1.0,1.0,1.0,0.570989,0.560817,0.741813,0.633308,3,lonely,random,,,
0.366514,0.15256,0.345799,0.842215,1.0,0.0,0.0,1.0,1.0,0.0,0.271935,0.996149,0.23314,0.564325,2,strange,random,,,
0.398291,0.779289,0.498305,0.174375,0,0,1,1,1,0,0.903653,0.190956,0.198436,0.202508,0,quiet,controlled_contrast,rainy_room,rainy_room_014,calm_high
0.421306,0.829717,0.720169,0.751901,0,0,1,1,1,1,0.204068,0.203152,0.897801,0.183693,3,lonely,controlled_contrast,stormy_weather,stormy_weather_026,warm_high
0.711211,0.583749,0.672752,0.700361,1.0,0.0,0.0,1.0,1.0,1.0,0.162022,0.599494,0.112967,0.359479,2,strange,random,,,
0.1238,0.110709,0.725145,0.727125,1.0,0.0,0.0,1.0,1.0,1.0,0.140126,0.539055,0.595937,0.842836,2,strange,random,,,
0.734436,0.83086,0.861713,0.004917,0.0,0.0,1.0,1.0,1.0,0.0,0.699243,0.54744,0.70547,0.653854,0,quiet,random,,,
0.267691,0.989523,0.00116,0.709026,0.0,0.0,1.0,0.0,1.0,0.0,0.169422,0.219238,0.658405,0.312893,3,lonely,random,,,
0.767882,0.852598,0.226694,0.347459,0.0,1.0,1.0,1.0,1.0,0.0,0.196301,0.322597,0.465504,0.561981,3,lonely,random,,,
0.99645,0.91305,0.071293,0.980956,1.0,1.0,1.0,0.0,1.0,0.0,0.388218,0.486876,0.530035,0.828688,1,warm,random,,,
0.507265,0.809182,0.105979,0.08649,0,0,1,0,1,0,0.884862,0.200014,0.190195,0.17471,0,quiet,controlled_contrast,humid_night,humid_night_002,calm_high
0.219684,0.565661,0.282472,0.985316,0.0,0.0,0.0,1.0,1.0,0.0,0.978908,0.70228,0.262517,0.311739,0,quiet,random,,,
0.158117,0.001697,0.370728,0.683338,0.0,0.0,0.0,1.0,1.0,0.0,0.460708,0.592381,0.488381,0.239112,0,quiet,random,,,
0.576496,0.360932,0.186881,0.136799,1.0,0.0,0.0,0.0,1.0,0.0,0.466803,0.156497,0.882619,0.521189,1,warm,random,,,
0.810791,0.954153,0.421392,0.060336,1.0,1.0,1.0,1.0,1.0,0.0,0.931433,0.371255,0.738867,0.646893,0,quiet,random,,,
0.282071,0.958733,0.00419,0.948293,1.0,0.0,1.0,0.0,1.0,0.0,0.676474,0.982407,0.676871,0.104093,1,warm,random,,,
0.480978,0.183651,0.356137,0.348397,0.0,0.0,0.0,1.0,1.0,0.0,0.470634,0.364654,0.99062,0.640964,3,lonely,random,,,
0.516837,0.897325,0.855044,0.973667,1.0,0.0,1.0,1.0,1.0,1.0,0.370338,0.723282,0.543639,0.259628,2,strange,random,,,
0.663666,0.051105,0.32503,0.093914,0.0,0.0,0.0,1.0,1.0,0.0,0.521332,0.078279,0.313799,0.665349,3,lonely,random,,,
0.401271,0.042904,0.015151,0.080047,1.0,0.0,0.0,0.0,0.0,0.0,0.683529,0.972722,0.154339,0.586607,2,strange,random,,,
0.243695,0.11517,0.000724,0.387509,0.0,0.0,0.0,0.0,0.0,0.0,0.931078,0.120407,0.13414,0.643207,3,lonely,random,,,
0.71511,0.241664,0.017554,0.123825,1,0,0,0,0,0,0.191479,0.191102,0.199089,0.894926,3,lonely,controlled_contrast,clear_day,clear_day_016,lonely_high
0.380744,0.116002,0.060991,0.488988,1.0,0.0,0.0,0.0,0.0,0.0,0.732615,0.533091,0.739747,0.546072,1,warm,random,,,
0.055526,0.212632,0.025784,0.00128,0.0,0.0,0.0,0.0,0.0,0.0,0.161776,0.721097,0.395228,0.459357,3,lonely,random,,,
0.367614,0.351118,0.820046,0.91786,0.0,0.0,0.0,1.0,1.0,1.0,0.647865,0.651994,0.479391,0.658419,2,strange,random,,,
0.936508,0.087516,0.00201,0.0098,0.0,1.0,0.0,0.0,0.0,0.0,0.171502,0.641222,0.290772,0.234243,1,warm,random,,,
0.497361,0.248492,0.038952,0.16642,1,0,0,0,0,0,0.182223,0.903007,0.197447,0.218794,1,warm,controlled_contrast,neutral_weather,neutral_weather_061,weird_high
0.503949,0.814564,0.086967,0.10639,0,0,1,0,1,0,0.208486,0.210594,0.888944,0.192008,3,lonely,controlled_contrast,humid_night,humid_night_051,warm_high
0.364259,0.570704,0.663108,0.611057,1.0,0.0,0.0,1.0,1.0,1.0,0.126149,0.17353,0.449046,0.128541,2,strange,random,,,
0.531389,0.92749,0.006973,0.762858,1.0,0.0,1.0,0.0,0.0,0.0,0.519359,0.860953,0.327977,0.715011,2,strange,random,,,
0.739613,0.223093,0.02404,0.164194,1,0,0,0,0,0,0.184914,0.890879,0.208914,0.197545,2,strange,controlled_contrast,clear_day,clear_day_006,weird_high
0.708574,0.229649,0.00265,0.153569,1,0,0,0,0,0,0.208795,0.217821,0.216706,0.899763,3,lonely,controlled_contrast,clear_day,clear_day_040,lonely_high
0.499481,0.808809,0.103136,0.15045,0,0,1,0,1,0,0.918107,0.191803,0.178014,0.183839,0,quiet,controlled_contrast,humid_night,humid_night_071,calm_high
0.103056,0.255124,0.221577,0.187533,1.0,0.0,0.0,1.0,1.0,0.0,0.192415,0.055543,0.621687,0.884867,1,warm,random,,,
0.884379,0.440583,0.086873,0.529999,0.0,1.0,0.0,0.0,1.0,0.0,0.989238,0.410096,0.669579,0.223599,1,warm,random,,,
0.480266,0.99862,0.867459,0.969962,0.0,0.0,1.0,1.0,1.0,1.0,0.664065,0.434985,0.843139,0.734003,3,lonely,random,,,
0.570665,0.582422,0.000484,0.933607,0.0,0.0,0.0,0.0,0.0,0.0,0.260169,0.566669,0.602596,0.291924,3,lonely,random,,,
0.730049,0.358806,0.010845,0.090623,1.0,0.0,0.0,0.0,0.0,0.0,0.872621,0.368113,0.746545,0.553004,1,warm,random,,,
0.285433,0.71612,0.211874,0.296254,0.0,0.0,0.0,1.0,1.0,0.0,0.339758,0.128743,0.239879,0.985452,3,lonely,random,,,
0.366722,0.375337,0.013991,0.062726,1.0,0.0,0.0,0.0,0.0,0.0,0.654982,0.236627,0.29749,0.509886,1,warm,random,,,
0.452339,0.814683,0.728208,0.704492,0,0,1,1,1,1,0.197393,0.198466,0.889237,0.205112,3,lonely,controlled_contrast,stormy_weather,stormy_weather_057,warm_high
0.39449,0.215323,0.274859,0.156484,1.0,0.0,0.0,1.0,1.0,0.0,0.799223,0.376706,0.249352,0.616706,0,quiet,random,,,
0.266066,0.978628,0.028713,0.7845,1.0,0.0,1.0,0.0,1.0,0.0,0.991852,0.253676,0.529122,0.623324,0,quiet,random,,,
0.548828,0.248973,0.079311,0.163816,1,0,0,0,0,0,0.882984,0.203174,0.21173,0.202797,0,quiet,controlled_contrast,neutral_weather,neutral_weather_067,calm_high
0.346938,0.249276,0.206938,0.086081,0.0,0.0,0.0,1.0,1.0,0.0,0.294303,0.336238,0.58055,0.510397,3,lonely,random,,,
0.570496,0.004576,0.265052,0.371238,0.0,0.0,0.0,1.0,1.0,0.0,0.514279,0.402259,0.973081,0.471115,3,lonely,random,,,
0.27942,0.136552,0.829053,0.183653,1.0,0.0,0.0,1.0,1.0,0.0,0.938131,0.261446,0.183137,0.536867,0,quiet,random,,,
0.354899,0.582111,0.746103,0.629096,1.0,0.0,0.0,1.0,1.0,1.0,0.555004,0.415705,0.831379,0.602649,2,strange,random,,,
0.554405,0.081892,0.021228,0.607173,0.0,0.0,0.0,0.0,0.0,0.0,0.900947,0.38269,0.571742,0.105021,0,quiet,random,,,
0.503155,0.839109,0.100749,0.101831,0,0,1,0,1,0,0.18807,0.191758,0.18641,0.892807,3,lonely,controlled_contrast,humid_night,humid_night_041,lonely_high
0.487547,0.806552,0.699567,0.703576,0,0,1,1,1,1,0.199458,0.195637,0.911942,0.195909,3,lonely,controlled_contrast,stormy_weather,stormy_weather_020,warm_high
0.470596,0.661716,0.071171,0.343488,0.0,0.0,0.0,0.0,0.0,0.0,0.455943,0.64241,0.723564,0.449376,3,lonely,random,,,
0.967568,0.322021,0.830577,0.317379,1.0,1.0,0.0,1.0,1.0,0.0,0.205213,0.722126,0.571239,0.654356,1,warm,random,,,
0.661334,0.550267,0.359992,0.005938,1.0,0.0,0.0,1.0,1.0,0.0,0.148192,0.748984,0.749326,0.351597,1,warm,random,,,
0.168373,0.632416,4.4e-05,0.169963,0.0,0.0,0.0,0.0,0.0,0.0,0.261721,0.071098,0.558996,0.373008,3,lonely,random,,,
0.017464,0.398021,0.982124,0.469047,1.0,0.0,0.0,1.0,1.0,1.0,0.079995,0.637287,0.644927,0.531061,2,strange,random,,,
0.117516,0.693969,0.931013,0.741305,1.0,0.0,0.0,1.0,1.0,1.0,0.509962,0.164326,0.715111,0.716186,3,lonely,random,,,
0.331976,0.31474,0.04853,0.667387,1.0,0.0,0.0,0.0,0.0,0.0,0.717961,0.447926,0.207826,0.230082,1,warm,random,,,
0.069818,0.819388,0.086133,0.001473,1.0,0.0,1.0,0.0,1.0,0.0,0.57538,0.129322,0.399239,0.747412,3,lonely,random,,,
0.421306,0.829717,0.720169,0.751901,0,0,1,1,1,1,0.909662,0.205408,0.19671,0.201185,0,quiet,controlled_contrast,stormy_weather,stormy_weather_026,calm_high
0.503315,0.827714,0.077379,0.126915,0,0,1,0,1,0,0.196693,0.188481,0.908198,0.208155,3,lonely,controlled_contrast,humid_night,humid_night_067,warm_high
0.788705,0.916637,0.239867,0.97308,1.0,1.0,1.0,1.0,1.0,0.0,0.304237,0.230936,0.350452,0.06722,1,warm,random,,,
0.044933,0.13292,0.717464,0.274892,1.0,0.0,0.0,1.0,1.0,0.0,0.563285,0.72607,0.082417,0.670879,0,quiet,random,,,
0.743357,0.885529,0.034786,0.898215,0.0,0.0,1.0,0.0,1.0,0.0,0.625152,0.566341,0.11493,0.737646,3,lonely,random,,,
0.196611,0.42528,0.742836,0.86573,1.0,0.0,0.0,1.0,1.0,1.0,0.237061,0.365386,0.315611,0.570388,2,strange,random,,,
0.00872,0.802753,1.8e-05,0.959394,1.0,0.0,1.0,0.0,1.0,0.0,0.547993,0.871773,0.363653,0.315289,2,strange,random,,,
0.212424,0.69295,0.6128,0.956476,0.0,0.0,0.0,1.0,1.0,0.0,0.26682,0.548033,0.608395,0.690336,3,lonely,random,,,
0.635564,0.097057,0.605595,0.335288,1.0,0.0,0.0,1.0,1.0,0.0,0.254776,0.144754,0.205119,0.736091,3,lonely,random,,,
0.518546,0.258433,0.056851,0.168323,1,0,0,0,0,0,0.178299,0.210238,0.190719,0.891578,3,lonely,controlled_contrast,neutral_weather,neutral_weather_051,lonely_high
0.713292,0.77257,0.181332,0.726086,0.0,0.0,1.0,0.0,1.0,0.0,0.356386,0.571485,0.130042,0.520466,3,lonely,random,,,
0.709024,0.23868,0.0,0.144236,1,0,0,0,0,0,0.196679,0.208623,0.180517,0.913808,3,lonely,controlled_contrast,clear_day,clear_day_011,lonely_high
0.767627,0.914013,0.00066,0.168153,1.0,1.0,1.0,0.0,1.0,0.0,0.739533,0.147151,0.263772,0.237467,1,warm,random,,,
0.343053,0.281676,0.701611,0.935264,1.0,0.0,0.0,1.0,1.0,1.0,0.455865,0.774125,0.572519,0.080305,2,strange,random,,,
0.463373,0.056241,0.71942,0.409388,1.0,0.0,0.0,1.0,1.0,0.0,0.823072,0.260897,0.710465,0.307759,0,quiet,random,,,
0.530366,0.149478,0.035045,0.225948,0.0,0.0,0.0,0.0,0.0,0.0,0.711227,0.395468,0.444679,0.714384,3,lonely,random,,,
0.203056,0.464622,0.778229,0.960633,1.0,0.0,0.0,1.0,1.0,1.0,0.344109,0.663834,0.339,0.358591,2,strange,random,,,
0.43152,0.801058,0.423261,0.199153,0,0,1,1,1,0,0.888802,0.212837,0.192322,0.186152,0,quiet,controlled_contrast,rainy_room,rainy_room_045,calm_high
0.320038,0.015485,0.279616,0.200378,0.0,0.0,0.0,1.0,1.0,0.0,0.785854,0.434168,0.726173,0.209934,0,quiet,random,,,
0.470752,0.819737,0.106268,0.150886,0,0,1,0,1,0,0.195647,0.901007,0.20507,0.202129,3,lonely,controlled_contrast,humid_night,humid_night_039,weird_high
0.458323,0.513176,0.053675,0.266017,1.0,0.0,0.0,0.0,0.0,0.0,0.461309,0.76613,0.231768,0.622469,1,warm,random,,,
0.743911,0.156215,0.231098,0.065661,1.0,0.0,0.0,1.0,1.0,0.0,0.227018,0.293417,0.469341,0.999676,3,lonely,random,,,
0.736112,0.679719,0.86222,0.131403,1.0,0.0,0.0,1.0,1.0,0.0,0.808693,0.198724,0.688167,0.262285,0,quiet,random,,,
0.328468,0.100421,0.544527,0.145071,0.0,0.0,0.0,1.0,1.0,0.0,0.085069,0.933486,0.709358,0.06267,2,strange,random,,,
0.581805,0.398808,0.229089,0.074201,1.0,0.0,0.0,1.0,1.0,0.0,0.890399,0.683134,0.272991,0.610531,0,quiet,random,,,
0.687292,0.963218,0.659216,0.082511,0.0,0.0,1.0,1.0,1.0,0.0,0.411346,0.551542,0.0622,0.200017,0,quiet,random,,,
0.474996,0.095831,0.000978,0.581115,0.0,0.0,0.0,0.0,0.0,0.0,0.74518,0.638803,0.531363,0.26663,3,lonely,random,,,
0.429515,0.812149,0.733926,0.719681,0,0,1,1,1,1,0.218956,0.193598,0.909125,0.195831,3,lonely,controlled_contrast,stormy_weather,stormy_weather_002,warm_high
0.088854,0.535489,0.810754,0.515939,0.0,0.0,0.0,1.0,1.0,1.0,0.363072,0.966066,0.409496,0.154692,2,strange,random,,,
0.022529,0.289165,0.010829,0.955468,1.0,0.0,0.0,0.0,0.0,0.0,0.240394,0.903442,0.376387,0.502985,2,strange,random,,,
0.083664,0.032291,0.919555,0.522805,1.0,0.0,0.0,1.0,1.0,1.0,0.114842,0.819484,0.638405,0.286161,2,strange,random,,,
0.142086,0.086379,0.307489,0.025893,0.0,0.0,0.0,1.0,1.0,0.0,0.361005,0.206522,0.745251,0.365423,3,lonely,random,,,
0.50567,0.285791,0.008048,0.222945,1,0,0,0,0,0,0.907825,0.180331,0.171794,0.203172,0,quiet,controlled_contrast,neutral_weather,neutral_weather_045,calm_high
0.152458,0.714296,0.714817,0.540216,1.0,0.0,0.0,1.0,1.0,1.0,0.607055,0.365719,0.530158,0.491261,2,strange,random,,,
0.829345,0.194995,0.006558,0.266711,0.0,1.0,0.0,0.0,0.0,0.0,0.49624,0.294021,0.576416,0.660848,1,warm,random,,,
0.735531,0.9986,0.842035,0.877088,1.0,0.0,1.0,1.0,1.0,1.0,0.346473,0.651212,0.476669,0.33729,2,strange,random,,,
0.479157,0.756735,0.159172,0.767634,0.0,0.0,1.0,0.0,1.0,0.0,0.398217,0.572073,0.131264,0.697364,3,lonely,random,,,
0.331165,0.02372,0.378514,0.049217,0.0,0.0,0.0,1.0,1.0,0.0,0.203503,0.345358,0.701826,0.506391,3,lonely,random,,,
0.79493,0.003982,0.931582,0.595463,0.0,1.0,0.0,1.0,1.0,1.0,0.68008,0.311345,0.494093,0.314897,0,quiet,random,,,
0.566321,0.441357,0.001509,0.563656,0.0,0.0,0.0,0.0,0.0,0.0,0.820421,0.457733,0.136677,0.391964,3,lonely,random,,,
0.960951,0.478268,0.730193,0.179544,1.0,1.0,0.0,1.0,1.0,0.0,0.185241,0.63811,0.515837,0.194839,1,warm,random,,,
0.735963,0.795955,0.654096,0.581751,1.0,0.0,1.0,1.0,1.0,1.0,0.16775,0.339604,0.571616,0.149587,2,strange,random,,,
0.452241,0.400056,0.854087,0.759768,1.0,0.0,0.0,1.0,1.0,1.0,0.790473,0.675982,0.43685,0.260785,2,strange,random,,,
0.091019,0.472059,0.968649,0.472714,1.0,0.0,0.0,1.0,1.0,1.0,0.129264,0.369521,0.613664,0.788747,2,strange,random,,,
0.554595,0.221275,0.751014,0.591178,1.0,0.0,0.0,1.0,1.0,1.0,0.71203,0.913579,0.583667,0.170853,2,strange,random,,,
0.977205,0.187229,0.775506,0.122534,1.0,1.0,0.0,1.0,1.0,0.0,0.06902,0.595177,0.643512,0.724523,1,warm,random,,,
0.838178,0.400431,0.004405,0.046081,1.0,1.0,0.0,0.0,0.0,0.0,0.345438,0.157037,0.869927,0.24038,1,warm,random,,,
0.456056,0.803002,0.696627,0.685679,0,0,1,1,1,1,0.19517,0.216401,0.907616,0.206435,3,lonely,controlled_contrast,stormy_weather,stormy_weather_043,warm_high
0.291784,0.615837,0.906367,0.02062,0.0,0.0,0.0,1.0,1.0,0.0,0.747834,0.724219,0.366607,0.699838,3,lonely,random,,,
0.183385,0.214396,0.391412,0.522227,1.0,0.0,0.0,1.0,1.0,0.0,0.35301,0.07606,0.091766,0.457781,0,quiet,random,,,
0.305693,0.702512,0.626704,0.779559,1.0,0.0,0.0,1.0,1.0,0.0,0.151232,0.116989,0.629423,0.765402,3,lonely,random,,,
0.493826,0.2396,0.02192,0.229561,1,0,0,0,0,0,0.200587,0.889153,0.220676,0.219152,2,strange,controlled_contrast,neutral_weather,neutral_weather_020,weird_high
0.400485,0.345837,0.806316,0.708665,1.0,0.0,0.0,1.0,1.0,1.0,0.830969,0.685532,0.19907,0.689549,2,strange,random,,,
0.743533,0.234817,0.016855,0.135074,1,0,0,0,0,0,0.905577,0.207519,0.221778,0.198944,0,quiet,controlled_contrast,clear_day,clear_day_038,calm_high
0.711774,0.277146,0.0,0.094904,1,0,0,0,0,0,0.880961,0.186871,0.192551,0.198008,0,quiet,controlled_contrast,clear_day,clear_day_026,calm_high
0.452339,0.814683,0.728208,0.704492,0,0,1,1,1,1,0.238871,0.905028,0.182238,0.18832,2,strange,controlled_contrast,stormy_weather,stormy_weather_057,weird_high
0.746268,0.126435,0.515627,0.090778,1.0,0.0,0.0,1.0,1.0,0.0,0.206408,0.683775,0.452099,0.107864,1,warm,random,,,
0.081792,0.780537,0.36574,0.003587,0.0,0.0,1.0,1.0,1.0,0.0,0.157841,0.261346,0.796454,0.164241,0,quiet,random,,,
0.452531,0.273437,0.022493,0.182788,1.0,0.0,0.0,0.0,0.0,0.0,0.280886,0.523824,0.508762,0.430248,1,warm,random,,,
0.753101,0.037002,0.111427,0.687867,0.0,1.0,0.0,0.0,1.0,0.0,0.814708,0.462205,0.076756,0.244514,3,lonely,random,,,
0.482733,0.268402,0.061335,0.176731,1,0,0,0,0,0,0.905323,0.20989,0.207828,0.197298,0,quiet,controlled_contrast,neutral_weather,neutral_weather_046,calm_high
0.486036,0.236383,0.092733,0.191395,1,0,0,0,0,0,0.896284,0.212787,0.198153,0.18593,0,quiet,controlled_contrast,neutral_weather,neutral_weather_029,calm_high
0.513605,0.47444,0.256262,0.522213,1.0,0.0,0.0,1.0,1.0,0.0,0.806582,0.051743,0.422992,0.189264,0,quiet,random,,,
0.438948,0.763676,0.474931,0.163755,0,0,1,1,1,0,0.891322,0.197178,0.199456,0.194527,0,quiet,controlled_contrast,rainy_room,rainy_room_055,calm_high
0.437642,0.802562,0.126471,0.000151,0.0,0.0,1.0,0.0,1.0,0.0,0.345183,0.942023,0.061235,0.151222,3,lonely,random,,,
0.277862,0.166531,0.084547,0.741077,0.0,0.0,0.0,0.0,1.0,0.0,0.17442,0.106956,0.54225,0.096278,3,lonely,random,,,
0.007759,0.817717,0.217016,0.409219,1.0,0.0,1.0,1.0,1.0,0.0,0.591656,0.26617,0.608616,0.143884,0,quiet,random,,,
0.428891,0.835822,0.646847,0.699953,0,0,1,1,1,1,0.202875,0.910858,0.206176,0.187553,2,strange,controlled_contrast,stormy_weather,stormy_weather_056,weird_high
0.579524,0.554176,0.409333,0.301774,0.0,0.0,0.0,1.0,1.0,0.0,0.50077,0.776322,0.141284,0.55081,3,lonely,random,,,
0.414969,0.162589,0.268769,0.677087,1.0,0.0,0.0,1.0,1.0,0.0,0.735947,0.316736,0.368471,0.236577,0,quiet,random,,,
0.159013,0.018737,0.910105,0.733072,0.0,0.0,0.0,1.0,1.0,1.0,0.620308,0.835992,0.104044,0.539765,2,strange,random,,,
0.496625,0.298095,0.0507,0.149252,1,0,0,0,0,0,0.207053,0.201292,0.219087,0.914407,3,lonely,controlled_contrast,neutral_weather,neutral_weather_079,lonely_high
0.006934,0.283484,0.907767,0.577116,0.0,0.0,0.0,1.0,1.0,1.0,0.595478,0.988879,0.192975,0.390202,2,strange,random,,,
0.764745,0.255151,0.003222,0.144768,1,0,0,0,0,0,0.18603,0.202094,0.893913,0.183739,1,warm,controlled_contrast,clear_day,clear_day_048,warm_high
0.676149,0.320532,0.041102,0.001303,1.0,0.0,0.0,0.0,0.0,0.0,0.866045,0.366953,0.339849,0.638167,0,quiet,random,,,
0.091645,0.42491,0.48693,0.189867,1.0,0.0,0.0,1.0,1.0,0.0,0.79487,0.381612,0.56767,0.499345,0,quiet,random,,,
0.519184,0.614548,0.787,0.942044,1.0,0.0,0.0,1.0,1.0,1.0,0.297843,0.457227,0.76,0.702782,2,strange,random,,,
0.000527,0.30345,0.358048,0.959564,1.0,0.0,0.0,1.0,1.0,0.0,0.059766,0.883788,0.169912,0.167585,2,strange,random,,,
0.145604,0.314556,0.125395,0.168601,1.0,0.0,0.0,0.0,1.0,0.0,0.515739,0.724248,0.261015,0.363872,1,warm,random,,,
0.552798,0.303999,0.961129,0.777376,0.0,0.0,0.0,1.0,1.0,1.0,0.344088,0.519487,0.735138,0.353749,2,strange,random,,,
0.801769,0.305312,0.874189,0.021041,0.0,1.0,0.0,1.0,1.0,0.0,0.307147,0.671959,0.759155,0.092158,1,warm,random,,,
0.398677,0.872921,0.259544,0.368589,1.0,0.0,1.0,1.0,1.0,0.0,0.822895,0.728714,0.225444,0.372762,0,quiet,random,,,
0.444717,0.791247,0.768951,0.733029,0,0,1,1,1,1,0.203134,0.910169,0.182213,0.209936,2,strange,controlled_contrast,stormy_weather,stormy_weather_044,weird_high
0.522941,0.238765,0.042119,0.167608,1,0,0,0,0,0,0.910635,0.216256,0.198168,0.184828,0,quiet,controlled_contrast,neutral_weather,neutral_weather_055,calm_high
0.724843,0.225954,0.028661,0.127734,1,0,0,0,0,0,0.210976,0.200952,0.906052,0.203998,1,warm,controlled_contrast,clear_day,clear_day_027,warm_high
0.744488,0.271266,0.059862,0.099788,1,0,0,0,0,0,0.200664,0.183173,0.206936,0.905032,3,lonely,controlled_contrast,clear_day,clear_day_044,lonely_high
0.173355,0.893383,0.045932,0.01281,1.0,0.0,1.0,0.0,0.0,0.0,0.937207,0.423775,0.270076,0.356129,0,quiet,random,,,
0.021841,0.278289,0.175318,0.263849,1.0,0.0,0.0,0.0,1.0,0.0,0.405034,0.584192,0.388727,0.910715,3,lonely,random,,,
0.499065,0.349049,0.993108,0.03192,1.0,0.0,0.0,1.0,1.0,0.0,0.715755,0.204551,0.414983,0.546116,0,quiet,random,,,
0.516335,0.932609,0.538133,0.272967,1.0,0.0,1.0,1.0,1.0,0.0,0.871559,0.703946,0.38292,0.702079,0,quiet,random,,,
0.442672,0.795133,0.749037,0.707378,0,0,1,1,1,1,0.899346,0.197622,0.1957,0.197704,0,quiet,controlled_contrast,stormy_weather,stormy_weather_059,calm_high
0.030978,0.945397,0.108533,0.031176,0.0,0.0,1.0,0.0,1.0,0.0,0.6598,0.311862,0.333952,0.065433,0,quiet,random,,,
0.684609,0.910903,0.188936,0.020501,1.0,0.0,1.0,0.0,1.0,0.0,0.666677,0.551874,0.533866,0.908165,3,lonely,random,,,
0.420931,0.794325,0.437256,0.190844,0,0,1,1,1,0,0.197952,0.194877,0.209807,0.917787,3,lonely,controlled_contrast,rainy_room,rainy_room_004,lonely_high
0.435284,0.263148,0.053735,0.220091,1,0,0,0,0,0,0.195283,0.915931,0.210617,0.176895,2,strange,controlled_contrast,neutral_weather,neutral_weather_026,weird_high
0.480401,0.244304,0.084152,0.223092,1,0,0,0,0,0,0.198872,0.206159,0.191105,0.909762,3,lonely,controlled_contrast,neutral_weather,neutral_weather_006,lonely_high
0.125061,0.862275,0.226442,0.256701,1.0,0.0,1.0,1.0,1.0,0.0,0.267761,0.056312,0.088538,0.417972,0,quiet,random,,,
0.233571,0.263518,0.13823,0.650574,1.0,0.0,0.0,0.0,1.0,0.0,0.256191,0.589286,0.361876,0.168487,1,warm,random,,,
0.848845,0.053309,0.315591,0.484884,1.0,1.0,0.0,1.0,1.0,0.0,0.708368,0.320191,0.374086,0.746028,1,warm,random,,,
0.246747,0.073389,0.183269,0.916639,1.0,0.0,0.0,0.0,1.0,0.0,0.709835,0.315306,0.791327,0.106779,1,warm,random,,,
0.71299,0.711252,0.771922,0.681139,1.0,0.0,0.0,1.0,1.0,1.0,0.586894,0.704904,0.763659,0.540908,2,strange,random,,,
0.679341,0.521092,0.679724,0.159464,0.0,0.0,0.0,1.0,1.0,0.0,0.545561,0.465671,0.734423,0.221154,0,quiet,random,,,
0.64279,0.183665,0.039109,0.928853,0.0,0.0,0.0,0.0,0.0,0.0,0.170032,0.84953,0.052309,0.332901,2,strange,random,,,
0.723876,0.268474,0.001609,0.176655,1,0,0,0,0,0,0.186975,0.195555,0.91237,0.206479,1,warm,controlled_contrast,clear_day,clear_day_056,warm_high
0.377887,0.804446,0.392016,0.139568,1.0,0.0,1.0,1.0,1.0,0.0,0.274869,0.731861,0.272773,0.394746,0,quiet,random,,,
0.493826,0.2396,0.02192,0.229561,1,0,0,0,0,0,0.897001,0.197532,0.184844,0.204609,0,quiet,controlled_contrast,neutral_weather,neutral_weather_020,calm_high
0.504761,0.291045,0.074355,0.188636,1,0,0,0,0,0,0.199499,0.188521,0.206189,0.869993,3,lonely,controlled_contrast,neutral_weather,neutral_weather_047,lonely_high
0.111121,0.971692,0.045052,0.057378,0.0,0.0,1.0,0.0,1.0,0.0,0.1791,0.306572,0.347628,0.329225,3,lonely,random,,,
0.799309,0.695818,0.692903,0.833576,0.0,1.0,0.0,1.0,1.0,1.0,0.285727,0.147617,0.198341,0.317818,3,lonely,random,,,
0.231314,0.000299,0.106853,0.268045,1.0,0.0,0.0,0.0,1.0,0.0,0.689448,0.829063,0.178142,0.304769,2,strange,random,,,
0.781001,0.389358,0.450993,0.033905,0.0,1.0,0.0,1.0,1.0,0.0,0.91843,0.567641,0.270301,0.479603,0,quiet,random,,,
0.502618,0.824628,0.057964,0.091767,0,0,1,0,1,0,0.892126,0.205498,0.179393,0.225703,0,quiet,controlled_contrast,humid_night,humid_night_014,calm_high
0.697479,0.998753,0.180843,0.858841,0.0,0.0,1.0,0.0,1.0,0.0,0.674037,0.384267,0.485897,0.286035,3,lonely,random,,,
0.672554,0.76686,0.828578,0.608637,1.0,0.0,1.0,1.0,1.0,1.0,0.242604,0.507337,0.31477,0.371674,2,strange,random,,,
0.841141,0.671017,0.09463,0.437884,1.0,1.0,0.0,0.0,1.0,0.0,0.54675,0.12247,0.13477,0.169537,1,warm,random,,,
0.474703,0.100752,0.000312,0.087922,0.0,0.0,0.0,0.0,0.0,0.0,0.220929,0.592113,0.699147,0.502749,3,lonely,random,,,
0.63193,0.770876,0.051995,0.746024,1.0,0.0,1.0,0.0,0.0,0.0,0.053478,0.725922,0.293806,0.399225,1,warm,random,,,
0.063768,0.811325,0.862822,0.061866,0.0,0.0,1.0,1.0,1.0,0.0,0.5643,0.952441,0.479492,0.475797,0,quiet,random,,,
0.414153,0.793601,0.70453,0.760352,0,0,1,1,1,1,0.211385,0.197541,0.898664,0.199578,3,lonely,controlled_contrast,stormy_weather,stormy_weather_000,warm_high
0.924349,0.692011,0.086856,0.485549,1.0,1.0,0.0,0.0,1.0,0.0,0.942165,0.261343,0.539419,0.611846,1,warm,random,,,
0.74848,0.223834,0.032665,0.160568,1,0,0,0,0,0,0.209418,0.207435,0.191376,0.880027,3,lonely,controlled_contrast,clear_day,clear_day_065,lonely_high
0.505046,0.18864,0.068418,0.786597,1.0,0.0,0.0,0.0,0.0,0.0,0.156552,0.168321,0.594215,0.2336,1,warm,random,,,
0.082356,0.670199,0.785851,0.068293,1.0,0.0,0.0,1.0,1.0,0.0,0.740726,0.32821,0.067432,0.971604,3,lonely,random,,,
0.345979,0.024922,0.066897,0.705518,1.0,0.0,0.0,0.0,0.0,0.0,0.664154,0.511096,0.254038,0.396634,1,warm,random,,,
0.058811,0.766866,0.336326,0.652933,0.0,0.0,1.0,1.0,1.0,0.0,0.811061,0.676585,0.462558,0.62842,0,quiet,random,,,
0.412162,0.807751,0.768984,0.755181,0,0,1,1,1,1,0.184296,0.189145,0.910685,0.213753,3,lonely,controlled_contrast,stormy_weather,stormy_weather_041,warm_high
0.398501,0.877033,0.95675,0.104631,0.0,0.0,1.0,1.0,1.0,0.0,0.423407,0.422284,0.1321,0.71106,3,lonely,random,,,
0.093729,0.60283,0.024896,0.949258,0.0,0.0,0.0,0.0,0.0,0.0,0.09833,0.970204,0.154584,0.303914,2,strange,random,,,
0.506907,0.268731,0.066313,0.216348,1,0,0,0,0,0,0.208715,0.910701,0.178013,0.203978,2,strange,controlled_contrast,neutral_weather,neutral_weather_075,weird_high
0.942456,0.965906,0.558701,0.408113,0.0,1.0,1.0,1.0,1.0,0.0,0.053114,0.521761,0.700257,0.237558,3,lonely,random,,,
0.899217,0.15934,0.353364,0.15545,1.0,1.0,0.0,1.0,1.0,0.0,0.515303,0.45199,0.141274,0.659533,0,quiet,random,,,
0.797754,0.781435,0.033175,0.044073,1.0,1.0,1.0,0.0,1.0,0.0,0.654423,0.111838,0.183306,0.90558,3,lonely,random,,,
0.506299,0.212939,0.271972,0.108406,1.0,0.0,0.0,1.0,1.0,0.0,0.477373,0.555672,0.453349,0.498367,0,quiet,random,,,
0.839532,0.938865,0.378681,0.407365,1.0,1.0,1.0,1.0,1.0,0.0,0.297289,0.538619,0.303353,0.59696,1,warm,random,,,
0.462237,0.479337,0.050977,0.309684,0.0,0.0,0.0,0.0,0.0,0.0,0.069483,0.465597,0.345881,0.366381,3,lonely,random,,,
0.118736,0.653739,0.76634,0.252677,0.0,0.0,0.0,1.0,1.0,0.0,0.691701,0.630476,0.481568,0.42483,3,lonely,random,,,
0.611702,0.207693,0.754417,0.013472,1.0,0.0,0.0,1.0,1.0,0.0,0.960082,0.258039,0.434991,0.121764,0,quiet,random,,,
0.248801,0.890393,0.709805,0.032961,1.0,0.0,1.0,1.0,1.0,0.0,0.550008,0.451936,0.367605,0.518008,0,quiet,random,,,
0.277139,0.887596,0.917423,0.982105,0.0,0.0,1.0,1.0,1.0,1.0,0.433271,0.444651,0.936236,0.245585,2,strange,random,,,
0.761594,0.174025,0.439904,0.526051,1.0,1.0,0.0,1.0,1.0,0.0,0.415422,0.193403,0.286925,0.768093,1,warm,random,,,
0.610719,0.290119,0.031993,0.314576,1.0,0.0,0.0,0.0,0.0,0.0,0.244205,0.461682,0.153651,0.34076,1,warm,random,,,
0.285227,0.201836,0.663724,0.859764,1.0,0.0,0.0,1.0,1.0,1.0,0.291266,0.939673,0.457137,0.3782,2,strange,random,,,
0.498529,0.593726,0.000604,0.558691,0.0,0.0,0.0,0.0,0.0,0.0,0.688404,0.720063,0.52827,0.10185,2,strange,random,,,
0.735572,0.128376,0.482141,0.357814,1.0,0.0,0.0,1.0,1.0,0.0,0.31392,0.595962,0.257639,0.073308,0,quiet,random,,,
0.364156,0.769021,0.436742,0.18704,0,0,1,1,1,0,0.163899,0.209608,0.915056,0.216221,3,lonely,controlled_contrast,rainy_room,rainy_room_043,warm_high
0.718817,0.072678,0.465724,0.434047,1.0,0.0,0.0,1.0,1.0,0.0,0.121935,0.981491,0.141933,0.532844,2,strange,random,,,
0.328351,0.326144,0.78362,0.827025,0.0,0.0,0.0,1.0,1.0,1.0,0.774936,0.46566,0.514987,0.239823,2,strange,random,,,
0.883758,0.026182,0.076712,0.561617,1.0,1.0,0.0,0.0,0.0,0.0,0.35512,0.388619,0.642417,0.233927,1,warm,random,,,
0.437635,0.269942,0.008069,0.020427,0.0,0.0,0.0,0.0,0.0,0.0,0.110264,0.450897,0.205611,0.979649,3,lonely,random,,,
0.502538,0.233492,0.085103,0.723565,1.0,0.0,0.0,0.0,1.0,0.0,0.578679,0.484123,0.397625,0.618536,1,warm,random,,,
0.175358,0.148732,0.085619,0.202201,1.0,0.0,0.0,0.0,1.0,0.0,0.466624,0.887903,0.321143,0.338957,1,warm,random,,,
0.509832,0.2917,0.675651,0.266203,1.0,0.0,0.0,1.0,1.0,0.0,0.767812,0.186911,0.441923,0.602067,0,quiet,random,,,
0.590131,0.992892,0.838905,0.717652,1.0,0.0,1.0,1.0,1.0,1.0,0.692046,0.845888,0.425618,0.658988,2,strange,random,,,
0.092673,0.62837,0.067167,0.204349,0.0,0.0,0.0,0.0,0.0,0.0,0.067564,0.246947,0.56392,0.244488,3,lonely,random,,,
0.889272,0.178298,0.034835,0.067993,0.0,1.0,0.0,0.0,0.0,0.0,0.359703,0.733154,0.530728,0.541629,1,warm,random,,,
0.503316,0.219901,0.052777,0.182964,1,0,0,0,0,0,0.19793,0.910044,0.197397,0.200797,2,strange,controlled_contrast,neutral_weather,neutral_weather_035,weird_high
0.507842,0.362818,0.001533,0.03242,0.0,0.0,0.0,0.0,0.0,0.0,0.237334,0.086483,0.298497,0.302026,3,lonely,random,,,
0.464448,0.33701,0.035728,0.144851,0.0,0.0,0.0,0.0,0.0,0.0,0.665949,0.968438,0.684937,0.107352,2,strange,random,,,
0.064441,0.159534,0.05333,0.48631,1.0,0.0,0.0,0.0,0.0,0.0,0.062096,0.999359,0.391441,0.279105,2,strange,random,,,
0.38417,0.366526,0.657317,0.602042,0.0,0.0,0.0,1.0,1.0,1.0,0.344975,0.561303,0.863843,0.44678,2,strange,random,,,
0.764745,0.255151,0.003222,0.144768,1,0,0,0,0,0,0.893713,0.196597,0.198214,0.203293,0,quiet,controlled_contrast,clear_day,clear_day_048,calm_high
0.421849,0.893229,0.372384,0.00091,0.0,0.0,1.0,1.0,1.0,0.0,0.733266,0.282813,0.60348,0.199251,0,quiet,random,,,
0.091516,0.660807,0.141512,0.90586,1.0,0.0,0.0,0.0,1.0,0.0,0.672996,0.280167,0.900907,0.352928,1,warm,random,,,
0.413557,0.799904,0.452945,0.183852,0,0,1,1,1,0,0.201624,0.199636,0.896743,0.19531,3,lonely,controlled_contrast,rainy_room,rainy_room_041,warm_high
0.977718,0.171076,0.067721,0.344211,1.0,1.0,0.0,0.0,0.0,0.0,0.070787,0.053799,0.12532,0.519117,1,warm,random,,,
0.733971,0.224704,0.020429,0.121149,1,0,0,0,0,0,0.195655,0.229033,0.898459,0.191283,1,warm,controlled_contrast,clear_day,clear_day_008,warm_high
0.095567,0.006486,0.655717,0.63064,1.0,0.0,0.0,1.0,1.0,1.0,0.05353,0.257913,0.056947,0.182681,2,strange,random,,,
0.361813,0.443068,0.211579,0.112994,1.0,0.0,0.0,1.0,1.0,0.0,0.719686,0.65571,0.735867,0.21258,0,quiet,random,,,
0.478212,0.251553,0.036333,0.197165,1,0,0,0,0,0,0.195371,0.205063,0.905841,0.209377,1,warm,controlled_contrast,neutral_weather,neutral_weather_059,warm_high
0.042155,0.813336,0.544718,0.178477,1.0,0.0,1.0,1.0,1.0,0.0,0.991498,0.448483,0.114138,0.349743,0,quiet,random,,,
0.911495,0.749543,0.895363,0.791591,1.0,1.0,0.0,1.0,1.0,1.0,0.746124,0.561874,0.233865,0.601917,2,strange,random,,,
0.750482,0.241649,0.039419,0.495333,0.0,1.0,0.0,0.0,0.0,0.0,0.109648,0.5849,0.600588,0.536204,1,warm,random,,,
0.46975,0.827384,0.06911,0.133603,0,0,1,0,1,0,0.896542,0.19579,0.193373,0.203319,0,quiet,controlled_contrast,humid_night,humid_night_042,calm_high
0.559586,0.057567,0.248889,0.283557,1.0,0.0,0.0,1.0,1.0,0.0,0.119091,0.426949,0.057893,0.462376,3,lonely,random,,,
0.503287,0.386065,0.723743,0.95968,0.0,0.0,0.0,1.0,1.0,1.0,0.759207,0.669537,0.562691,0.202933,2,strange,random,,,
0.819344,0.946071,0.281475,0.060158,1.0,1.0,1.0,1.0,1.0,0.0,0.165968,0.143901,0.624689,0.652462,1,warm,random,,,
0.43738,0.973463,0.251838,0.028206,0.0,0.0,1.0,1.0,1.0,0.0,0.360989,0.474285,0.739058,0.224814,0,quiet,random,,,
0.084708,0.839196,0.858096,0.269735,0.0,0.0,1.0,1.0,1.0,0.0,0.304336,0.559088,0.307902,0.449853,3,lonely,random,,,
0.916475,0.479037,0.56243,0.1051,0.0,1.0,0.0,1.0,1.0,0.0,0.609696,0.45387,0.854708,0.395736,3,lonely,random,,,
0.73908,0.571051,0.036308,0.521801,1.0,0.0,0.0,0.0,0.0,0.0,0.371239,0.246896,0.504493,0.259955,1,warm,random,,,
0.020566,0.119938,0.672022,0.707655,1.0,0.0,0.0,1.0,1.0,1.0,0.530248,0.754995,0.712636,0.115943,2,strange,random,,,
0.663894,0.757132,0.000254,0.581745,1.0,0.0,1.0,0.0,1.0,0.0,0.579578,0.725038,0.254055,0.455229,3,lonely,random,,,
0.070657,0.939742,0.541859,0.782741,1.0,0.0,1.0,1.0,1.0,0.0,0.307843,0.621354,0.367618,0.057819,0,quiet,random,,,
0.769347,0.221963,0.003424,0.137983,1,0,0,0,0,0,0.202974,0.219406,0.213007,0.886595,3,lonely,controlled_contrast,clear_day,clear_day_004,lonely_high
0.209092,0.384916,0.237193,0.053989,1.0,0.0,0.0,1.0,1.0,0.0,0.060111,0.30689,0.186026,0.068873,1,warm,random,,,
0.303445,0.669179,0.001269,0.356808,0.0,0.0,0.0,0.0,0.0,0.0,0.57893,0.088382,0.664474,0.549664,3,lonely,random,,,
0.458911,0.15903,0.985609,0.922821,1.0,0.0,0.0,1.0,1.0,1.0,0.336552,0.880673,0.535846,0.245628,2,strange,random,,,
0.791732,0.136789,1.9e-05,0.235832,0.0,1.0,0.0,0.0,0.0,0.0,0.338559,0.91856,0.070753,0.323472,2,strange,random,,,
0.486503,0.886984,0.887894,0.872543,1.0,0.0,1.0,1.0,1.0,1.0,0.38671,0.849038,0.617243,0.643598,2,strange,random,,,
0.791258,0.000784,0.392331,0.395459,1.0,1.0,0.0,1.0,1.0,0.0,0.503502,0.814876,0.345311,0.438246,1,warm,random,,,
0.738448,0.375736,0.028186,0.761078,1.0,0.0,0.0,0.0,0.0,0.0,0.591679,0.735136,0.134588,0.107889,2,strange,random,,,
0.09251,0.305019,0.505702,0.627445,1.0,0.0,0.0,1.0,1.0,0.0,0.422363,0.546436,0.378457,0.774447,3,lonely,random,,,
0.495161,0.784222,0.120516,0.121551,0,0,1,0,1,0,0.198624,0.194604,0.206626,0.906095,3,lonely,controlled_contrast,humid_night,humid_night_019,lonely_high
0.101296,0.372572,0.505732,0.555537,1.0,0.0,0.0,1.0,1.0,0.0,0.38581,0.188419,0.666311,0.357211,1,warm,random,,,
0.366782,0.876593,0.735212,0.21879,1.0,0.0,1.0,1.0,1.0,0.0,0.525125,0.112357,0.504448,0.945215,3,lonely,random,,,
0.029664,0.628032,0.050522,0.273109,1.0,0.0,0.0,0.0,0.0,0.0,0.427845,0.825122,0.173861,0.577671,2,strange,random,,,
0.278869,0.465971,0.917412,0.952519,1.0,0.0,0.0,1.0,1.0,1.0,0.050605,0.749957,0.145873,0.507835,2,strange,random,,,
0.562824,0.629351,0.594825,0.014726,1.0,0.0,0.0,1.0,1.0,0.0,0.380382,0.481852,0.877649,0.149342,1,warm,random,,,
0.532835,0.91606,0.100244,0.033205,1.0,0.0,1.0,0.0,1.0,0.0,0.342147,0.119148,0.679315,0.925145,3,lonely,random,,,
0.255246,0.01416,0.013077,0.178655,1.0,0.0,0.0,0.0,0.0,0.0,0.373421,0.966731,0.242643,0.372143,2,strange,random,,,
0.74855,0.148548,0.487406,0.859722,1.0,0.0,0.0,1.0,1.0,0.0,0.406051,0.57759,0.257096,0.325957,0,quiet,random,,,
0.482372,0.77884,0.72869,0.670935,0,0,1,1,1,1,0.914449,0.21045,0.219382,0.207802,0,quiet,controlled_contrast,stormy_weather,stormy_weather_027,calm_high
0.402272,0.804365,0.710527,0.745143,0,0,1,1,1,1,0.186153,0.198879,0.891829,0.195343,3,lonely,controlled_contrast,stormy_weather,stormy_weather_016,warm_high
0.976675,0.307431,0.888453,0.715859,0.0,1.0,0.0,1.0,1.0,1.0,0.488552,0.720914,0.40477,0.56241,2,strange,random,,,
0.25961,0.886292,0.141044,0.729107,0.0,0.0,1.0,0.0,1.0,0.0,0.379877,0.065536,0.693278,0.646559,3,lonely,random,,,
0.825175,0.169261,0.351249,0.015409,1.0,1.0,0.0,1.0,1.0,0.0,0.107939,0.770238,0.32367,0.624062,1,warm,random,,,
0.890733,0.395793,0.344085,0.390485,1.0,1.0,0.0,1.0,1.0,0.0,0.893876,0.230055,0.520623,0.153203,0,quiet,random,,,
0.589941,0.158293,0.599495,0.070329,0.0,0.0,0.0,1.0,1.0,0.0,0.613654,0.812689,0.148081,0.392729,0,quiet,random,,,
0.306934,0.988874,0.004513,0.063919,1.0,0.0,1.0,0.0,1.0,0.0,0.742158,0.559754,0.155454,0.624321,0,quiet,random,,,
0.08645,0.113883,0.697997,0.657955,1.0,0.0,0.0,1.0,1.0,1.0,0.641611,0.732622,0.494237,0.530152,2,strange,random,,,
0.554096,0.002991,0.87891,0.884408,1.0,0.0,0.0,1.0,1.0,1.0,0.652618,0.913735,0.107914,0.126255,2,strange,random,,,
0.172332,0.946102,0.254802,0.02439,0.0,0.0,1.0,1.0,1.0,0.0,0.251767,0.377556,0.863695,0.424697,3,lonely,random,,,
0.472549,0.810324,0.731222,0.715807,0,0,1,1,1,1,0.885273,0.201163,0.194354,0.201108,0,quiet,controlled_contrast,stormy_weather,stormy_weather_040,calm_high
0.698649,0.261611,0.0,0.113565,1,0,0,0,0,0,0.213215,0.900291,0.186362,0.184146,2,strange,controlled_contrast,clear_day,clear_day_073,weird_high
0.504983,0.027966,0.053625,0.563654,0.0,0.0,0.0,0.0,0.0,0.0,0.597726,0.16235,0.419803,0.092892,1,warm,random,,,
0.022274,0.970062,0.671165,0.966935,0.0,0.0,1.0,1.0,1.0,1.0,0.68632,0.11106,0.237359,0.807928,3,lonely,random,,,
0.725544,0.773597,0.751544,0.993928,1.0,0.0,1.0,1.0,1.0,1.0,0.28818,0.583478,0.144458,0.58276,2,strange,random,,,
0.642846,0.779993,0.329956,0.090643,0.0,0.0,1.0,1.0,1.0,0.0,0.715738,0.061112,0.806969,0.267202,0,quiet,random,,,
0.418072,0.400509,0.84399,0.449247,1.0,0.0,0.0,1.0,1.0,0.0,0.237044,0.239899,0.648651,0.328281,1,warm,random,,,
0.541317,0.201591,0.280714,0.727173,0.0,0.0,0.0,1.0,1.0,0.0,0.120661,0.292442,0.589671,0.482748,3,lonely,random,,,
0.585946,0.597792,0.634235,0.554618,1.0,0.0,0.0,1.0,1.0,0.0,0.483863,0.099833,0.076589,0.562192,0,quiet,random,,,
0.614044,0.121865,0.421523,0.006635,0.0,0.0,0.0,1.0,1.0,0.0,0.579139,0.236309,0.093609,0.305834,0,quiet,random,,,
0.501584,0.736138,0.211457,0.105897,1.0,0.0,0.0,1.0,1.0,0.0,0.632468,0.53957,0.24271,0.660084,0,quiet,random,,,
0.487421,0.812635,0.097172,0.144091,0,0,1,0,1,0,0.209173,0.206683,0.912212,0.202974,3,lonely,controlled_contrast,humid_night,humid_night_033,warm_high
0.541561,0.215965,0.00371,0.017001,1.0,0.0,0.0,0.0,0.0,0.0,0.926543,0.564137,0.722434,0.250243,1,warm,random,,,
0.67023,0.802822,0.01644,0.206626,0.0,0.0,1.0,0.0,1.0,0.0,0.276789,0.944375,0.707642,0.674669,3,lonely,random,,,
0.507875,0.801792,0.068082,0.089508,0,0,1,0,1,0,0.887367,0.19632,0.193894,0.20906,0,quiet,controlled_contrast,humid_night,humid_night_028,calm_high
0.795483,0.316959,0.521606,0.765017,1.0,1.0,0.0,1.0,1.0,0.0,0.387687,0.742637,0.311475,0.87759,3,lonely,random,,,
0.438174,0.800966,0.744083,0.734746,0,0,1,1,1,1,0.178344,0.178308,0.892547,0.186475,3,lonely,controlled_contrast,stormy_weather,stormy_weather_035,warm_high
0.943411,0.917911,0.552054,0.43553,1.0,1.0,1.0,1.0,1.0,0.0,0.447138,0.59595,0.361785,0.758965,3,lonely,random,,,
0.100043,0.16958,0.891317,0.79362,0.0,0.0,0.0,1.0,1.0,1.0,0.106384,0.770574,0.620592,0.671247,2,strange,random,,,
0.46804,0.570898,0.081916,0.476207,1.0,0.0,0.0,0.0,1.0,0.0,0.120437,0.62359,0.842903,0.354132,1,warm,random,,,
0.977839,0.394012,0.532903,0.024095,1.0,1.0,0.0,1.0,1.0,0.0,0.29674,0.169645,0.3357,0.375186,1,warm,random,,,
0.678316,0.30312,0.172881,0.46453,1.0,0.0,0.0,0.0,1.0,0.0,0.069513,0.614334,0.068462,0.525116,3,lonely,random,,,
0.720406,0.215229,0.472059,0.747933,1.0,0.0,0.0,1.0,1.0,0.0,0.097315,0.440177,0.685374,0.924551,3,lonely,random,,,
0.668331,0.835971,0.089289,0.296262,0.0,0.0,1.0,0.0,1.0,0.0,0.329154,0.880525,0.528972,0.078324,3,lonely,random,,,
0.723248,0.273352,0.0,0.167705,1,0,0,0,0,0,0.889104,0.208493,0.191463,0.188457,0,quiet,controlled_contrast,clear_day,clear_day_067,calm_high
0.992411,0.355087,0.04568,0.006722,0.0,1.0,0.0,0.0,0.0,0.0,0.711372,0.685804,0.111961,0.698095,3,lonely,random,,,
0.869266,0.749359,0.031073,0.686177,1.0,1.0,0.0,0.0,1.0,0.0,0.745455,0.091802,0.235016,0.581959,1,warm,random,,,
0.869325,0.792668,0.255069,0.426633,1.0,1.0,1.0,1.0,1.0,0.0,0.673497,0.774673,0.186403,0.344967,0,quiet,random,,,
0.714004,0.042734,0.511771,0.105973,0.0,0.0,0.0,1.0,1.0,0.0,0.829302,0.396715,0.185611,0.349054,0,quiet,random,,,
0.699937,0.253324,0.008887,0.156802,1,0,0,0,0,0,0.198238,0.204592,0.896597,0.217775,1,warm,controlled_contrast,clear_day,clear_day_042,warm_high
0.254138,0.648609,0.903539,0.240569,1.0,0.0,0.0,1.0,1.0,0.0,0.630587,0.506655,0.860462,0.32632,0,quiet,random,,,
0.619449,0.028555,0.00998,0.052655,1.0,0.0,0.0,0.0,0.0,0.0,0.605028,0.78261,0.195732,0.137955,1,warm,random,,,
0.575129,0.036509,0.822225,0.649912,1.0,0.0,0.0,1.0,1.0,1.0,0.93505,0.500546,0.504486,0.477118,0,quiet,random,,,
0.481164,0.80875,0.073456,0.112015,0,0,1,0,1,0,0.195671,0.897413,0.198922,0.219535,3,lonely,controlled_contrast,humid_night,humid_night_064,weird_high
0.577891,0.534506,0.522695,0.816157,1.0,0.0,0.0,1.0,1.0,0.0,0.59167,0.788041,0.608107,0.490724,1,warm,random,,,
0.922252,0.289549,0.00484,0.888015,1.0,1.0,0.0,0.0,0.0,0.0,0.594934,0.478329,0.886713,0.454311,1,warm,random,,,
0.74814,0.799425,0.830429,0.917477,1.0,0.0,1.0,1.0,1.0,1.0,0.352665,0.417964,0.220942,0.617604,2,strange,random,,,
0.400103,0.216394,0.000341,0.134196,1.0,0.0,0.0,0.0,0.0,0.0,0.172504,0.915283,0.062717,0.093821,2,strange,random,,,
0.301753,0.941224,0.758398,0.036234,1.0,0.0,1.0,1.0,1.0,0.0,0.228521,0.064849,0.118935,0.573346,0,quiet,random,,,
0.7377,0.617024,0.634853,0.766767,1.0,0.0,0.0,1.0,1.0,0.0,0.293429,0.189052,0.333903,0.183485,1,warm,random,,,
0.496272,0.825785,0.834115,0.760728,1.0,0.0,1.0,1.0,1.0,1.0,0.372187,0.342371,0.357529,0.268022,2,strange,random,,,
0.927636,0.494965,0.271311,0.063976,1.0,1.0,0.0,1.0,1.0,0.0,0.415284,0.462491,0.851065,0.649699,1,warm,random,,,
0.47398,0.236257,0.056246,0.192646,1,0,0,0,0,0,0.1933,0.908138,0.183926,0.201593,2,strange,controlled_contrast,neutral_weather,neutral_weather_066,weird_high
0.74848,0.223834,0.032665,0.160568,1,0,0,0,0,0,0.192264,0.903276,0.179409,0.202548,2,strange,controlled_contrast,clear_day,clear_day_065,weird_high
0.608412,0.884675,0.004649,0.239254,1.0,0.0,1.0,0.0,0.0,0.0,0.125405,0.75307,0.373601,0.604309,1,warm,random,,,
0.525548,0.840425,0.098325,0.138125,0,0,1,0,1,0,0.205128,0.192661,0.190974,0.907899,3,lonely,controlled_contrast,humid_night,humid_night_053,lonely_high
0.192537,0.283714,0.444555,0.082179,1.0,0.0,0.0,1.0,1.0,0.0,0.592155,0.066124,0.68784,0.748046,0,quiet,random,,,
0.226194,0.343196,0.66708,0.97357,1.0,0.0,0.0,1.0,1.0,1.0,0.823303,0.664038,0.296836,0.085355,2,strange,random,,,
0.139606,0.96402,0.059995,0.956832,1.0,0.0,1.0,0.0,1.0,0.0,0.962434,0.533735,0.226526,0.12928,0,quiet,random,,,
0.472545,0.423036,0.545493,0.826755,1.0,0.0,0.0,1.0,1.0,0.0,0.460412,0.08082,0.784585,0.486652,1,warm,random,,,
0.183288,0.188552,0.000359,0.739396,1.0,0.0,0.0,0.0,0.0,0.0,0.513425,0.161481,0.549947,0.834126,1,warm,random,,,
0.460005,0.819733,0.720939,0.709062,0,0,1,1,1,1,0.19719,0.907354,0.181584,0.215593,2,strange,controlled_contrast,stormy_weather,stormy_weather_039,weird_high
0.507849,0.277774,0.058806,0.190225,1,0,0,0,0,0,0.209641,0.882154,0.195853,0.202083,2,strange,controlled_contrast,neutral_weather,neutral_weather_058,weird_high
0.932932,0.021104,0.451129,0.67259,1.0,1.0,0.0,1.0,1.0,0.0,0.051111,0.252305,0.73328,0.271371,1,warm,random,,,
0.802705,0.584215,0.349059,0.033462,0.0,1.0,0.0,1.0,1.0,0.0,0.647773,0.586693,0.050592,0.262697,0,quiet,random,,,
0.79,0.815806,0.147232,0.011906,0.0,1.0,1.0,0.0,1.0,0.0,0.236335,0.079082,0.732784,0.560442,3,lonely,random,,,
0.637679,0.597284,0.348658,0.004878,0.0,0.0,0.0,1.0,1.0,0.0,0.197828,0.073085,0.573311,0.534342,3,lonely,random,,,
0.926905,0.000479,0.213568,0.290316,0.0,1.0,0.0,1.0,1.0,0.0,0.677624,0.570736,0.789606,0.602587,3,lonely,random,,,
0.05803,0.349624,0.06861,0.606887,1.0,0.0,0.0,0.0,0.0,0.0,0.721401,0.056043,0.291416,0.568115,1,warm,random,,,
0.54912,0.55793,0.164621,0.519741,1.0,0.0,0.0,0.0,1.0,0.0,0.598637,0.371374,0.398975,0.119863,1,warm,random,,,
0.425099,0.810997,0.479511,0.169871,0,0,1,1,1,0,0.903827,0.197477,0.190212,0.2121,0,quiet,controlled_contrast,rainy_room,rainy_room_072,calm_high
0.299005,0.2633,0.481368,0.060466,1.0,0.0,0.0,1.0,1.0,0.0,0.435893,0.674098,0.478086,0.065162,0,quiet,random,,,
0.511346,0.850191,0.094933,0.118146,0,0,1,0,1,0,0.211616,0.21207,0.898936,0.205049,3,lonely,controlled_contrast,humid_night,humid_night_038,warm_high
0.70043,0.133703,0.140437,0.864935,0.0,0.0,0.0,0.0,1.0,0.0,0.413659,0.734275,0.387828,0.059202,2,strange,random,,,
0.411549,0.649424,0.073408,0.413003,1.0,0.0,0.0,0.0,0.0,0.0,0.595782,0.894528,0.129079,0.328787,2,strange,random,,,
0.007026,0.361594,0.030784,0.983741,1.0,0.0,0.0,0.0,0.0,0.0,0.193534,0.860971,0.188573,0.074488,2,strange,random,,,
0.434065,0.251916,0.904935,0.746263,1.0,0.0,0.0,1.0,1.0,1.0,0.622933,0.402891,0.531531,0.213459,2,strange,random,,,
0.653339,0.270494,0.205676,0.181247,0.0,0.0,0.0,1.0,1.0,0.0,0.5919,0.511194,0.06702,0.101694,0,quiet,random,,,
0.851788,0.991353,0.228218,0.232564,0.0,1.0,1.0,1.0,1.0,0.0,0.293707,0.856247,0.446453,0.712956,3,lonely,random,,,
0.334373,0.66116,0.67748,0.029177,0.0,0.0,0.0,1.0,1.0,0.0,0.112372,0.709838,0.512279,0.460473,3,lonely,random,,,
0.92373,0.190522,0.681194,0.210355,0.0,1.0,0.0,1.0,1.0,0.0,0.970563,0.431049,0.439621,0.359422,0,quiet,random,,,
0.541768,0.114124,0.417443,0.562146,1.0,0.0,0.0,1.0,1.0,0.0,0.093542,0.39673,0.732502,0.11273,1,warm,random,,,
0.697384,0.57562,0.576798,0.8432,1.0,0.0,0.0,1.0,1.0,0.0,0.589356,0.472299,0.501292,0.136089,0,quiet,random,,,
0.697389,0.985109,0.104771,0.242698,1.0,0.0,1.0,0.0,1.0,0.0,0.548629,0.563872,0.091779,0.277779,0,quiet,random,,,
